Source_Port_ID,Dest_Port_ID,Vessel_Type,Cargo_Type,Distance_KM,Transit_Days,Fuel_Cost_USD,Port_Dues_USD,Revenue_USD,Profit_USD,Profit_Margin,Fill_Rate,Market_Price_Mult,Turnaround_Hours,Dest_Demand_Score,Optimization_Score
CPT,RTM,Tanker,Fuel Oil,9642.1,17.88,398584.0,96803.0,82107.0,-681423.0,-8.2992,0.9689,1.0089,24,47.52,-0.213
NYK,JEA,LNG_Carrier,LNG,11017.6,13.06,1116313.0,113830.0,25551.0,-1400454.0,-54.8096,0.9499,1.0247,61,57.69,-0.5066
SAN,JEA,Container_Ship,Machinery,12181.9,13.92,1354101.0,71927.0,195174.0,-1439610.0,-7.376,0.8734,1.1639,42,88.67,-0.77
HOU,CPT,LNG_Carrier,LPG,13853.3,17.37,1456814.0,96542.0,19850.0,-1794027.0,-90.3769,0.8255,1.1451,67,46.79,-0.4802
SGP,CPT,LNG_Carrier,LPG,9665.9,11.76,941916.0,73538.0,16516.0,-1175354.0,-71.1626,0.7671,1.0253,66,31.45,-0.2429
HAM,RTM,Tanker,Chemical,406.5,0.74,16528.0,125879.0,123984.0,-29528.0,-0.2382,0.801,0.9105,33,31.81,-0.0092
SHA,SAN,Bulk_Carrier,Bauxite,18568.6,32.48,465670.0,82327.0,7156.0,-1028066.0,-143.6745,0.8213,0.9681,24,57.56,-0.2955
KHI,BUS,Reefer,Refrigerated Goods,5990.8,8.09,198422.0,73586.0,10724.0,-382629.0,-35.679,0.7718,0.965,26,50.04,-0.1447
SGP,COL,Bulk_Carrier,Coal,2732.3,5.38,84799.0,68445.0,19628.0,-214391.0,-10.9229,0.7758,1.004,49,50.37,-0.0941
CPT,KHI,Reefer,Pharmaceuticals,8308.9,11.94,301107.0,54289.0,88057.0,-446405.0,-5.0695,0.8807,1.0415,70,67.3,-0.2074
NYK,SGP,LNG_Carrier,LNG,15342.9,19.47,1500269.0,124767.0,29166.0,-1887970.0,-64.7317,0.9556,1.1627,45,86.76,-0.8959
BUS,TYO,Tanker,Chemical,959.3,1.56,32310.0,120081.0,134753.0,-41063.0,-0.3047,0.7796,1.0168,38,77.03,-0.0301
HAM,LAG,Tanker,Crude Oil,5272.3,8.7,173921.0,90176.0,14814.0,-379742.0,-25.6347,0.8413,1.1739,20,81.69,-0.2415
NYK,HOU,LNG_Carrier,LPG,2277.1,2.83,207279.0,152445.0,17122.0,-385077.0,-22.4898,0.7928,1.0284,37,37.96,-0.1302
JEA,ANT,Bulk_Carrier,Grain,5160.9,10.01,140157.0,93972.0,45073.0,-339261.0,-7.5269,0.8237,1.0858,30,78.4,-0.208
NYK,TYO,Container_Ship,Containers,10853.1,11.94,1207791.0,168663.0,81062.0,-1474556.0,-18.1905,0.8322,0.9019,52,30.33,-0.282
NYK,RTM,LNG_Carrier,LNG,5858.2,7.71,584494.0,133322.0,24017.0,-809409.0,-33.702,0.9015,1.0149,54,62.17,-0.3823
RTM,SYD,Bulk_Carrier,Bauxite,16689.6,29.44,423333.0,112235.0,10298.0,-966936.0,-93.8979,0.968,1.182,66,57.4,-0.2919
NYK,HOU,Reefer,Refrigerated Goods,2277.1,3.33,87261.0,158034.0,11166.0,-284130.0,-25.4464,0.8343,0.9294,65,32.09,-0.0812
JEA,BUS,Container_Ship,Electronics,7055.4,8.1,815962.0,94787.0,243585.0,-788710.0,-3.2379,0.7795,1.0416,38,76.78,-0.4385
HAM,SHA,Tanker,Fuel Oil,8527.4,14.46,275344.0,120544.0,95371.0,-517378.0,-5.4249,0.9282,1.2232,50,36.95,-0.1309
MUM,SHA,Tanker,Chemical,5043.9,8.14,168838.0,80916.0,155298.0,-216563.0,-1.3945,0.8817,1.0361,29,73.86,-0.1257
RTM,HAM,Tanker,Chemical,406.5,0.69,13004.0,120224.0,157283.0,13712.0,0.0872,0.8696,1.064,19,77.45,0.0104
SYD,TYO,Bulk_Carrier,Coal,7825.8,14.44,203717.0,129590.0,23250.0,-526659.0,-22.6524,0.9082,1.0158,23,46.28,-0.1713
RTM,ANT,Container_Ship,Auto Parts,78.1,0.08,9002.0,127697.0,302553.0,164611.0,0.5441,0.9492,1.1806,54,63.76,0.1045
KHI,SYD,Bulk_Carrier,Grain,11020.1,19.56,292931.0,83330.0,44451.0,-625200.0,-14.0649,0.7516,1.1734,47,57.1,-0.2238
SYD,LAX,Reefer,Refrigerated Goods,12054.8,15.37,333120.0,112678.0,12936.0,-663413.0,-51.2836,0.7954,1.1295,31,66.38,-0.2668
MUM,SHA,Reefer,Frozen Fish,5043.9,7.05,178874.0,94667.0,14408.0,-364928.0,-25.3273,0.8395,0.9535,51,89.75,-0.2574
LAX,JEA,Tanker,Chemical,13447.6,25.32,528468.0,110679.0,135547.0,-883368.0,-6.517,0.8551,0.9325,35,83.75,-0.4286
RTM,SGP,LNG_Carrier,LPG,10534.9,13.9,1050020.0,112496.0,20845.0,-1350154.0,-64.7697,0.9243,1.0739,39,55.02,-0.4735
RTM,BUS,Tanker,Crude Oil,8936.6,15.45,326705.0,103304.0,15521.0,-646197.0,-41.6341,0.8462,1.2227,63,66.58,-0.2902
RTM,MUM,Reefer,Frozen Fish,6887.0,9.25,194494.0,100331.0,17402.0,-416141.0,-23.914,0.9926,0.974,43,62.6,-0.1899
KHI,ANT,LNG_Carrier,LNG,5992.6,7.9,540254.0,75218.0,22050.0,-711928.0,-32.2864,0.8715,0.9639,21,60.09,-0.3232
KHI,RTM,Bulk_Carrier,Grain,5993.9,10.5,159234.0,77345.0,50303.0,-343786.0,-6.8343,0.9545,1.0456,71,70.89,-0.1841
SHA,KHI,Bulk_Carrier,Coal,5340.0,10.34,161892.0,69483.0,21307.0,-365149.0,-17.1375,0.7837,1.0789,69,59.29,-0.168
SYD,HOU,Bulk_Carrier,Iron Ore,13818.5,27.04,398968.0,127131.0,18702.0,-913012.0,-48.8191,0.8834,1.0692,27,50.49,-0.264
NYK,CPT,LNG_Carrier,LPG,12566.3,15.97,1117074.0,96959.0,15027.0,-1438623.0,-95.7379,0.758,0.9441,40,38.16,-0.327
CPT,TYO,Container_Ship,Electronics,14727.6,15.38,1592083.0,112472.0,294436.0,-1640828.0,-5.5728,0.8072,1.2158,27,82.55,-0.7545
SYD,SAN,Container_Ship,Machinery,13322.4,14.87,1448460.0,91520.0,207770.0,-1555199.0,-7.4852,0.8699,1.2439,49,67.77,-0.613
SHA,BUS,Bulk_Carrier,Coal,832.1,1.63,24501.0,114804.0,23349.0,-140440.0,-6.0148,0.9409,0.9848,63,89.56,-0.1204
ANT,MUM,Bulk_Carrier,Grain,6885.8,13.98,195121.0,89742.0,50058.0,-444519.0,-8.88,0.9032,1.0997,23,88.96,-0.2883
BUS,LAX,Bulk_Carrier,Coal,9637.7,19.45,264977.0,109277.0,27689.0,-638319.0,-23.0528,0.9194,1.1951,20,30.29,-0.1272
TYO,JEA,Tanker,Fuel Oil,7963.6,14.4,306929.0,109658.0,81925.0,-550718.0,-6.7222,0.8684,1.1232,55,63.07,-0.2429
SGP,SAN,Bulk_Carrier,Coal,15934.4,30.6,464562.0,78204.0,22195.0,-979509.0,-44.1321,0.7531,1.1695,43,78.8,-0.4149
SAN,JEA,Tanker,Fuel Oil,12181.9,22.08,419747.0,78726.0,68707.0,-760950.0,-11.0753,0.7912,1.0338,66,43.73,-0.2007
BUS,ANT,Bulk_Carrier,Grain,8997.1,15.72,227876.0,115361.0,54493.0,-524574.0,-9.6264,0.922,1.1727,66,35.38,-0.1249
LAG,CPT,Reefer,Refrigerated Goods,4761.1,6.21,164028.0,55501.0,12077.0,-300566.0,-24.8881,0.8679,0.9664,22,31.13,-0.0744
SYD,HAM,Container_Ship,Auto Parts,16284.4,18.71,2085926.0,120645.0,266142.0,-2221021.0,-8.3452,0.8183,1.2046,27,53.85,-0.6364
LAX,TYO,LNG_Carrier,LPG,8839.0,10.73,772402.0,142531.0,22145.0,-1053785.0,-47.5864,0.8441,1.2493,43,67.94,-0.4847
ANT,SHA,Reefer,Perishables,8980.7,12.73,273872.0,105529.0,9570.0,-560719.0,-58.5921,0.8571,1.0338,29,39.14,-0.1478
SAN,MUM,Bulk_Carrier,Iron Ore,13740.7,27.57,364769.0,70939.0,15289.0,-833929.0,-54.5428,0.8258,0.9351,25,41.07,-0.1966
JEA,CPT,Bulk_Carrier,Bauxite,7606.3,14.44,199530.0,68574.0,9442.0,-475213.0,-50.3295,0.9203,1.14,59,77.99,-0.2627
LAX,JEA,Container_Ship,Electronics,13447.6,15.49,1713943.0,112806.0,276032.0,-1783073.0,-6.4597,0.8342,1.103,62,51.21,-0.529
SYD,CPT,Tanker,Fuel Oil,11011.7,18.87,386115.0,90553.0,89526.0,-670155.0,-7.4856,0.8649,1.2323,54,65.22,-0.2741
LAG,TYO,Bulk_Carrier,Iron Ore,13474.1,27.33,423171.0,115392.0,21211.0,-927281.0,-43.7162,0.9421,1.1371,48,33.27,-0.1786
SGP,JEA,LNG_Carrier,LPG,5858.9,8.15,694469.0,88267.0,18464.0,-886528.0,-48.0145,0.8891,0.9888,24,39.81,-0.2681
KHI,BUS,Bulk_Carrier,Grain,5990.8,10.56,143607.0,68254.0,53267.0,-316952.0,-5.9503,0.9057,1.1669,19,80.46,-0.1927
SAN,SHA,Reefer,Pharmaceuticals,18568.6,25.29,673320.0,93651.0,90173.0,-1056217.0,-11.7132,0.8261,1.1371,49,71.9,-0.3792
CPT,RTM,LNG_Carrier,LNG,9642.1,12.85,950448.0,82572.0,20282.0,-1205520.0,-59.4388,0.7907,0.9771,67,43.85,-0.3476
LAX,MUM,Bulk_Carrier,Grain,14043.2,25.6,414784.0,97460.0,45537.0,-850674.0,-18.6811,0.8322,1.0856,41,73.01,-0.3532
JEA,SGP,Bulk_Carrier,Bauxite,5858.9,10.56,166458.0,85744.0,8043.0,-402550.0,-50.0525,0.8966,0.9967,45,84.97,-0.2599
RTM,JEA,Reefer,Pharmaceuticals,5176.2,6.6,150569.0,95070.0,81574.0,-263026.0,-3.2244,0.8795,0.9661,33,65.35,-0.1343
RTM,JEA,Bulk_Carrier,Coal,5176.2,9.39,153805.0,108622.0,27981.0,-375332.0,-13.4139,0.9558,1.1617,70,87.68,-0.2572
NYK,SHA,LNG_Carrier,LPG,11860.8,15.1,1260123.0,118968.0,22542.0,-1582979.0,-70.2223,0.8626,1.2444,64,79.26,-0.7649
SYD,LAG,Tanker,Chemical,15517.5,28.15,609073.0,93890.0,142476.0,-982751.0,-6.8977,0.8958,0.9356,51,38.79,-0.2074
LAG,LAX,LNG_Carrier,LPG,12430.0,16.1,1103739.0,100824.0,20199.0,-1425847.0,-70.5903,0.9784,0.9831,59,69.87,-0.5961
RTM,LAX,Reefer,Refrigerated Goods,8985.5,11.93,251292.0,115668.0,15219.0,-530693.0,-34.8705,0.8743,1.2088,36,57.18,-0.2043
TYO,COL,Bulk_Carrier,Coal,6846.1,11.99,165989.0,98478.0,25736.0,-418557.0,-16.2634,0.913,1.1185,65,51.21,-0.1565
SYD,NYK,Tanker,Fuel Oil,15985.3,29.15,538037.0,137077.0,77856.0,-1034519.0,-13.2875,0.8759,1.0582,19,60.25,-0.3346
ANT,HAM,LNG_Carrier,LPG,453.6,0.55,38413.0,124381.0,21410.0,-149614.0,-6.9882,0.9471,1.0765,51,43.29,-0.0632
KHI,CPT,Tanker,Crude Oil,8308.9,15.66,288559.0,54601.0,11015.0,-567061.0,-51.4787,0.7599,0.9664,46,59.25,-0.2319
ANT,SAN,Tanker,Crude Oil,9716.8,17.71,369689.0,84621.0,18135.0,-701769.0,-38.6959,0.9708,1.2454,45,62.45,-0.2875
KHI,NYK,Tanker,Chemical,11689.8,19.07,395092.0,103699.0,161616.0,-623168.0,-3.8559,0.8625,1.1022,59,55.94,-0.2137
MUM,CPT,Reefer,Frozen Fish,8227.2,10.35,248909.0,63467.0,16753.0,-450935.0,-26.9173,0.9234,1.0079,39,40.33,-0.1259
MUM,JEA,Bulk_Carrier,Coal,1954.2,3.78,52458.0,69952.0,21858.0,-157314.0,-7.1969,0.9203,0.9425,70,56.47,-0.0804
LAG,SYD,LNG_Carrier,LPG,15517.5,18.67,1615993.0,88340.0,17635.0,-1966818.0,-111.5309,0.8648,0.9711,20,80.34,-0.8598
COL,LAG,Tanker,Fuel Oil,8435.8,13.69,268905.0,52277.0,82615.0,-443872.0,-5.3728,0.8758,1.123,58,60.63,-0.1849
JEA,RTM,Container_Ship,Electronics,5176.2,5.43,643833.0,96514.0,321824.0,-499955.0,-1.5535,0.9562,1.1219,31,83.32,-0.3256
HAM,RTM,LNG_Carrier,LNG,406.5,0.51,40123.0,118064.0,29609.0,-136255.0,-4.6018,0.9581,1.1773,27,31.71,-0.0423
RTM,MUM,Tanker,Fuel Oil,6887.0,12.23,272569.0,100183.0,66701.0,-489575.0,-7.3399,0.7693,1.0322,24,31.82,-0.1135
LAG,SGP,Reefer,Perishables,11147.2,14.48,368959.0,68492.0,11694.0,-642913.0,-54.9783,0.8743,1.2385,55,38.18,-0.1532
JEA,ANT,Reefer,Perishables,5160.9,6.51,139878.0,96923.0,9684.0,-324754.0,-33.534,0.8059,1.1127,42,46.82,-0.1189
NYK,SHA,Bulk_Carrier,Grain,11860.8,21.13,278412.0,122838.0,50728.0,-667537.0,-13.1592,0.9774,1.0298,39,47.33,-0.1926
HAM,SYD,Reefer,Refrigerated Goods,16284.4,22.01,497190.0,120215.0,13122.0,-934503.0,-71.2182,0.8096,1.1255,27,73.56,-0.3658
LAX,SHA,Bulk_Carrier,Grain,10457.0,18.24,252344.0,120688.0,45649.0,-600992.0,-13.1656,0.9232,0.9811,47,37.81,-0.1452
ANT,CPT,Bulk_Carrier,Grain,9566.7,17.29,267847.0,88542.0,52365.0,-563341.0,-10.7579,0.9479,1.0961,39,34.09,-0.1266
ANT,SHA,LNG_Carrier,LNG,8980.7,12.22,862044.0,121843.0,26519.0,-1140731.0,-43.0161,0.8536,1.1835,23,51.84,-0.3983
JEA,CPT,Reefer,Refrigerated Goods,7606.3,11.01,242687.0,70206.0,13289.0,-464824.0,-34.9793,0.8971,1.0287,66,59.49,-0.196
NYK,BUS,Bulk_Carrier,Iron Ore,11254.3,21.65,302254.0,117789.0,14539.0,-730239.0,-50.2275,0.7681,0.956,45,65.49,-0.2975
NYK,MUM,Bulk_Carrier,Iron Ore,12555.7,25.52,394871.0,97163.0,19885.0,-854966.0,-42.9946,0.8624,1.1645,29,76.38,-0.3892
HOU,LAX,Container_Ship,Auto Parts,2204.4,2.48,264204.0,132205.0,281659.0,-152017.0,-0.5397,0.8508,1.2261,42,80.44,-0.1093
JEA,HAM,LNG_Carrier,LNG,4892.2,6.22,450226.0,94476.0,29007.0,-608939.0,-20.9927,0.9512,1.1618,25,63.45,-0.3057
CPT,LAX,Reefer,Perishables,16044.7,21.71,462162.0,84676.0,12384.0,-860038.0,-69.449,0.9378,1.2227,18,67.03,-0.3089
SYD,SHA,Bulk_Carrier,Grain,7881.4,15.3,248471.0,118217.0,49919.0,-546320.0,-10.9441,0.8601,1.1515,38,85.71,-0.3285
SYD,MUM,Bulk_Carrier,Bauxite,10150.5,18.43,256491.0,85497.0,7203.0,-611222.0,-84.8601,0.7934,1.0087,61,37.75,-0.149
BUS,JEA,LNG_Carrier,LNG,7055.4,8.95,680924.0,84793.0,27902.0,-872064.0,-31.2541,0.8902,1.194,46,66.88,-0.4224
RTM,SHA,Tanker,Fuel Oil,8927.2,15.43,334468.0,112098.0,64558.0,-613476.0,-9.5027,0.7555,1.0173,58,88.92,-0.3681
ANT,CPT,LNG_Carrier,LNG,9566.7,12.53,1012674.0,86876.0,28119.0,-1259381.0,-44.7877,0.9472,1.1309,56,66.31,-0.5507
COL,TYO,Container_Ship,Machinery,6846.1,8.23,932708.0,105504.0,158477.0,-1003176.0,-6.3301,0.8626,0.9569,43,69.36,-0.508
LAG,HAM,Container_Ship,Containers,5272.3,6.15,614145.0,83533.0,103383.0,-686487.0,-6.6403,0.7691,1.2446,71,40.13,-0.2144
ANT,NYK,Bulk_Carrier,Iron Ore,5881.5,11.05,177202.0,136106.0,15698.0,-463312.0,-29.5138,0.85,0.9328,50,84.66,-0.2977
ANT,COL,Reefer,Pharmaceuticals,8396.7,11.44,251258.0,80806.0,80295.0,-423324.0,-5.2721,0.8393,0.9966,19,60.03,-0.1749
LAX,JEA,LNG_Carrier,LPG,13447.6,18.35,1548846.0,99798.0,15507.0,-1908431.0,-123.0662,0.7789,0.948,64,78.92,-0.8726
SYD,HAM,Reefer,Refrigerated Goods,16284.4,20.59,532951.0,115138.0,13799.0,-943148.0,-68.3502,0.8387,1.1425,61,49.6,-0.2489
SAN,JEA,LNG_Carrier,LPG,12181.9,14.55,1111800.0,78834.0,17811.0,-1391075.0,-78.1002,0.8705,0.9744,32,44.82,-0.3761
MUM,SAN,Tanker,Chemical,13740.7,23.6,507870.0,64470.0,188996.0,-737364.0,-3.9015,0.923,1.2044,49,76.34,-0.3231
TYO,COL,Reefer,Pharmaceuticals,6846.1,9.83,225979.0,107082.0,94674.0,-385766.0,-4.0747,0.9553,1.0323,65,85.06,-0.2396
SHA,NYK,Bulk_Carrier,Iron Ore,11860.8,24.11,320476.0,119070.0,15898.0,-785292.0,-49.3949,0.7552,1.0632,25,64.99,-0.3111
HOU,SAN,Container_Ship,Auto Parts,7942.5,9.51,1137913.0,106514.0,232106.0,-1154984.0,-4.9761,0.8062,1.0663,44,50.65,-0.4094
COL,TYO,Bulk_Carrier,Iron Ore,6846.1,13.55,192949.0,110025.0,19688.0,-486480.0,-24.7093,0.9356,1.0628,52,88.35,-0.3138
TYO,HOU,LNG_Carrier,LPG,10740.5,14.83,1033909.0,142796.0,19518.0,-1379649.0,-70.6877,0.9333,0.9958,38,30.45,-0.2659
LAG,SGP,Bulk_Carrier,Bauxite,11147.2,21.7,285035.0,82064.0,8994.0,-683582.0,-76.0029,0.8069,1.2385,33,74.55,-0.3181
SGP,MUM,LNG_Carrier,LNG,3906.7,5.07,381132.0,79685.0,24585.0,-512214.0,-20.8345,0.8602,1.0887,39,67.36,-0.2849
COL,SHA,Container_Ship,Auto Parts,5092.6,5.58,663792.0,77877.0,259190.0,-566165.0,-2.1844,0.7742,1.2399,70,76.62,-0.3403
SHA,COL,Container_Ship,Containers,5092.6,5.36,563128.0,82131.0,80811.0,-644918.0,-7.9806,0.8067,0.9276,40,89.28,-0.4516
TYO,CPT,Tanker,Fuel Oil,14727.6,25.3,562329.0,103117.0,77843.0,-967029.0,-12.4229,0.7813,1.1861,45,84.23,-0.4537
SAN,SHA,Bulk_Carrier,Coal,18568.6,34.75,565632.0,95269.0,28045.0,-1154136.0,-41.1526,0.9289,1.1981,65,33.6,-0.1937
TYO,LAG,Tanker,Chemical,13474.1,22.28,427640.0,116703.0,168381.0,-710087.0,-4.2172,0.9161,1.0812,47,76.16,-0.313
HOU,JEA,Bulk_Carrier,Coal,13157.3,23.39,383874.0,110683.0,20769.0,-824693.0,-39.7084,0.7555,1.0909,65,53.13,-0.2562
LAG,SYD,Bulk_Carrier,Iron Ore,15517.5,31.52,465316.0,89662.0,23715.0,-1004043.0,-42.3377,0.9582,1.2499,70,75.75,-0.4138
HOU,TYO,Container_Ship,Auto Parts,10740.5,11.54,1353869.0,147471.0,235466.0,-1438986.0,-6.1112,0.9204,0.9475,71,82.2,-0.7487
SHA,JEA,Tanker,Fuel Oil,6458.3,11.94,235169.0,88958.0,73534.0,-429681.0,-5.8433,0.7865,1.113,40,32.29,-0.1029
MUM,SGP,Tanker,Fuel Oil,3906.7,7.08,165062.0,76348.0,61714.0,-285867.0,-4.6322,0.8056,0.9119,66,34.39,-0.0812
KHI,BUS,LNG_Carrier,LNG,5990.8,8.07,598728.0,66551.0,25066.0,-761299.0,-30.3713,0.8261,1.1559,25,84.86,-0.4881
COL,SGP,Bulk_Carrier,Grain,2732.3,5.26,85924.0,76614.0,43205.0,-198234.0,-4.5882,0.8946,0.9582,21,67.61,-0.1168
LAG,BUS,Tanker,Crude Oil,12692.5,22.41,454942.0,80127.0,12174.0,-859076.0,-70.5683,0.7595,1.0686,55,48.05,-0.2449
MUM,JEA,Bulk_Carrier,Iron Ore,1954.2,3.71,59984.0,73376.0,21732.0,-167332.0,-7.6997,0.9086,1.208,28,67.89,-0.1028
LAX,SAN,Reefer,Pharmaceuticals,9942.3,13.27,345780.0,100316.0,86783.0,-558424.0,-6.4347,0.8626,1.048,68,63.41,-0.2304
HAM,HOU,Reefer,Perishables,8306.0,10.44,247626.0,139053.0,10682.0,-532639.0,-49.8632,0.9525,1.0384,62,41.9,-0.1541
ANT,SYD,Reefer,Pharmaceuticals,16725.3,23.29,595453.0,117754.0,93799.0,-968712.0,-10.3275,0.8768,1.1144,37,51.9,-0.2642
JEA,SAN,LNG_Carrier,LPG,12181.9,15.9,1200328.0,70053.0,19193.0,-1489646.0,-77.6141,0.957,0.955,63,71.18,-0.6396
SHA,SAN,Bulk_Carrier,Coal,18568.6,36.58,506769.0,88121.0,22620.0,-1120918.0,-49.5538,0.8016,1.1198,30,77.69,-0.4349
NYK,HOU,Tanker,Crude Oil,2277.1,3.89,87520.0,148291.0,11048.0,-283167.0,-25.6316,0.7529,0.9782,29,69.08,-0.1742
CPT,LAG,Bulk_Carrier,Coal,4761.1,8.35,121124.0,61992.0,23491.0,-284815.0,-12.1245,0.7568,1.2318,69,73.22,-0.1659
ANT,KHI,LNG_Carrier,LNG,5992.6,8.1,621618.0,74444.0,31577.0,-785924.0,-24.8889,0.9757,1.2329,35,48.2,-0.2862
BUS,NYK,Bulk_Carrier,Coal,11254.3,21.63,303960.0,125402.0,18878.0,-734939.0,-38.9307,0.7545,0.9929,39,38.11,-0.1742
LAG,HOU,Bulk_Carrier,Iron Ore,10488.9,19.18,313304.0,94122.0,19951.0,-675244.0,-33.8454,0.932,1.0811,39,84.9,-0.366
MUM,RTM,LNG_Carrier,LPG,6887.0,9.49,821398.0,92350.0,15393.0,-1040633.0,-67.6029,0.7591,0.9656,59,65.29,-0.4952
LAX,LAG,Bulk_Carrier,Grain,12430.0,24.15,361625.0,99726.0,48203.0,-775450.0,-16.087,0.9363,1.0215,39,72.99,-0.3387
HAM,SGP,Container_Ship,Machinery,10154.8,11.0,1178370.0,103873.0,173522.0,-1273746.0,-7.3406,0.9004,1.0037,53,30.02,-0.247
ANT,LAX,Tanker,Chemical,9036.9,14.87,343820.0,121696.0,189132.0,-499361.0,-2.6403,0.9997,1.1129,65,84.49,-0.2835
NYK,HOU,LNG_Carrier,LPG,2277.1,2.79,223812.0,137538.0,21200.0,-381977.0,-18.018,0.8673,1.1639,32,62.54,-0.2127
COL,LAG,LNG_Carrier,LNG,8435.8,11.02,939904.0,58707.0,24983.0,-1138853.0,-45.5842,0.9026,1.0545,63,69.37,-0.5428
CPT,LAX,Tanker,Fuel Oil,16044.7,26.67,615924.0,84544.0,85274.0,-1015307.0,-11.9064,0.8806,1.1529,35,84.96,-0.4622
ANT,SGP,Bulk_Carrier,Iron Ore,10551.1,18.75,267841.0,94053.0,20147.0,-622947.0,-30.9208,0.8167,1.2459,33,45.19,-0.1793
LAG,SHA,Bulk_Carrier,Bauxite,12229.8,23.8,347386.0,83808.0,8238.0,-779974.0,-94.6809,0.8423,1.0867,56,67.68,-0.3179
SHA,NYK,Tanker,Fuel Oil,11860.8,21.63,423845.0,119036.0,72151.0,-795225.0,-11.0217,0.8571,1.0021,34,70.26,-0.3406
SGP,LAG,Reefer,Perishables,11147.2,15.39,345682.0,82047.0,10164.0,-648483.0,-63.8005,0.8308,1.1328,58,57.72,-0.2337
ANT,SGP,Bulk_Carrier,Grain,10551.1,18.93,254132.0,93938.0,51669.0,-580425.0,-11.2336,0.8643,1.1862,39,30.71,-0.1135
LAX,BUS,Container_Ship,Electronics,9637.7,10.74,1168924.0,108516.0,336789.0,-1101808.0,-3.2715,0.9424,1.1912,43,45.7,-0.3312
JEA,RTM,Reefer,Pharmaceuticals,5176.2,6.89,178307.0,101958.0,76843.0,-306729.0,-3.9917,0.868,0.9221,54,39.54,-0.0948
LAG,SAN,Tanker,Fuel Oil,6362.4,11.11,244737.0,66618.0,78150.0,-399789.0,-5.1156,0.7593,1.2253,25,51.88,-0.1544
BUS,SGP,Bulk_Carrier,Iron Ore,4583.4,9.0,135363.0,87144.0,17035.0,-340451.0,-19.9856,0.8196,1.0497,69,44.73,-0.1221
SGP,MUM,Reefer,Refrigerated Goods,3906.7,4.98,116254.0,80936.0,13878.0,-258033.0,-18.5933,0.897,1.0744,67,67.81,-0.1445
COL,LAG,LNG_Carrier,LNG,8435.8,10.68,822237.0,58513.0,24018.0,-1017004.0,-42.3427,0.9103,1.0052,30,75.66,-0.5287
NYK,RTM,Container_Ship,Auto Parts,5858.2,7.05,824892.0,136526.0,248310.0,-818822.0,-3.2976,0.7523,1.2225,40,62.6,-0.3894
KHI,COL,Reefer,Frozen Fish,2418.3,3.39,74360.0,42933.0,16626.0,-151488.0,-9.1114,0.919,1.0051,46,71.69,-0.0961
SYD,MUM,Reefer,Perishables,10150.5,12.75,274212.0,94122.0,9113.0,-550544.0,-60.4106,0.8893,0.9488,70,62.63,-0.2227
SGP,BUS,Container_Ship,Containers,4583.4,5.03,552775.0,100757.0,116767.0,-612274.0,-5.2436,0.983,1.0999,47,68.7,-0.3372
RTM,JEA,Tanker,Chemical,5176.2,8.77,168434.0,100029.0,211465.0,-188529.0,-0.8915,0.9995,1.2445,58,65.47,-0.0965
JEA,MUM,Reefer,Perishables,1954.2,2.75,69630.0,70046.0,7645.0,-173207.0,-22.6567,0.7613,0.9298,36,42.88,-0.0672
BUS,NYK,Reefer,Perishables,11254.3,14.39,365570.0,128360.0,11935.0,-697873.0,-58.472,0.8878,1.2447,32,59.93,-0.2601
SGP,HAM,Bulk_Carrier,Coal,10154.8,19.76,301266.0,112662.0,28449.0,-681896.0,-23.9692,0.9591,1.1771,64,67.56,-0.2975
BUS,ANT,Tanker,Fuel Oil,8997.1,14.89,304791.0,108865.0,72278.0,-564656.0,-7.8123,0.8207,1.0484,71,34.87,-0.1325
LAX,ANT,Container_Ship,Auto Parts,9036.9,10.38,1201785.0,123906.0,285885.0,-1195498.0,-4.1817,0.9957,1.0635,42,48.25,-0.3876
NYK,SYD,Container_Ship,Machinery,15985.3,17.75,2080692.0,139318.0,141347.0,-2344841.0,-16.5892,0.7955,0.9255,29,44.87,-0.5647
CPT,TYO,Reefer,Refrigerated Goods,14727.6,18.41,452271.0,107811.0,10929.0,-825376.0,-75.5242,0.8256,0.9192,56,40.62,-0.1868
LAG,SGP,Reefer,Pharmaceuticals,11147.2,15.14,382663.0,74705.0,103403.0,-581043.0,-5.6192,0.9791,1.1001,55,68.95,-0.2501
SYD,MUM,Tanker,Crude Oil,10150.5,16.32,301481.0,86727.0,16561.0,-616387.0,-37.2189,0.9948,1.1098,71,52.48,-0.209
CPT,LAX,Tanker,Crude Oil,16044.7,30.16,575066.0,92260.0,14902.0,-1104830.0,-74.1383,0.9962,0.9973,49,80.07,-0.474
HOU,HAM,LNG_Carrier,LNG,8306.0,11.13,904403.0,142015.0,20178.0,-1193123.0,-59.13,0.844,0.9107,44,77.38,-0.6374
SHA,NYK,Container_Ship,Containers,11860.8,13.75,1533408.0,127709.0,95178.0,-1772237.0,-18.6203,0.7728,1.1403,50,82.1,-0.887
SAN,HAM,Container_Ship,Containers,10166.5,11.06,1315240.0,100678.0,99635.0,-1482238.0,-14.8767,0.9821,0.9394,38,41.04,-0.3928
LAG,NYK,Tanker,Chemical,8481.1,15.75,356404.0,100988.0,144746.0,-548928.0,-3.7923,0.7655,1.1123,27,89.06,-0.3353
COL,BUS,LNG_Carrier,LNG,5911.7,8.11,637635.0,78405.0,23665.0,-813981.0,-34.3966,0.8956,1.0066,52,36.08,-0.2226
SAN,ANT,Reefer,Pharmaceuticals,9716.8,13.67,360671.0,94237.0,82602.0,-577289.0,-6.9888,0.9017,0.9542,64,85.85,-0.3251
SAN,RTM,Bulk_Carrier,Grain,9775.5,18.24,289010.0,105608.0,45665.0,-622549.0,-13.6331,0.9627,0.9412,45,55.56,-0.2264
LAX,KHI,Tanker,Fuel Oil,13476.2,25.31,509461.0,90816.0,80351.0,-899504.0,-11.1947,0.8103,1.1806,25,44.8,-0.2333
KHI,LAX,Tanker,Chemical,13476.2,22.7,414976.0,88080.0,192485.0,-651127.0,-3.3827,0.9774,1.1584,52,74.08,-0.2792
RTM,NYK,Tanker,Crude Oil,5858.2,10.87,223393.0,142464.0,14974.0,-513965.0,-34.3228,0.8196,1.218,37,34.61,-0.1351
SYD,ANT,Tanker,Fuel Oil,16725.3,29.76,669645.0,114531.0,87851.0,-1142770.0,-13.0081,0.9709,1.0772,40,53.05,-0.3185
KHI,SAN,Reefer,Pharmaceuticals,13337.2,16.76,373220.0,61973.0,98702.0,-587964.0,-5.957,0.9157,1.1228,37,80.4,-0.2748
ANT,CPT,Bulk_Carrier,Grain,9566.7,19.4,306643.0,82543.0,47000.0,-633203.0,-13.4724,0.906,1.0293,57,37.12,-0.155
SYD,SGP,LNG_Carrier,LNG,6299.1,7.48,519004.0,110592.0,21133.0,-720737.0,-34.1047,0.8026,1.0031,44,30.52,-0.1641
SYD,CPT,Bulk_Carrier,Bauxite,11011.7,19.79,279167.0,83485.0,6720.0,-652836.0,-97.1422,0.7815,0.9555,42,72.99,-0.2988
LAX,COL,Tanker,Crude Oil,15107.0,27.3,598981.0,82715.0,15168.0,-1075965.0,-70.938,0.8382,1.2063,48,79.08,-0.4686
LAX,JEA,Tanker,Fuel Oil,13447.6,22.15,465987.0,102230.0,84547.0,-815977.0,-9.6512,0.9336,1.0781,57,40.53,-0.1916
SYD,COL,Tanker,Crude Oil,8748.1,14.99,315456.0,85210.0,14694.0,-610798.0,-41.5679,0.8797,1.1136,27,81.46,-0.3379
SAN,JEA,Tanker,Crude Oil,12181.9,19.6,364249.0,72828.0,14683.0,-716360.0,-48.7897,0.8874,1.1031,70,46.1,-0.1992
COL,HAM,Bulk_Carrier,Bauxite,8074.9,15.19,245934.0,77090.0,10664.0,-540244.0,-50.6601,0.9894,1.1975,49,35.25,-0.1326
LAG,CPT,Container_Ship,Containers,4761.1,5.66,543280.0,53858.0,96811.0,-585234.0,-6.0451,0.9367,0.957,58,30.4,-0.1415
LAX,NYK,LNG_Carrier,LNG,3948.9,5.11,400154.0,153207.0,28000.0,-601956.0,-21.4982,0.8925,1.1951,27,56.1,-0.2783
MUM,HOU,LNG_Carrier,LNG,14456.2,17.91,1278753.0,105396.0,25899.0,-1626968.0,-62.8192,0.9178,1.075,33,72.16,-0.6593
COL,SGP,Reefer,Frozen Fish,2732.3,3.64,90232.0,74415.0,13583.0,-205733.0,-15.1467,0.79,0.9552,28,39.44,-0.0707
COL,SGP,Bulk_Carrier,Bauxite,2732.3,5.24,70551.0,72972.0,8836.0,-213300.0,-24.1409,0.8014,1.225,40,80.85,-0.1503
MUM,LAX,Container_Ship,Electronics,14043.2,16.6,1767705.0,95309.0,277375.0,-1834576.0,-6.6141,0.8512,1.0862,63,64.21,-0.67
KHI,SYD,Container_Ship,Containers,11020.1,12.27,1441934.0,87030.0,104795.0,-1608194.0,-15.3461,0.8932,1.0863,49,47.46,-0.4785
ANT,NYK,LNG_Carrier,LPG,5881.5,7.11,528459.0,125252.0,18753.0,-741563.0,-39.5434,0.8292,1.0769,32,89.09,-0.5014
BUS,SHA,Container_Ship,Containers,832.1,0.96,104984.0,114541.0,114130.0,-119726.0,-1.049,0.9466,1.1163,57,87.8,-0.1006
TYO,KHI,Bulk_Carrier,Grain,6926.4,12.02,181111.0,96632.0,52921.0,-405069.0,-7.6543,0.8878,1.1827,38,54.15,-0.1597
ANT,KHI,Bulk_Carrier,Bauxite,5992.6,10.97,173658.0,85108.0,9168.0,-414200.0,-45.181,0.8889,1.146,18,88.13,-0.2758
LAG,HAM,Tanker,Crude Oil,5272.3,9.95,220621.0,81829.0,15996.0,-435666.0,-27.2361,0.9727,1.0963,65,43.98,-0.1491
TYO,JEA,Tanker,Fuel Oil,7963.6,14.6,297223.0,124302.0,68391.0,-572067.0,-8.3647,0.8903,0.9145,53,55.19,-0.2208
NYK,CPT,Container_Ship,Containers,12566.3,12.89,1219851.0,98110.0,88676.0,-1422581.0,-16.0425,0.814,1.0087,43,58.81,-0.4984
SGP,KHI,Container_Ship,Electronics,4744.0,5.51,547159.0,61438.0,242498.0,-448764.0,-1.8506,0.8242,0.9807,48,34.68,-0.1239
SHA,HAM,LNG_Carrier,LNG,8527.4,10.51,765983.0,116217.0,20089.0,-1019781.0,-50.7628,0.7518,1.0179,32,72.24,-0.5044
SGP,SAN,Container_Ship,Electronics,15934.4,17.12,1861545.0,87031.0,281644.0,-1923682.0,-6.8302,0.8186,1.1468,27,81.59,-0.8437
NYK,COL,Tanker,Chemical,14086.8,26.21,540646.0,98578.0,141881.0,-890440.0,-6.276,0.7869,1.0607,42,73.85,-0.3735
BUS,ANT,LNG_Carrier,LPG,8997.1,11.14,784920.0,112002.0,20279.0,-1043803.0,-51.4719,0.7803,1.2376,67,60.44,-0.4246
HAM,LAG,Tanker,Chemical,5272.3,9.63,204885.0,86867.0,192862.0,-243285.0,-1.2614,0.974,1.1648,62,40.18,-0.0761
LAX,LAG,Bulk_Carrier,Bauxite,12430.0,23.79,338444.0,89652.0,6652.0,-778289.0,-116.998,0.769,0.9612,41,54.7,-0.2547
RTM,HOU,Tanker,Fuel Oil,8072.0,14.19,321921.0,140648.0,89164.0,-586297.0,-6.5755,0.8773,1.21,40,41.24,-0.1684
ANT,MUM,Bulk_Carrier,Grain,6885.8,13.0,195875.0,81727.0,61299.0,-411238.0,-6.7087,0.9894,1.2293,24,71.71,-0.215
SYD,HOU,Reefer,Frozen Fish,13818.5,19.67,488949.0,140547.0,19577.0,-904905.0,-46.2222,0.9514,1.1432,36,32.24,-0.1671
SAN,TYO,Container_Ship,Machinery,18591.0,21.22,2260197.0,111072.0,167082.0,-2522503.0,-15.0974,0.8263,1.0532,26,47.55,-0.5985
JEA,HAM,Reefer,Frozen Fish,4892.2,7.06,157053.0,90579.0,15072.0,-338429.0,-22.454,0.8863,0.9448,41,68.97,-0.1846
SYD,HAM,Bulk_Carrier,Iron Ore,16284.4,29.39,386539.0,127120.0,21563.0,-932987.0,-43.2676,0.8854,1.23,56,87.21,-0.433
RTM,SAN,Reefer,Pharmaceuticals,9775.5,13.2,287695.0,96800.0,84868.0,-497564.0,-5.8628,0.977,0.9048,53,66.21,-0.2156
LAX,RTM,Container_Ship,Containers,8985.5,9.81,1060766.0,115720.0,97320.0,-1226344.0,-12.6012,0.8539,1.0553,37,33.2,-0.2742
KHI,TYO,Container_Ship,Containers,6926.4,7.4,845830.0,95146.0,113329.0,-938590.0,-8.282,0.9924,1.0574,27,74.28,-0.5074
BUS,RTM,Reefer,Refrigerated Goods,8936.6,12.46,314170.0,112646.0,11839.0,-601904.0,-50.8411,0.7526,1.0924,18,55.62,-0.2258
RTM,LAG,Reefer,Perishables,5056.8,6.84,158187.0,99518.0,11554.0,-348801.0,-30.1889,0.9687,1.1044,21,79.04,-0.2166
MUM,SYD,Bulk_Carrier,Bauxite,10150.5,19.91,266573.0,92056.0,7678.0,-649530.0,-84.5914,0.8666,0.9845,25,68.45,-0.2872
HOU,COL,Reefer,Pharmaceuticals,15903.9,21.97,536584.0,101547.0,82796.0,-884897.0,-10.6877,0.7835,1.1008,38,56.27,-0.2679
LAX,CPT,Reefer,Perishables,16044.7,21.31,562684.0,87721.0,13415.0,-956647.0,-71.311,0.9995,1.2427,31,57.68,-0.2957
SAN,HOU,LNG_Carrier,LPG,7942.5,10.08,821567.0,105528.0,20187.0,-1058037.0,-52.4126,0.942,1.0204,71,71.55,-0.5298
BUS,LAX,Reefer,Frozen Fish,9637.7,12.94,328668.0,106106.0,15892.0,-612914.0,-38.5679,0.7781,1.1346,61,49.59,-0.1999
HAM,KHI,Bulk_Carrier,Iron Ore,5660.0,10.07,135871.0,77791.0,15454.0,-349232.0,-22.5975,0.8375,0.9319,25,55.86,-0.1494
CPT,KHI,LNG_Carrier,LPG,8308.9,11.18,818598.0,49489.0,20453.0,-1015380.0,-49.6454,0.844,1.154,22,83.02,-0.5819
SGP,LAG,LNG_Carrier,LPG,11147.2,15.06,1248993.0,72921.0,20350.0,-1527473.0,-75.0601,0.9816,0.9872,40,68.12,-0.6496
HAM,CPT,LNG_Carrier,LPG,9764.5,13.36,932531.0,94080.0,22079.0,-1204970.0,-54.5755,0.9202,1.1426,19,41.2,-0.3251
COL,HOU,Tanker,Crude Oil,15903.9,29.5,671624.0,97836.0,14904.0,-1197095.0,-80.3181,0.8897,1.1168,23,31.14,-0.2006
HOU,LAX,Bulk_Carrier,Grain,2204.4,4.22,59621.0,134126.0,52172.0,-204949.0,-3.9283,0.9347,1.1075,29,76.12,-0.1394
LAX,BUS,Reefer,Refrigerated Goods,9637.7,12.49,280703.0,108092.0,13493.0,-562726.0,-41.7049,0.8595,1.0902,68,46.99,-0.1739
MUM,RTM,Reefer,Frozen Fish,6887.0,9.69,225370.0,91477.0,20987.0,-441160.0,-21.0209,0.9563,1.2192,37,54.33,-0.1747
SHA,NYK,Container_Ship,Machinery,11860.8,12.34,1185365.0,142288.0,184925.0,-1327846.0,-7.1804,0.8644,1.1142,39,87.78,-0.7105
LAG,SAN,Container_Ship,Auto Parts,6362.4,7.41,882449.0,58685.0,217176.0,-835115.0,-3.8453,0.7576,1.0617,40,30.41,-0.189
SYD,BUS,Bulk_Carrier,Bauxite,8015.7,14.04,219493.0,115358.0,8697.0,-536765.0,-61.7161,0.8996,1.0742,33,81.4,-0.3049
SHA,LAG,Tanker,Chemical,12229.8,19.92,398754.0,89177.0,167511.0,-619290.0,-3.697,0.8414,1.1711,35,30.03,-0.112
ANT,COL,Tanker,Fuel Oil,8396.7,14.92,339381.0,85528.0,94361.0,-554276.0,-5.874,0.9664,1.1624,32,44.61,-0.1701
NYK,SHA,Tanker,Fuel Oil,11860.8,21.64,502616.0,127402.0,77769.0,-876848.0,-11.275,0.9803,0.9444,58,57.35,-0.3066
SGP,CPT,Reefer,Frozen Fish,9665.9,14.02,353611.0,75941.0,16449.0,-623401.0,-37.8988,0.9483,0.9636,61,87.99,-0.3604
LAX,HAM,LNG_Carrier,LPG,9100.3,11.96,906639.0,131568.0,18337.0,-1199205.0,-65.3982,0.8279,1.0546,57,76.96,-0.6189
ANT,JEA,Reefer,Refrigerated Goods,5160.9,6.55,173345.0,96684.0,13833.0,-354376.0,-25.6176,0.7984,1.2032,21,82.04,-0.2274
HAM,BUS,LNG_Carrier,LPG,8550.1,11.49,877154.0,106276.0,21604.0,-1134159.0,-52.4969,0.8662,1.1876,65,66.45,-0.5156
KHI,LAG,Reefer,Pharmaceuticals,7048.8,10.36,248835.0,48782.0,107783.0,-345221.0,-3.2029,0.9666,1.1616,64,86.34,-0.2159
COL,SAN,Bulk_Carrier,Coal,13986.2,25.3,342679.0,60124.0,21041.0,-761206.0,-36.1774,0.8024,1.0406,56,78.64,-0.3411
ANT,TYO,LNG_Carrier,LPG,9411.9,11.22,923231.0,146123.0,19286.0,-1218434.0,-63.177,0.792,1.1596,46,56.73,-0.4583
LAX,SAN,Reefer,Perishables,9942.3,14.1,335478.0,92310.0,8343.0,-630960.0,-75.6301,0.8111,0.9524,37,58.81,-0.2414
NYK,HOU,Container_Ship,Auto Parts,2277.1,2.61,284220.0,147356.0,226725.0,-243978.0,-1.0761,0.755,1.1122,50,62.3,-0.1354
SHA,LAX,Bulk_Carrier,Grain,10457.0,20.56,323808.0,108522.0,46098.0,-694700.0,-15.0702,0.9532,0.9596,25,46.48,-0.2064
SHA,TYO,Reefer,Refrigerated Goods,1754.3,2.47,55576.0,133839.0,11278.0,-215183.0,-19.0801,0.7683,1.0193,50,43.12,-0.0848
ANT,HAM,Tanker,Chemical,453.6,0.8,18197.0,126432.0,163405.0,6827.0,0.0418,0.7756,1.2394,65,78.58,0.0052
MUM,ANT,LNG_Carrier,LNG,6885.8,9.25,686214.0,89272.0,23502.0,-890709.0,-37.8986,0.7783,1.1504,51,73.65,-0.4782
HAM,COL,Container_Ship,Auto Parts,8074.9,8.27,790856.0,92288.0,246416.0,-760784.0,-3.0874,0.8916,1.0236,68,38.67,-0.2049
NYK,SAN,LNG_Carrier,LNG,7737.9,10.05,825685.0,104620.0,25766.0,-1055321.0,-40.9576,0.7961,1.2329,29,38.96,-0.29
HOU,KHI,LNG_Carrier,LNG,13656.9,17.29,1176434.0,98638.0,21603.0,-1512852.0,-70.0295,0.8152,1.0095,65,88.07,-0.7668
KHI,MUM,Container_Ship,Electronics,893.2,0.93,111841.0,59109.0,296078.0,111141.0,0.3754,0.8895,1.1096,29,76.98,0.0816
TYO,SHA,Bulk_Carrier,Iron Ore,1754.3,3.36,52728.0,139159.0,21690.0,-220579.0,-10.1698,0.8967,1.2216,33,88.04,-0.1774
SYD,ANT,LNG_Carrier,LNG,16725.3,19.86,1572023.0,110970.0,21162.0,-1959715.0,-92.6075,0.8609,0.9364,32,84.64,-0.8716
HOU,CPT,Bulk_Carrier,Grain,13853.3,24.45,397964.0,91864.0,38823.0,-817809.0,-21.065,0.7845,0.9819,46,49.18,-0.2301
SHA,KHI,Bulk_Carrier,Coal,5340.0,10.47,150989.0,69660.0,23895.0,-353826.0,-14.8073,0.8661,1.0948,69,68.06,-0.1869
RTM,HOU,Tanker,Fuel Oil,8072.0,13.25,290887.0,133972.0,85403.0,-538222.0,-6.3021,0.8233,1.2349,66,71.38,-0.2676
SAN,JEA,LNG_Carrier,LPG,12181.9,16.96,1195997.0,74068.0,22225.0,-1502219.0,-67.5916,0.9743,1.0863,49,46.1,-0.4177
CPT,HAM,Tanker,Crude Oil,9764.5,16.48,352319.0,82535.0,16966.0,-665118.0,-39.2036,0.9192,1.2305,35,53.74,-0.2341
MUM,NYK,Container_Ship,Electronics,12555.7,14.16,1563898.0,116852.0,237335.0,-1655742.0,-6.9764,0.861,0.9189,54,67.77,-0.6687
RTM,LAX,Bulk_Carrier,Coal,8985.5,16.49,255862.0,117439.0,26385.0,-594284.0,-22.5233,0.961,1.0895,49,77.79,-0.3113
NYK,HAM,Bulk_Carrier,Coal,6125.8,12.14,168584.0,138820.0,26396.0,-463131.0,-17.5454,0.8867,1.1813,26,35.92,-0.125
SHA,HOU,Tanker,Chemical,12195.4,22.93,443104.0,123301.0,142263.0,-768162.0,-5.3996,0.881,0.9499,62,65.01,-0.3011
SGP,ANT,Reefer,Refrigerated Goods,10551.1,14.25,350038.0,112485.0,16593.0,-659650.0,-39.7547,0.9451,1.2192,21,49.41,-0.2076
BUS,JEA,Tanker,Chemical,7055.4,12.15,230097.0,96064.0,154895.0,-353564.0,-2.2826,0.813,1.1207,40,51.15,-0.131
HOU,LAX,Reefer,Refrigerated Goods,2204.4,3.22,68594.0,128979.0,13432.0,-232440.0,-17.3056,0.9566,0.975,54,69.26,-0.1439
CPT,SGP,Reefer,Perishables,9665.9,12.12,297875.0,79673.0,9430.0,-549916.0,-58.3137,0.9138,0.9556,30,84.81,-0.3064
SGP,LAX,Reefer,Refrigerated Goods,14141.5,19.02,415559.0,105161.0,10356.0,-795638.0,-76.8292,0.7867,0.9141,31,52.49,-0.2368
JEA,MUM,Container_Ship,Machinery,1954.2,2.35,260650.0,70607.0,183486.0,-183036.0,-0.9975,0.8769,1.0898,59,60.4,-0.1
KHI,SYD,Container_Ship,Electronics,11020.1,12.46,1202299.0,78308.0,297312.0,-1170196.0,-3.9359,0.9408,1.0534,64,76.2,-0.559
SYD,ANT,Tanker,Crude Oil,16725.3,29.08,579301.0,106081.0,13319.0,-1108197.0,-83.2013,0.9551,0.9297,37,69.27,-0.4034
LAG,JEA,Container_Ship,Containers,5856.7,6.59,661364.0,67662.0,74327.0,-753576.0,-10.1387,0.7585,0.9073,28,86.92,-0.4977
LAG,SHA,Tanker,Crude Oil,12229.8,20.82,447881.0,78130.0,12688.0,-825643.0,-65.0714,0.8646,0.9783,32,78.32,-0.3895
NYK,SAN,Reefer,Perishables,7737.9,10.98,252437.0,118425.0,12316.0,-523237.0,-42.4837,0.9378,1.216,49,43.94,-0.1622
SAN,TYO,Tanker,Chemical,18591.0,31.3,636513.0,124381.0,130291.0,-1100134.0,-8.4437,0.821,0.9336,57,53.02,-0.2911
SGP,RTM,Container_Ship,Electronics,10534.9,11.54,1208501.0,97007.0,270250.0,-1208320.0,-4.4711,0.7612,1.1834,55,35.0,-0.2696
KHI,RTM,LNG_Carrier,LPG,5993.9,7.63,606196.0,84431.0,19310.0,-785753.0,-40.6905,0.9176,1.0022,48,57.38,-0.3406
KHI,SYD,LNG_Carrier,LNG,11020.1,13.06,1108151.0,82804.0,26063.0,-1360722.0,-52.2096,0.9681,1.0255,37,61.78,-0.5271
RTM,BUS,Bulk_Carrier,Bauxite,8936.6,16.43,247883.0,110912.0,7996.0,-597292.0,-74.702,0.8225,1.0801,58,42.36,-0.1707
HAM,NYK,LNG_Carrier,LNG,6125.8,8.25,633939.0,123085.0,21744.0,-859007.0,-39.5061,0.8698,0.9523,57,51.33,-0.3313
LAX,HOU,Tanker,Chemical,2204.4,3.94,72142.0,139709.0,180027.0,-90970.0,-0.5053,0.9971,1.062,20,40.56,-0.033
ANT,SHA,Bulk_Carrier,Bauxite,8980.7,16.65,238500.0,109244.0,7560.0,-589937.0,-78.0313,0.801,1.0487,65,79.4,-0.3154
CPT,NYK,Tanker,Crude Oil,12566.3,21.15,423861.0,96555.0,15903.0,-821705.0,-51.6693,0.9667,1.0968,56,31.79,-0.1556
JEA,SGP,Tanker,Crude Oil,5858.9,10.59,243110.0,90583.0,11385.0,-481139.0,-42.2606,0.8121,0.9347,30,33.27,-0.1216
CPT,BUS,LNG_Carrier,LPG,13800.1,18.65,1522639.0,75093.0,19878.0,-1857611.0,-93.4514,0.9541,0.9921,58,50.28,-0.5352
SGP,SAN,Tanker,Crude Oil,15934.4,30.0,672208.0,79296.0,13733.0,-1187740.0,-86.4909,0.9019,1.0151,46,75.74,-0.4836
JEA,SYD,Tanker,Crude Oil,12058.9,19.59,445052.0,87871.0,13860.0,-812925.0,-58.6541,0.9333,0.99,25,30.96,-0.1524
NYK,TYO,Bulk_Carrier,Bauxite,10853.1,19.57,267395.0,157071.0,8692.0,-709304.0,-81.6072,0.9036,1.0687,25,64.2,-0.2871
HAM,JEA,Tanker,Fuel Oil,4892.2,8.48,162282.0,88573.0,73965.0,-304062.0,-4.1109,0.8109,1.0858,35,31.07,-0.0747
HOU,TYO,Bulk_Carrier,Coal,10740.5,20.79,326288.0,153815.0,18510.0,-773410.0,-41.7833,0.7803,0.9413,45,80.97,-0.3964
SGP,SHA,Tanker,Chemical,3810.3,6.56,153138.0,94815.0,160009.0,-186366.0,-1.1647,0.9807,0.9598,48,89.17,-0.1378
SHA,ANT,LNG_Carrier,LNG,8980.7,11.75,815727.0,115201.0,22084.0,-1085158.0,-49.1385,0.833,1.0099,28,32.16,-0.235
HAM,NYK,Reefer,Perishables,6125.8,8.31,197996.0,142766.0,12020.0,-453444.0,-37.7229,0.9927,1.1212,25,51.43,-0.1753
HAM,RTM,Reefer,Pharmaceuticals,406.5,0.58,13978.0,112796.0,67452.0,-68001.0,-1.0081,0.7576,0.9274,32,43.11,-0.0287
LAX,SGP,LNG_Carrier,LNG,14141.5,18.3,1439031.0,103300.0,22068.0,-1794790.0,-81.3296,0.886,0.9488,58,63.25,-0.6436
SAN,TYO,Container_Ship,Machinery,18591.0,21.51,2048485.0,107813.0,183459.0,-2295484.0,-12.5123,0.9279,1.0298,42,51.93,-0.5949
COL,SYD,Tanker,Chemical,8748.1,14.49,332921.0,87741.0,165940.0,-472098.0,-2.845,0.893,1.0931,19,89.31,-0.2864
CPT,JEA,Tanker,Fuel Oil,7606.3,12.91,298631.0,61920.0,71954.0,-482241.0,-6.7021,0.8382,1.022,55,43.48,-0.1486
HOU,ANT,LNG_Carrier,LPG,8102.1,10.96,778346.0,122572.0,18577.0,-1046688.0,-56.3421,0.9116,0.9704,50,82.39,-0.5999
LAG,SGP,Bulk_Carrier,Iron Ore,11147.2,19.5,256293.0,78111.0,22313.0,-604625.0,-27.098,0.9091,1.2395,35,37.77,-0.1426
SYD,LAX,LNG_Carrier,LPG,12054.8,15.55,1107819.0,114933.0,21079.0,-1434917.0,-68.0733,0.9188,1.0925,40,36.18,-0.3144
JEA,CPT,LNG_Carrier,LNG,7606.3,10.39,732541.0,68369.0,24457.0,-932311.0,-38.1202,0.912,1.0216,49,35.66,-0.2357
KHI,SYD,LNG_Carrier,LNG,11020.1,13.32,1146306.0,74399.0,24110.0,-1396437.0,-57.9202,0.8159,1.1257,27,52.78,-0.4621
ANT,MUM,Reefer,Frozen Fish,6885.8,8.79,227844.0,85763.0,14516.0,-430945.0,-29.6882,0.8373,0.9631,64,48.51,-0.1524
LAX,SAN,Container_Ship,Machinery,9942.3,10.79,1125803.0,106546.0,214493.0,-1179657.0,-5.4997,0.9668,1.1555,28,51.84,-0.3979
SGP,LAX,LNG_Carrier,LNG,14141.5,19.33,1662984.0,106770.0,28910.0,-2030804.0,-70.2447,0.9447,1.1658,46,32.12,-0.3699
LAG,SGP,Reefer,Perishables,11147.2,14.2,328734.0,77231.0,12536.0,-606438.0,-48.3767,0.9307,1.2472,65,49.24,-0.1864
KHI,LAX,Tanker,Chemical,13476.2,23.48,462323.0,95179.0,151175.0,-758524.0,-5.0175,0.9686,0.9181,19,68.69,-0.3016
SHA,RTM,LNG_Carrier,LPG,8927.2,11.13,816131.0,113521.0,16293.0,-1080383.0,-66.3098,0.7529,1.0305,43,41.69,-0.3039
COL,BUS,Container_Ship,Containers,5911.7,6.34,725955.0,71982.0,92396.0,-800573.0,-8.6646,0.8707,0.9826,28,74.85,-0.4542
ANT,NYK,LNG_Carrier,LPG,5881.5,7.11,570684.0,130002.0,22893.0,-784481.0,-34.2676,0.9716,1.122,45,62.95,-0.3748
RTM,NYK,Reefer,Frozen Fish,5858.2,8.36,209256.0,138635.0,19019.0,-454279.0,-23.886,0.9591,1.1017,45,66.73,-0.2303
RTM,LAX,Bulk_Carrier,Bauxite,8985.5,16.69,264031.0,127944.0,10623.0,-631636.0,-59.4599,0.9465,1.2471,50,65.75,-0.2796
SYD,SAN,Bulk_Carrier,Bauxite,13322.4,24.33,371542.0,97521.0,10392.0,-823552.0,-79.2464,0.928,1.2442,24,72.99,-0.3496
SYD,HOU,LNG_Carrier,LPG,13818.5,17.3,1382352.0,140451.0,15583.0,-1766740.0,-113.3747,0.7617,0.9743,45,46.54,-0.4708
TYO,CPT,Bulk_Carrier,Coal,14727.6,25.9,353882.0,115299.0,22777.0,-834948.0,-36.6573,0.998,0.9056,53,58.88,-0.2738
COL,HAM,Container_Ship,Auto Parts,8074.9,8.91,892770.0,82424.0,314103.0,-794672.0,-2.53,0.9482,1.2269,37,57.55,-0.3185
MUM,SAN,Tanker,Chemical,13740.7,24.02,451895.0,67073.0,160796.0,-718454.0,-4.4681,0.7822,1.2092,59,37.19,-0.1534
MUM,BUS,Container_Ship,Containers,5775.4,6.72,756997.0,89449.0,97365.0,-849938.0,-8.7294,0.8129,1.109,27,86.57,-0.5609
SHA,RTM,Tanker,Fuel Oil,8927.2,15.88,300320.0,105815.0,77967.0,-566401.0,-7.2647,0.9694,0.9575,38,64.92,-0.2481
TYO,ANT,Reefer,Perishables,9411.9,12.96,340141.0,133472.0,9271.0,-658780.0,-71.0549,0.7721,1.1119,50,58.08,-0.2537
HOU,LAX,Reefer,Pharmaceuticals,2204.4,3.11,66015.0,145789.0,91362.0,-167113.0,-1.8291,0.8995,1.0581,22,32.48,-0.0485
BUS,ANT,Bulk_Carrier,Coal,8997.1,16.16,263113.0,117174.0,24024.0,-598627.0,-24.918,0.8579,1.1112,55,57.07,-0.2299
SGP,SHA,Bulk_Carrier,Grain,3810.3,7.61,103582.0,102824.0,38747.0,-281848.0,-7.2741,0.754,1.0196,39,43.33,-0.1013
SAN,NYK,Tanker,Crude Oil,7737.9,13.55,297955.0,101576.0,16463.0,-586377.0,-35.618,0.9748,1.1258,45,59.54,-0.2463
HOU,BUS,LNG_Carrier,LPG,11424.5,15.25,1307977.0,116150.0,17700.0,-1635229.0,-92.3833,0.7779,1.0836,44,66.29,-0.6704
CPT,RTM,Container_Ship,Auto Parts,9642.1,10.95,1199196.0,84888.0,249372.0,-1198957.0,-4.8079,0.936,0.9867,25,35.46,-0.2796
SYD,ANT,Container_Ship,Containers,16725.3,17.89,1685222.0,110482.0,80793.0,-1983254.0,-24.5473,0.7571,0.9881,71,76.9,-0.8014
MUM,CPT,LNG_Carrier,LNG,8227.2,10.18,852772.0,54977.0,28977.0,-1031459.0,-35.5953,0.9595,1.1505,20,54.54,-0.3895
SAN,KHI,Tanker,Crude Oil,13337.2,22.27,487999.0,58401.0,12536.0,-867844.0,-69.2299,0.7707,1.0844,48,49.04,-0.2474
LAG,KHI,Reefer,Refrigerated Goods,7048.8,9.87,211001.0,51346.0,13399.0,-396967.0,-29.6271,0.7614,1.222,66,71.93,-0.2068
COL,JEA,Container_Ship,Auto Parts,3316.6,3.71,391921.0,56907.0,275625.0,-228863.0,-0.8303,0.8758,1.1656,65,64.17,-0.1246
HOU,SYD,Container_Ship,Containers,13818.5,14.63,1567936.0,117770.0,91444.0,-1813702.0,-19.8339,0.8489,0.9974,26,36.83,-0.3825
SYD,SAN,Container_Ship,Containers,13322.4,14.22,1564849.0,101615.0,100333.0,-1779415.0,-17.735,0.8267,1.1238,59,63.33,-0.6554
SHA,BUS,Tanker,Crude Oil,832.1,1.57,34380.0,109359.0,16785.0,-150466.0,-8.9643,0.9578,1.1684,39,43.03,-0.062
SGP,JEA,Container_Ship,Electronics,5858.9,6.14,605286.0,88483.0,287395.0,-498541.0,-1.7347,0.7964,1.2029,69,79.76,-0.3021
TYO,SGP,Tanker,Fuel Oil,5314.4,9.04,195974.0,115069.0,96750.0,-349945.0,-3.617,0.984,1.1706,68,34.62,-0.0941
MUM,LAX,Tanker,Crude Oil,14043.2,23.69,473300.0,92564.0,14299.0,-906898.0,-63.4227,0.7698,1.2384,35,87.38,-0.4507
COL,SYD,Reefer,Frozen Fish,8748.1,11.0,237572.0,74925.0,16052.0,-461515.0,-28.7519,0.8344,1.0687,64,60.9,-0.1909
CPT,HOU,Tanker,Fuel Oil,13853.3,24.03,500165.0,106615.0,67658.0,-899510.0,-13.2949,0.7976,1.0099,69,77.25,-0.3975
SAN,LAX,Container_Ship,Machinery,9942.3,11.21,1169998.0,104866.0,190920.0,-1252114.0,-6.5583,0.9043,1.0996,71,78.37,-0.6385
JEA,HOU,Reefer,Refrigerated Goods,13157.3,18.51,401696.0,118766.0,17542.0,-780530.0,-44.4956,0.9846,1.2372,56,84.26,-0.3845
SYD,HAM,Tanker,Fuel Oil,16284.4,29.57,604816.0,116253.0,89975.0,-1074627.0,-11.9436,0.9237,1.1596,36,74.4,-0.4254
COL,SYD,Bulk_Carrier,Iron Ore,8748.1,15.52,221996.0,83348.0,18930.0,-519139.0,-27.4245,0.8981,1.0645,27,82.71,-0.2916
SGP,SHA,Container_Ship,Electronics,3810.3,4.49,477937.0,105327.0,232844.0,-417710.0,-1.794,0.7722,1.0051,28,49.5,-0.1715
TYO,SAN,Container_Ship,Auto Parts,18591.0,19.03,1914792.0,107950.0,285707.0,-2022498.0,-7.0789,0.919,1.1514,41,79.8,-0.8054
KHI,CPT,LNG_Carrier,LPG,8308.9,10.35,706167.0,54728.0,17037.0,-899123.0,-52.7758,0.7689,1.0551,35,62.08,-0.3853
SYD,HOU,LNG_Carrier,LPG,13818.5,18.86,1568629.0,127616.0,25314.0,-1953850.0,-77.1855,0.9938,1.2129,23,49.08,-0.5492
RTM,SYD,Tanker,Crude Oil,16689.6,28.96,565676.0,116886.0,11944.0,-1105025.0,-92.5185,0.862,0.9237,38,62.08,-0.3609
LAG,HOU,LNG_Carrier,LNG,10488.9,13.76,1122750.0,97118.0,32126.0,-1394186.0,-43.3974,0.9947,1.2304,37,43.26,-0.385
BUS,RTM,Container_Ship,Auto Parts,8936.6,10.7,1276450.0,122251.0,303199.0,-1255978.0,-4.1424,0.9009,1.2465,64,41.72,-0.3535
BUS,NYK,Tanker,Chemical,11254.3,19.55,386811.0,123621.0,173600.0,-630123.0,-3.6297,0.9356,1.0914,63,36.61,-0.1435
ANT,SAN,Bulk_Carrier,Iron Ore,9716.8,16.84,251391.0,95127.0,19881.0,-579305.0,-29.1386,0.9382,1.0702,48,63.06,-0.2396
ANT,SAN,Tanker,Chemical,9716.8,16.92,339068.0,98238.0,131041.0,-560136.0,-4.2745,0.8494,0.9075,19,80.31,-0.295
HOU,SHA,LNG_Carrier,LPG,12195.4,14.45,1069773.0,132580.0,16088.0,-1403064.0,-87.2111,0.7824,0.9792,66,78.13,-0.661
SHA,LAG,Bulk_Carrier,Bauxite,12229.8,23.71,324372.0,85804.0,9695.0,-756062.0,-77.9862,0.8718,1.2356,43,68.92,-0.3138
SGP,ANT,Tanker,Crude Oil,10551.1,18.45,388637.0,103034.0,14394.0,-754055.0,-52.3868,0.9916,0.9677,60,53.89,-0.2589
COL,NYK,Bulk_Carrier,Iron Ore,14086.8,28.2,404316.0,97741.0,20869.0,-904245.0,-43.3287,0.9785,1.0772,35,76.57,-0.3933
SAN,BUS,Reefer,Perishables,18691.4,26.78,620305.0,89387.0,10094.0,-1101241.0,-109.094,0.8046,1.1617,19,35.32,-0.1936
MUM,HAM,LNG_Carrier,LNG,6551.7,8.14,596288.0,99030.0,23296.0,-794192.0,-34.091,0.9842,0.9018,71,85.04,-0.4989
HOU,RTM,Tanker,Crude Oil,8072.0,14.57,291078.0,138213.0,12544.0,-635299.0,-50.646,0.8464,0.988,28,46.81,-0.2071
COL,RTM,Container_Ship,Containers,8401.4,9.39,936164.0,84510.0,100890.0,-1060605.0,-10.5125,0.9452,0.9883,62,84.04,-0.6132
HOU,MUM,LNG_Carrier,LNG,14456.2,19.91,1415606.0,102423.0,23098.0,-1793562.0,-77.6501,0.8459,1.0402,26,84.9,-0.8552
HOU,LAG,LNG_Carrier,LNG,10488.9,14.16,1187428.0,99598.0,22822.0,-1476536.0,-64.6966,0.8931,0.9735,56,44.93,-0.4235
MUM,SAN,Reefer,Refrigerated Goods,13740.7,18.24,464426.0,69482.0,17313.0,-790164.0,-45.6392,0.9766,1.2311,59,76.17,-0.3455
KHI,COL,Tanker,Fuel Oil,2418.3,4.51,103804.0,44983.0,63851.0,-152577.0,-2.3896,0.7712,0.9856,39,81.25,-0.1097
SHA,COL,Tanker,Crude Oil,5092.6,8.39,178249.0,76632.0,12110.0,-368566.0,-30.4352,0.8498,0.95,56,68.99,-0.1994
KHI,HOU,Container_Ship,Auto Parts,13656.9,14.49,1491843.0,91906.0,285899.0,-1515258.0,-5.3,0.988,1.0718,35,86.83,-0.7573
CPT,SYD,Bulk_Carrier,Bauxite,11011.7,19.93,308904.0,84222.0,9255.0,-682770.0,-73.7701,0.8759,1.1741,45,37.39,-0.1601
SYD,RTM,LNG_Carrier,LNG,16689.6,21.53,1543528.0,124256.0,22237.0,-1968503.0,-88.5238,0.8574,0.9881,25,46.73,-0.4839
ANT,HAM,LNG_Carrier,LPG,453.6,0.61,46083.0,118044.0,20381.0,-152854.0,-7.4998,0.9378,1.0349,21,61.03,-0.0911
TYO,LAX,LNG_Carrier,LNG,8839.0,11.42,815918.0,131837.0,23396.0,-1095700.0,-46.8336,0.8122,1.0973,39,76.01,-0.5638
SHA,HOU,Container_Ship,Auto Parts,12195.4,12.7,1364276.0,123098.0,296104.0,-1381807.0,-4.6666,0.9913,1.1063,42,74.72,-0.6225
SYD,CPT,Reefer,Frozen Fish,11011.7,14.83,361484.0,91295.0,16734.0,-658493.0,-39.3501,0.7532,1.2344,48,42.8,-0.1767
SGP,RTM,LNG_Carrier,LPG,10534.9,13.76,1155712.0,116229.0,14723.0,-1463681.0,-99.4112,0.7673,0.9137,64,46.58,-0.4346
BUS,JEA,LNG_Carrier,LPG,7055.4,8.44,643412.0,85408.0,19134.0,-836357.0,-43.71,0.9584,0.9507,43,39.05,-0.2365
TYO,MUM,Tanker,Fuel Oil,6733.0,11.31,263439.0,101715.0,63545.0,-471229.0,-7.4157,0.827,0.9148,37,77.51,-0.2679
SAN,MUM,Bulk_Carrier,Grain,13740.7,25.91,372496.0,62144.0,43332.0,-779940.0,-17.999,0.7799,1.1025,43,88.57,-0.3966
MUM,COL,LNG_Carrier,LNG,1535.0,1.89,137385.0,53866.0,19815.0,-199783.0,-10.0823,0.7557,0.9989,26,70.75,-0.1305
ANT,RTM,LNG_Carrier,LPG,78.1,0.1,7926.0,115492.0,18335.0,-106602.0,-5.8142,0.939,0.9298,61,83.26,-0.0884
TYO,SAN,Bulk_Carrier,Grain,18591.0,34.63,463679.0,113753.0,53769.0,-1043158.0,-19.4009,0.8777,1.2155,53,58.27,-0.3034
SAN,JEA,Tanker,Fuel Oil,12181.9,21.74,499559.0,71922.0,71848.0,-825669.0,-11.4919,0.8704,0.9826,32,69.8,-0.3476
HOU,SAN,LNG_Carrier,LPG,7942.5,9.56,747402.0,99699.0,19050.0,-971445.0,-50.9939,0.9304,0.975,26,60.66,-0.4124
SHA,KHI,Tanker,Chemical,5340.0,10.07,219928.0,69484.0,152757.0,-287702.0,-1.8834,0.8436,1.0652,70,69.29,-0.1547
LAX,BUS,Bulk_Carrier,Coal,9637.7,17.54,240500.0,111145.0,17551.0,-597261.0,-34.0296,0.7679,0.907,24,51.62,-0.2028
NYK,SAN,LNG_Carrier,LNG,7737.9,9.77,798177.0,113141.0,24362.0,-1033479.0,-42.4221,0.88,1.0546,52,37.85,-0.2759
BUS,LAX,Container_Ship,Machinery,9637.7,11.14,1246852.0,115866.0,169699.0,-1360157.0,-8.0151,0.9038,0.978,36,88.3,-0.7899
LAG,MUM,Reefer,Pharmaceuticals,7617.6,11.0,285838.0,64237.0,81545.0,-433555.0,-5.3168,0.8569,0.9913,34,59.04,-0.1814
MUM,RTM,Tanker,Chemical,6887.0,11.83,242724.0,87873.0,129401.0,-378719.0,-2.9267,0.8258,0.9217,68,47.79,-0.1319
KHI,ANT,Reefer,Perishables,5992.6,7.7,177697.0,79337.0,10930.0,-361624.0,-33.0867,0.8772,1.1537,70,58.95,-0.1611
CPT,SAN,Bulk_Carrier,Grain,6297.2,10.93,146955.0,67862.0,49369.0,-329450.0,-6.6733,0.992,0.9874,29,52.89,-0.13
SAN,HAM,Tanker,Crude Oil,10166.5,17.76,332636.0,96949.0,18035.0,-678018.0,-37.5942,0.9863,1.219,21,47.7,-0.2088
NYK,CPT,Container_Ship,Containers,12566.3,13.39,1460673.0,100014.0,98296.0,-1663200.0,-16.9204,0.8384,1.0856,36,71.12,-0.7047
HOU,SAN,Bulk_Carrier,Coal,7942.5,14.4,197679.0,98957.0,23847.0,-488860.0,-20.4997,0.9368,1.0101,50,74.44,-0.2547
JEA,TYO,Bulk_Carrier,Grain,7963.6,13.98,211780.0,111785.0,44456.0,-488857.0,-10.9965,0.8276,1.0658,23,52.6,-0.1798
ANT,SAN,LNG_Carrier,LNG,9716.8,12.75,1020686.0,92856.0,22860.0,-1281913.0,-56.0774,0.9112,0.9557,49,87.63,-0.7368
SGP,KHI,Container_Ship,Electronics,4744.0,5.65,578946.0,69029.0,328733.0,-403956.0,-1.2288,0.9369,1.1696,19,37.82,-0.1216
SYD,COL,LNG_Carrier,LPG,8748.1,11.43,960398.0,75371.0,21769.0,-1185417.0,-54.4546,0.8772,1.1817,41,40.17,-0.3234
CPT,HAM,Container_Ship,Electronics,9764.5,10.62,1042483.0,95151.0,280683.0,-1016189.0,-3.6204,0.7814,1.1973,69,84.87,-0.5647
LAX,LAG,LNG_Carrier,LPG,12430.0,15.75,1307090.0,96948.0,22193.0,-1618109.0,-72.9118,0.9231,1.1449,41,73.27,-0.7094
LAX,SHA,LNG_Carrier,LPG,10457.0,13.53,1003015.0,129830.0,18765.0,-1317045.0,-70.1877,0.9588,0.9319,55,54.39,-0.4578
SYD,SAN,Tanker,Chemical,13322.4,23.8,548318.0,98761.0,163914.0,-840105.0,-5.1253,0.7766,1.2416,24,52.19,-0.255
RTM,LAG,Tanker,Fuel Oil,5056.8,8.29,182192.0,95777.0,99005.0,-303385.0,-3.0643,0.9918,1.1884,69,77.04,-0.1836
LAG,COL,Container_Ship,Electronics,8435.8,9.28,988113.0,58377.0,282757.0,-902951.0,-3.1934,0.8014,1.1761,70,66.66,-0.4136
ANT,BUS,Tanker,Fuel Oil,8997.1,15.15,324851.0,111364.0,64192.0,-599259.0,-9.3354,0.7614,1.0036,31,68.66,-0.2769
SGP,ANT,Tanker,Fuel Oil,10551.1,18.55,412185.0,93874.0,80338.0,-703981.0,-8.7627,0.9167,1.0433,38,33.9,-0.152
CPT,JEA,Bulk_Carrier,Iron Ore,7606.3,13.28,217702.0,61203.0,15816.0,-462327.0,-29.232,0.8217,0.9721,23,63.69,-0.2087
HAM,ANT,Reefer,Frozen Fish,453.6,0.6,14975.0,124866.0,16856.0,-131921.0,-7.8262,0.8407,1.114,25,76.56,-0.0986
RTM,LAX,Reefer,Frozen Fish,8985.5,11.81,256184.0,121349.0,14740.0,-539894.0,-36.629,0.9078,0.902,69,59.76,-0.2172
HAM,HOU,Bulk_Carrier,Coal,8306.0,15.88,241007.0,141362.0,24360.0,-596186.0,-24.474,0.9591,1.0079,52,47.93,-0.1973
HAM,RTM,Bulk_Carrier,Bauxite,406.5,0.8,10706.0,129225.0,9092.0,-142902.0,-15.7179,0.8143,1.2406,38,85.96,-0.1202
CPT,LAG,Reefer,Refrigerated Goods,4761.1,6.56,162590.0,52286.0,14816.0,-298484.0,-20.1461,0.964,1.0673,37,34.81,-0.0827
COL,HAM,Container_Ship,Machinery,8074.9,8.76,856500.0,87122.0,162999.0,-912044.0,-5.5954,0.7757,1.0944,68,71.05,-0.4513
LAG,LAX,Tanker,Chemical,12430.0,23.24,456316.0,93954.0,155245.0,-743583.0,-4.7897,0.9045,1.0096,34,39.73,-0.1768
SYD,KHI,Tanker,Crude Oil,11020.1,20.81,437629.0,74448.0,14759.0,-809524.0,-54.8507,0.9144,1.0761,68,50.21,-0.2549
TYO,COL,LNG_Carrier,LPG,6846.1,9.09,636444.0,97278.0,20613.0,-849463.0,-41.2101,0.8635,1.1368,47,32.71,-0.2029
NYK,LAG,LNG_Carrier,LPG,8481.1,11.39,816499.0,112884.0,19143.0,-1081069.0,-56.4737,0.7768,1.1734,59,86.84,-0.644
LAG,RTM,Reefer,Refrigerated Goods,5056.8,6.63,148880.0,100265.0,12583.0,-336003.0,-26.702,0.9699,0.901,25,86.38,-0.228
COL,CPT,Reefer,Refrigerated Goods,7888.4,10.29,269880.0,51353.0,13549.0,-462103.0,-34.1051,0.8331,1.1294,34,61.61,-0.1997
SYD,TYO,LNG_Carrier,LNG,7825.8,9.61,692056.0,135495.0,28350.0,-943300.0,-33.2731,0.9616,1.1231,23,46.61,-0.3091
HOU,COL,Reefer,Refrigerated Goods,15903.9,20.03,491536.0,93355.0,13240.0,-872126.0,-65.8725,0.8832,1.041,52,37.56,-0.1762
COL,ANT,Container_Ship,Machinery,8396.7,10.0,961458.0,90661.0,179317.0,-1022871.0,-5.7042,0.9736,0.9593,27,87.01,-0.6124
HAM,KHI,Reefer,Perishables,5660.0,7.18,154190.0,88474.0,11445.0,-338859.0,-29.6073,0.8771,1.2082,57,30.82,-0.08
TYO,HAM,Container_Ship,Machinery,8979.6,10.52,1059271.0,131155.0,220056.0,-1128104.0,-5.1264,0.926,1.2378,33,68.99,-0.5242
HOU,SGP,Tanker,Fuel Oil,16004.8,29.53,651942.0,124471.0,74892.0,-1144463.0,-15.2815,0.7791,1.1444,64,74.76,-0.459
TYO,MUM,Container_Ship,Containers,6733.0,7.64,782564.0,106976.0,114936.0,-889234.0,-7.7368,0.9628,1.1053,24,39.63,-0.2585
SAN,NYK,Container_Ship,Auto Parts,7737.9,9.3,1100150.0,109235.0,244328.0,-1104490.0,-4.5205,0.8111,1.1156,59,42.45,-0.3307
SGP,HOU,Bulk_Carrier,Coal,16004.8,30.75,439800.0,119638.0,26043.0,-994642.0,-38.1919,0.9874,1.0466,21,68.23,-0.364
ANT,BUS,LNG_Carrier,LPG,8997.1,12.21,1039955.0,106906.0,19338.0,-1310635.0,-67.7758,0.7668,1.2008,27,84.87,-0.7486
CPT,TYO,Container_Ship,Containers,14727.6,17.38,1734195.0,102639.0,118029.0,-1979553.0,-16.7718,0.8776,1.2453,18,52.1,-0.5745
TYO,LAX,Reefer,Refrigerated Goods,8839.0,11.77,292716.0,143849.0,12087.0,-600986.0,-49.7209,0.7538,1.1135,45,66.33,-0.2698
SAN,LAX,Bulk_Carrier,Coal,9942.3,18.99,281849.0,100479.0,21161.0,-646060.0,-30.5304,0.8775,0.957,23,52.26,-0.2197
HOU,SGP,Reefer,Refrigerated Goods,16004.8,22.98,483797.0,120338.0,12003.0,-936809.0,-78.0472,0.8004,1.0414,18,41.52,-0.2086
HAM,BUS,Reefer,Refrigerated Goods,8550.1,11.09,253510.0,109459.0,13161.0,-516215.0,-39.2223,0.8829,1.0352,57,52.99,-0.1871
SAN,NYK,Reefer,Refrigerated Goods,7737.9,10.85,261524.0,103471.0,13167.0,-514535.0,-39.0775,0.8143,1.1229,24,37.41,-0.1358
HAM,KHI,LNG_Carrier,LPG,5660.0,7.47,614358.0,79218.0,18612.0,-787000.0,-42.2835,0.9668,0.9168,58,45.86,-0.2765
SAN,MUM,Reefer,Refrigerated Goods,13740.7,19.75,414184.0,63865.0,14521.0,-759815.0,-52.3248,0.8139,1.239,64,57.65,-0.2514
HAM,SGP,Bulk_Carrier,Coal,10154.8,18.61,261155.0,114239.0,19810.0,-634660.0,-32.0368,0.753,1.044,50,54.89,-0.225
SAN,JEA,LNG_Carrier,LPG,12181.9,14.71,1158756.0,75878.0,14623.0,-1440686.0,-98.5198,0.7717,0.9024,45,31.37,-0.2727
HOU,KHI,LNG_Carrier,LNG,13656.9,16.91,1176984.0,97740.0,26344.0,-1502059.0,-57.0162,0.8448,1.188,68,71.69,-0.6198
HAM,KHI,LNG_Carrier,LPG,5660.0,7.82,614176.0,82711.0,16338.0,-797793.0,-48.831,0.7947,0.9789,39,35.73,-0.2183
NYK,SAN,Bulk_Carrier,Coal,7737.9,14.2,193154.0,102327.0,21246.0,-487273.0,-22.9344,0.8643,0.9755,61,32.14,-0.1104
NYK,RTM,LNG_Carrier,LPG,5858.2,8.15,592056.0,129521.0,17306.0,-826568.0,-47.7618,0.8051,1.0236,22,76.07,-0.4777
HOU,NYK,LNG_Carrier,LNG,2277.1,2.82,208805.0,144231.0,24090.0,-371188.0,-15.4085,0.8893,1.032,55,45.84,-0.1515
HAM,SGP,Bulk_Carrier,Iron Ore,10154.8,18.75,272818.0,111126.0,17816.0,-647452.0,-36.3414,0.9859,0.9126,32,58.42,-0.2443
KHI,COL,Container_Ship,Containers,2418.3,2.53,282307.0,47651.0,120215.0,-247761.0,-2.061,0.9108,1.2221,69,70.21,-0.1539
HAM,COL,Tanker,Crude Oil,8074.9,13.22,277520.0,82135.0,12932.0,-545066.0,-42.1492,0.8592,1.0034,36,51.03,-0.1937
HAM,BUS,Reefer,Pharmaceuticals,8550.1,10.8,275248.0,115442.0,90017.0,-462603.0,-5.1391,0.7543,1.2432,48,87.44,-0.2767
HOU,SAN,Container_Ship,Auto Parts,7942.5,8.96,1008979.0,100057.0,311824.0,-931555.0,-2.9874,0.9741,1.1856,41,33.51,-0.2185
KHI,ANT,LNG_Carrier,LPG,5992.6,7.23,520346.0,74083.0,25417.0,-677411.0,-26.6522,0.9834,1.2307,26,85.86,-0.4394
CPT,RTM,Bulk_Carrier,Bauxite,9642.1,16.73,273558.0,88870.0,8374.0,-605050.0,-72.2577,0.938,0.9919,65,51.19,-0.2037
HOU,LAG,Container_Ship,Auto Parts,10488.9,11.63,1116952.0,101598.0,205157.0,-1187898.0,-5.7902,0.8093,0.9388,50,64.78,-0.4913
COL,RTM,Container_Ship,Machinery,8401.4,9.05,962727.0,78334.0,162704.0,-1014115.0,-6.2329,0.8705,0.9735,19,58.94,-0.4112
SGP,TYO,Tanker,Fuel Oil,5314.4,9.18,212656.0,128306.0,81869.0,-396741.0,-4.846,0.7905,1.2329,19,88.83,-0.2738
SYD,JEA,Container_Ship,Auto Parts,12058.9,13.04,1240406.0,101243.0,292567.0,-1244704.0,-4.2544,0.8943,1.2116,39,61.61,-0.4644
MUM,NYK,Tanker,Chemical,12555.7,20.78,446009.0,97107.0,168001.0,-686837.0,-4.0883,0.9061,1.0907,24,80.91,-0.3312
KHI,LAG,Container_Ship,Containers,7048.8,8.11,955536.0,55020.0,124317.0,-1007935.0,-8.1078,0.9553,1.205,30,78.0,-0.5695
SYD,MUM,Bulk_Carrier,Bauxite,10150.5,18.8,290907.0,98824.0,7664.0,-664104.0,-86.6569,0.8703,0.9784,42,39.99,-0.1716
KHI,COL,Tanker,Crude Oil,2418.3,4.04,84662.0,46568.0,11792.0,-179985.0,-15.263,0.8685,0.9052,61,71.4,-0.1137
SGP,MUM,LNG_Carrier,LPG,3906.7,5.26,420632.0,73405.0,17982.0,-555001.0,-30.8645,0.8648,0.9902,50,62.38,-0.2859
NYK,LAX,Bulk_Carrier,Grain,3948.9,7.79,102229.0,148289.0,48823.0,-318537.0,-6.5244,0.8635,1.1218,49,83.13,-0.2183
HAM,TYO,LNG_Carrier,LNG,8979.6,11.45,925454.0,139788.0,20254.0,-1216786.0,-60.0754,0.8185,0.9427,67,33.78,-0.2768
SGP,BUS,Container_Ship,Containers,4583.4,4.7,534619.0,95720.0,125766.0,-575073.0,-4.5726,0.9326,1.2486,28,51.7,-0.2383
RTM,HOU,Bulk_Carrier,Bauxite,8072.0,15.39,249835.0,123295.0,8167.0,-595765.0,-72.9504,0.784,1.1574,48,49.06,-0.2036
COL,ANT,LNG_Carrier,LNG,8396.7,10.52,814320.0,79473.0,30283.0,-1021299.0,-33.7249,0.9899,1.1654,69,33.49,-0.2353
SYD,LAX,LNG_Carrier,LPG,12054.8,16.08,1381888.0,122886.0,21292.0,-1724629.0,-80.9983,0.812,1.2487,30,48.25,-0.5041
NYK,KHI,Tanker,Fuel Oil,11689.8,19.63,365939.0,96933.0,71073.0,-686211.0,-9.655,0.7806,1.0839,48,57.18,-0.2406
KHI,JEA,Tanker,Fuel Oil,1207.1,2.16,39832.0,61118.0,73512.0,-59883.0,-0.8146,0.8727,1.0028,33,48.49,-0.0273
SGP,COL,Reefer,Perishables,2732.3,3.98,88560.0,76201.0,7436.0,-217023.0,-29.1836,0.7616,0.904,20,88.75,-0.1679
CPT,SGP,Bulk_Carrier,Iron Ore,9665.9,18.6,293602.0,75060.0,19925.0,-627676.0,-31.5018,0.8434,1.1932,67,72.48,-0.2989
TYO,JEA,Bulk_Carrier,Coal,7963.6,15.39,221037.0,113389.0,26095.0,-539170.0,-20.6618,0.9185,1.1274,70,62.99,-0.2375
JEA,BUS,Tanker,Chemical,7055.4,13.18,285875.0,93451.0,153593.0,-423431.0,-2.7568,0.8274,1.092,50,75.73,-0.2322
CPT,HAM,Reefer,Pharmaceuticals,9764.5,12.89,336198.0,88576.0,72453.0,-545731.0,-7.5322,0.7971,0.9469,69,52.32,-0.1869
HOU,MUM,LNG_Carrier,LPG,14456.2,17.44,1394790.0,111812.0,17842.0,-1750426.0,-98.108,0.8984,0.9457,34,41.77,-0.4106
BUS,COL,Reefer,Refrigerated Goods,5911.7,8.1,215877.0,82450.0,15587.0,-404254.0,-25.9357,0.9033,1.1983,21,87.73,-0.2688
BUS,SGP,LNG_Carrier,LPG,4583.4,5.88,440568.0,93822.0,20003.0,-602587.0,-30.125,0.8157,1.1678,66,68.39,-0.3304
KHI,SHA,LNG_Carrier,LPG,5340.0,6.98,505127.0,70937.0,17158.0,-663606.0,-38.6757,0.9073,0.9006,71,32.29,-0.1663
JEA,NYK,Reefer,Frozen Fish,11017.6,14.34,334238.0,124262.0,17894.0,-655763.0,-36.6476,0.9143,1.0873,20,85.87,-0.3531
ANT,SYD,Tanker,Crude Oil,16725.3,28.82,622388.0,123843.0,12197.0,-1166378.0,-95.6259,0.792,1.0266,29,76.87,-0.4711
RTM,SYD,LNG_Carrier,LPG,16689.6,22.77,1727162.0,125085.0,23931.0,-2169837.0,-90.671,0.9158,1.2443,21,32.57,-0.3718
COL,MUM,Bulk_Carrier,Grain,1535.0,2.68,39675.0,56605.0,38226.0,-98189.0,-2.5686,0.8413,0.9015,42,61.47,-0.0557
JEA,LAX,Container_Ship,Auto Parts,13447.6,15.01,1581851.0,106657.0,271422.0,-1642267.0,-6.0506,0.9355,1.0745,69,84.63,-0.8052
COL,HAM,Reefer,Pharmaceuticals,8074.9,10.24,269699.0,86193.0,85827.0,-423675.0,-4.9364,0.9332,0.958,55,50.05,-0.1477
TYO,HOU,LNG_Carrier,LPG,10740.5,13.9,1106279.0,160932.0,21938.0,-1453752.0,-66.2672,0.9192,1.1365,47,63.02,-0.5798
SHA,RTM,Bulk_Carrier,Grain,8927.2,17.68,273792.0,115059.0,45548.0,-608556.0,-13.3608,0.9534,0.9479,36,52.4,-0.2152
SYD,ANT,LNG_Carrier,LPG,16725.3,23.17,1748802.0,109182.0,18083.0,-2187519.0,-120.9716,0.9481,0.9083,49,45.78,-0.5263
CPT,SYD,Reefer,Perishables,11011.7,15.35,345801.0,89139.0,11304.0,-653938.0,-57.8515,0.8439,1.2402,64,39.19,-0.1607
COL,SAN,LNG_Carrier,LNG,13986.2,18.92,1525912.0,57023.0,22030.0,-1844682.0,-83.7342,0.8725,0.9619,44,61.29,-0.6442
SHA,COL,LNG_Carrier,LNG,5092.6,6.66,529606.0,79819.0,21563.0,-687805.0,-31.897,0.7559,1.0868,20,69.61,-0.3755
HAM,LAG,LNG_Carrier,LNG,5272.3,7.21,582917.0,83616.0,23834.0,-750864.0,-31.5033,0.8613,1.0542,54,33.31,-0.1947
NYK,LAX,LNG_Carrier,LNG,3948.9,5.24,406743.0,146456.0,29712.0,-602097.0,-20.2643,0.9923,1.1407,69,44.13,-0.219
ANT,KHI,Reefer,Perishables,5992.6,8.52,194046.0,72900.0,9265.0,-385523.0,-41.6111,0.9503,0.9027,33,30.01,-0.0874
RTM,MUM,Bulk_Carrier,Coal,6887.0,12.59,171634.0,92089.0,19600.0,-432992.0,-22.0913,0.8107,0.9594,46,83.23,-0.2627
JEA,HAM,Reefer,Frozen Fish,4892.2,6.16,161862.0,97652.0,13478.0,-338491.0,-25.1142,0.8117,0.9225,32,61.19,-0.1638
LAX,BUS,Container_Ship,Auto Parts,9637.7,10.64,1017760.0,120051.0,256415.0,-1041048.0,-4.06,0.8657,1.097,36,77.33,-0.5295
ANT,SYD,Tanker,Crude Oil,16725.3,30.69,608320.0,121803.0,13635.0,-1176891.0,-86.3145,0.7656,1.1873,39,32.73,-0.2024
HOU,HAM,Bulk_Carrier,Bauxite,8306.0,15.93,227527.0,121916.0,8161.0,-580203.0,-71.0951,0.7576,1.1969,42,73.84,-0.2958
CPT,JEA,Tanker,Chemical,7606.3,13.7,274010.0,71069.0,161565.0,-388965.0,-2.4075,0.9636,0.9863,57,84.72,-0.2336
RTM,JEA,Bulk_Carrier,Iron Ore,5176.2,9.6,132293.0,90507.0,15362.0,-351480.0,-22.8805,0.8579,0.9044,67,77.14,-0.2119
SYD,LAX,LNG_Carrier,LNG,12054.8,15.12,1276320.0,121803.0,21926.0,-1603021.0,-73.1117,0.8743,0.9554,46,48.6,-0.4719
RTM,CPT,Container_Ship,Auto Parts,9642.1,10.85,1034044.0,85611.0,289732.0,-992731.0,-3.4264,0.9601,1.1177,48,62.07,-0.4052
COL,BUS,Reefer,Frozen Fish,5911.7,8.07,205869.0,80656.0,17556.0,-389975.0,-22.2129,0.8466,1.1521,56,44.07,-0.1303
CPT,JEA,LNG_Carrier,LNG,7606.3,9.04,732162.0,66284.0,29315.0,-904764.0,-30.8632,0.921,1.2126,40,43.83,-0.2811
CPT,ANT,LNG_Carrier,LNG,9566.7,11.72,958541.0,89299.0,26636.0,-1197008.0,-44.9395,0.998,1.0168,35,82.84,-0.6539
JEA,HOU,Tanker,Fuel Oil,13157.3,24.77,465279.0,106834.0,84818.0,-858910.0,-10.1265,0.9172,1.1009,49,30.77,-0.1545
LAG,HOU,Bulk_Carrier,Iron Ore,10488.9,19.46,311963.0,91058.0,18281.0,-676680.0,-37.0155,0.9887,0.9338,18,51.88,-0.2241
LAX,RTM,Bulk_Carrier,Coal,8985.5,16.32,253812.0,120478.0,23217.0,-595948.0,-25.6684,0.94,0.9801,51,76.65,-0.3076
SHA,SGP,Bulk_Carrier,Coal,3810.3,7.39,115991.0,101318.0,26984.0,-301221.0,-11.1631,0.8671,1.235,34,76.63,-0.1914
SYD,MUM,Bulk_Carrier,Iron Ore,10150.5,20.58,319137.0,83798.0,18569.0,-693074.0,-37.3238,0.7761,1.2084,39,64.66,-0.2895
SHA,MUM,LNG_Carrier,LNG,5043.9,6.48,516220.0,94239.0,23606.0,-684092.0,-28.9801,0.7829,1.1487,34,51.39,-0.2763
SAN,HAM,Container_Ship,Auto Parts,10166.5,11.13,1189152.0,101479.0,293702.0,-1163919.0,-3.9629,0.9097,1.1958,21,55.33,-0.4158
COL,LAX,Bulk_Carrier,Grain,15107.0,26.5,428811.0,87399.0,52633.0,-861072.0,-16.3599,0.8863,1.1783,50,72.57,-0.3441
COL,SGP,Tanker,Chemical,2732.3,4.58,106916.0,75166.0,157703.0,-93122.0,-0.5905,0.9377,0.9893,48,62.91,-0.0511
HAM,JEA,LNG_Carrier,LNG,4892.2,5.88,481769.0,93871.0,23944.0,-639959.0,-26.7273,0.8563,1.0652,19,58.95,-0.2984
HOU,ANT,LNG_Carrier,LPG,8102.1,10.34,892842.0,135044.0,24987.0,-1157933.0,-46.3417,0.9724,1.2237,39,64.35,-0.5184
CPT,KHI,Container_Ship,Machinery,8308.9,9.62,1036188.0,49873.0,148069.0,-1082352.0,-7.3098,0.7939,0.9714,59,53.64,-0.4008
SYD,JEA,Reefer,Refrigerated Goods,12058.9,17.48,392104.0,94021.0,13571.0,-734774.0,-54.144,0.8525,1.1055,58,79.47,-0.3537
CPT,SGP,LNG_Carrier,LPG,9665.9,12.03,938640.0,73875.0,17931.0,-1174986.0,-65.5286,0.7866,1.0855,41,46.23,-0.3569
LAG,HOU,Reefer,Pharmaceuticals,10488.9,13.79,299806.0,92599.0,78376.0,-520912.0,-6.6463,0.8471,0.9638,60,66.78,-0.2221
LAG,KHI,Bulk_Carrier,Grain,7048.8,12.97,211108.0,48871.0,46516.0,-408070.0,-8.7726,0.8102,1.1392,31,64.04,-0.1893
NYK,ANT,Container_Ship,Machinery,5881.5,6.4,682415.0,121165.0,162863.0,-736700.0,-4.5234,0.7608,1.1149,59,44.11,-0.2466
JEA,SYD,Tanker,Chemical,12058.9,21.55,464907.0,99589.0,150492.0,-737232.0,-4.8988,0.7502,1.18,63,52.41,-0.234
TYO,SYD,Tanker,Chemical,7825.8,12.99,290825.0,145426.0,158196.0,-472854.0,-2.989,0.9443,0.9855,65,48.39,-0.1609
SYD,JEA,Tanker,Crude Oil,12058.9,20.69,442768.0,100755.0,14437.0,-839395.0,-58.14,0.8682,1.1086,58,51.99,-0.2643
RTM,JEA,Tanker,Crude Oil,5176.2,9.33,195131.0,93368.0,13007.0,-415415.0,-31.9384,0.9267,0.9357,32,42.16,-0.1369
ANT,LAG,Reefer,Frozen Fish,4978.7,7.03,186317.0,96386.0,18079.0,-370126.0,-20.4726,0.9813,1.0235,62,49.95,-0.1457
HOU,BUS,Tanker,Fuel Oil,11424.5,19.27,392671.0,120535.0,82937.0,-719318.0,-8.6731,0.7926,1.2457,45,78.03,-0.3472
NYK,SAN,Bulk_Carrier,Grain,7737.9,15.72,247920.0,116543.0,46938.0,-553300.0,-11.7879,0.8263,1.1271,43,72.41,-0.2826
MUM,SHA,Reefer,Perishables,5043.9,6.84,169827.0,84387.0,10583.0,-346197.0,-32.7137,0.8043,1.2183,41,35.69,-0.0971
SAN,MUM,LNG_Carrier,LNG,13740.7,19.04,1541432.0,62520.0,29534.0,-1860026.0,-62.9797,0.9062,1.2416,38,55.86,-0.5965
LAG,NYK,LNG_Carrier,LNG,8481.1,11.54,896048.0,104567.0,25646.0,-1148107.0,-44.767,0.9481,1.0305,45,75.61,-0.5955
CPT,RTM,Tanker,Fuel Oil,9642.1,17.27,317233.0,95009.0,63186.0,-608085.0,-9.6238,0.7877,0.9549,34,76.06,-0.3042
SYD,BUS,LNG_Carrier,LPG,8015.7,10.75,827057.0,101287.0,22514.0,-1067036.0,-47.3943,0.8946,1.1983,52,65.5,-0.4878
NYK,HOU,LNG_Carrier,LPG,2277.1,3.08,238745.0,136918.0,22626.0,-399191.0,-17.6427,0.9633,1.1185,70,53.68,-0.1908
SAN,KHI,Container_Ship,Electronics,13337.2,15.11,1468752.0,61198.0,342266.0,-1414301.0,-4.1322,0.9868,1.1561,52,80.47,-0.6616
JEA,SHA,Bulk_Carrier,Iron Ore,6458.3,12.1,193098.0,92462.0,16052.0,-451030.0,-28.0984,0.8899,0.911,38,74.52,-0.2492
HOU,LAX,Reefer,Refrigerated Goods,2204.4,3.12,79194.0,129445.0,14246.0,-241219.0,-16.9329,0.8893,1.1125,42,32.28,-0.0696
TYO,NYK,LNG_Carrier,LPG,10853.1,13.35,1014995.0,143040.0,22470.0,-1335863.0,-59.4499,0.902,1.1862,30,76.08,-0.6408
HOU,NYK,LNG_Carrier,LPG,2277.1,2.9,209005.0,138185.0,22505.0,-368224.0,-16.3619,0.9309,1.1513,53,50.29,-0.1649
BUS,CPT,Bulk_Carrier,Coal,13800.1,25.04,359149.0,75261.0,20247.0,-789803.0,-39.0086,0.7621,1.0543,53,61.89,-0.2801
SYD,LAX,Container_Ship,Electronics,12054.8,12.35,1308645.0,120549.0,237925.0,-1376566.0,-5.7857,0.8414,0.9426,48,77.93,-0.6498
NYK,ANT,LNG_Carrier,LPG,5881.5,7.82,613583.0,132206.0,20258.0,-842794.0,-41.6029,0.9295,1.0379,28,76.62,-0.4901
TYO,HAM,Tanker,Chemical,8979.6,15.08,334684.0,141955.0,143406.0,-559479.0,-3.9014,0.777,1.0856,28,84.44,-0.3182
KHI,HAM,Container_Ship,Electronics,5660.0,6.16,626693.0,77249.0,226276.0,-570071.0,-2.5194,0.7657,0.9851,49,68.04,-0.2971
COL,CPT,Bulk_Carrier,Coal,7888.4,15.22,243661.0,49453.0,23259.0,-498220.0,-21.4206,0.7603,1.2139,36,79.05,-0.2762
BUS,RTM,Reefer,Frozen Fish,8936.6,12.93,272679.0,111751.0,14130.0,-564183.0,-39.9274,0.7683,1.0218,43,38.38,-0.146
SAN,LAG,Tanker,Crude Oil,6362.4,10.97,200891.0,64068.0,16488.0,-413055.0,-25.0511,0.9752,1.1272,41,63.08,-0.1939
JEA,RTM,Bulk_Carrier,Coal,5176.2,9.87,136100.0,99988.0,26656.0,-357453.0,-13.41,0.8894,1.1893,39,54.88,-0.1533
LAG,RTM,Bulk_Carrier,Grain,5056.8,8.84,145433.0,89786.0,50472.0,-317303.0,-6.2867,0.8223,1.2179,46,42.59,-0.1062
CPT,COL,Container_Ship,Electronics,7888.4,9.35,1000845.0,53676.0,251431.0,-943281.0,-3.7516,0.7935,1.0562,69,87.94,-0.5818
HOU,MUM,Reefer,Perishables,14456.2,18.64,473125.0,111001.0,11070.0,-852655.0,-77.0214,0.8238,1.2442,56,50.61,-0.2424
BUS,TYO,Reefer,Perishables,959.3,1.21,29696.0,132973.0,9709.0,-171049.0,-17.6183,0.9333,0.9632,56,35.8,-0.0582
LAX,HOU,Tanker,Fuel Oil,2204.4,3.6,66493.0,140514.0,64316.0,-196750.0,-3.0591,0.7871,0.9727,19,32.41,-0.057
SHA,SGP,Reefer,Pharmaceuticals,3810.3,4.83,104972.0,105911.0,90758.0,-192608.0,-2.1222,0.7839,1.206,46,40.68,-0.065
RTM,SYD,Reefer,Frozen Fish,16689.6,24.38,641440.0,121198.0,19607.0,-1108715.0,-56.5473,0.9597,1.135,34,87.83,-0.5122
HAM,HOU,Tanker,Crude Oil,8306.0,13.89,280978.0,120033.0,12394.0,-596956.0,-48.1637,0.7626,1.0835,53,30.22,-0.1246
COL,LAX,Container_Ship,Auto Parts,15107.0,15.59,1709617.0,98715.0,248100.0,-1794062.0,-7.2312,0.8708,1.0552,33,32.15,-0.3177
ANT,CPT,Bulk_Carrier,Grain,9566.7,17.86,265951.0,83527.0,58747.0,-558618.0,-9.5088,0.9877,1.1802,62,49.36,-0.1818
LAG,BUS,Container_Ship,Auto Parts,12692.5,14.71,1426945.0,76253.0,196657.0,-1527144.0,-7.7655,0.7519,0.9687,34,45.35,-0.4109
NYK,KHI,Reefer,Pharmaceuticals,11689.8,14.65,322847.0,100822.0,85433.0,-557985.0,-6.5313,0.8995,0.9894,57,57.85,-0.1979
NYK,JEA,Bulk_Carrier,Bauxite,11017.6,21.45,344087.0,118193.0,8554.0,-775497.0,-90.6538,0.9273,1.025,43,67.78,-0.3296
TYO,NYK,Reefer,Frozen Fish,10853.1,15.07,400731.0,152971.0,14701.0,-765000.0,-52.0377,0.815,1.0022,27,78.14,-0.3769
COL,SYD,Container_Ship,Electronics,8748.1,10.41,1072813.0,88064.0,287934.0,-1029056.0,-3.5739,0.9296,1.0325,49,31.98,-0.2235
SYD,SAN,LNG_Carrier,LNG,13322.4,17.09,1453497.0,87829.0,18908.0,-1778753.0,-94.0736,0.7891,0.9128,27,54.75,-0.5664
ANT,LAX,Reefer,Perishables,9036.9,11.56,244189.0,126276.0,9844.0,-533972.0,-54.242,0.8477,1.0753,48,50.69,-0.1819
SYD,MUM,Reefer,Frozen Fish,10150.5,14.44,358721.0,94550.0,17337.0,-652471.0,-37.6346,0.7898,1.2195,50,31.54,-0.1329
SYD,JEA,Container_Ship,Containers,12058.9,13.5,1335368.0,104033.0,105702.0,-1536128.0,-14.5327,0.9494,1.0309,48,61.83,-0.5752
LAX,SYD,Reefer,Pharmaceuticals,12054.8,15.41,350251.0,122691.0,77595.0,-626559.0,-8.0747,0.8303,0.9735,64,46.68,-0.1772
LAX,LAG,Container_Ship,Containers,12430.0,14.49,1381205.0,89736.0,99047.0,-1589232.0,-16.0452,0.9028,1.0158,18,78.07,-0.7424
COL,SGP,Container_Ship,Containers,2732.3,2.96,350698.0,64072.0,99023.0,-360183.0,-3.6374,0.8561,1.0711,59,31.37,-0.0985
SHA,ANT,Container_Ship,Electronics,8980.7,9.23,1044950.0,122922.0,262921.0,-1043378.0,-3.9684,0.9619,0.9111,29,81.86,-0.5752
BUS,TYO,Bulk_Carrier,Grain,959.3,1.74,27543.0,118326.0,49878.0,-122060.0,-2.4472,0.9846,1.0051,63,36.21,-0.042
HOU,SYD,Tanker,Fuel Oil,13818.5,22.8,483561.0,140592.0,82233.0,-883951.0,-10.7494,0.9125,1.0729,20,33.85,-0.1713
SGP,BUS,Container_Ship,Machinery,4583.4,4.86,483459.0,95982.0,212748.0,-439617.0,-2.0664,0.9336,1.1868,37,56.5,-0.1991
LAX,HOU,Bulk_Carrier,Iron Ore,2204.4,4.11,64652.0,124784.0,21230.0,-229846.0,-10.8263,0.9116,1.1762,53,67.66,-0.139
TYO,SGP,Reefer,Pharmaceuticals,5314.4,7.29,192207.0,129791.0,83070.0,-348316.0,-4.193,0.8495,1.0187,60,38.09,-0.1031
SYD,RTM,LNG_Carrier,LPG,16689.6,22.94,1733389.0,126392.0,21026.0,-2182795.0,-103.8136,0.9443,1.0603,68,34.16,-0.3921
SHA,HOU,Tanker,Crude Oil,12195.4,22.89,479722.0,116226.0,12915.0,-926336.0,-71.7238,0.9181,0.9378,31,87.94,-0.4912
SGP,KHI,Tanker,Chemical,4744.0,8.02,168760.0,69473.0,156155.0,-202407.0,-1.2962,0.952,0.9649,33,37.95,-0.0612
NYK,LAX,Container_Ship,Containers,3948.9,4.05,396440.0,144524.0,100623.0,-501100.0,-4.98,0.821,1.1348,35,87.41,-0.3611
SAN,SYD,LNG_Carrier,LNG,13322.4,18.19,1339041.0,84800.0,20084.0,-1676650.0,-83.4836,0.846,0.9044,32,34.19,-0.3334
SHA,KHI,Reefer,Pharmaceuticals,5340.0,7.44,160585.0,76680.0,86301.0,-262596.0,-3.0428,0.8184,1.0984,31,57.17,-0.1165
HAM,BUS,Tanker,Fuel Oil,8550.1,14.85,280488.0,103701.0,86784.0,-520130.0,-5.9934,0.8825,1.1707,43,40.95,-0.1457
CPT,HOU,Bulk_Carrier,Iron Ore,13853.3,28.06,371433.0,98400.0,18761.0,-871971.0,-46.4771,0.9655,0.9814,68,79.04,-0.3943
LAX,TYO,Bulk_Carrier,Grain,8839.0,17.47,267679.0,138408.0,49882.0,-618295.0,-12.3951,0.9116,1.0857,47,35.33,-0.1479
MUM,BUS,Bulk_Carrier,Grain,5775.4,10.4,167833.0,77028.0,41513.0,-359335.0,-8.6559,0.8383,0.9826,42,72.79,-0.1994
TYO,ANT,Bulk_Carrier,Bauxite,9411.9,18.38,251459.0,138099.0,8305.0,-656990.0,-79.1059,0.8793,1.0494,34,68.68,-0.2992
SAN,HOU,Container_Ship,Machinery,7942.5,8.43,1007974.0,99634.0,169476.0,-1064561.0,-6.2815,0.9004,0.9803,20,87.73,-0.6536
HAM,KHI,Reefer,Refrigerated Goods,5660.0,7.09,157407.0,77945.0,10395.0,-331378.0,-31.8778,0.7781,0.9277,38,86.02,-0.2183
SGP,LAX,Container_Ship,Machinery,14141.5,15.93,1808906.0,109630.0,131399.0,-2026023.0,-15.4189,0.7582,0.9026,63,52.83,-0.6069
ANT,RTM,Reefer,Pharmaceuticals,78.1,0.11,2332.0,121513.0,86596.0,-38879.0,-0.449,0.7578,1.1903,35,75.41,-0.0292
SHA,NYK,Bulk_Carrier,Coal,11860.8,22.08,338530.0,140686.0,25647.0,-784729.0,-30.5967,0.9457,1.0762,64,33.22,-0.1589
HOU,NYK,Bulk_Carrier,Grain,2277.1,4.6,71359.0,146677.0,47191.0,-239795.0,-5.0813,0.7727,1.2117,63,85.79,-0.1832
MUM,JEA,LNG_Carrier,LPG,1954.2,2.69,215046.0,74678.0,19160.0,-310950.0,-16.2295,0.8904,1.0246,29,57.04,-0.1604
ANT,JEA,Tanker,Chemical,5160.9,8.36,162317.0,91191.0,146525.0,-232430.0,-1.5863,0.8651,0.9963,44,37.23,-0.0677
NYK,LAG,LNG_Carrier,LNG,8481.1,11.75,1012890.0,105982.0,27887.0,-1267302.0,-45.4449,0.86,1.2352,22,55.42,-0.4817
CPT,SAN,Bulk_Carrier,Grain,6297.2,11.66,165162.0,56713.0,38513.0,-358315.0,-9.3037,0.815,0.9376,39,61.03,-0.1632
BUS,SHA,Tanker,Chemical,832.1,1.45,28074.0,103721.0,156919.0,3350.0,0.0213,0.8801,1.0489,50,51.55,0.0017
BUS,CPT,Reefer,Pharmaceuticals,13800.1,18.26,441702.0,75797.0,87859.0,-703606.0,-8.0083,0.9694,0.9441,56,85.23,-0.3436
LAX,BUS,Bulk_Carrier,Coal,9637.7,17.56,256997.0,126037.0,21917.0,-624463.0,-28.4916,0.9135,0.9521,35,55.17,-0.2266
CPT,SYD,Bulk_Carrier,Coal,11011.7,20.36,336099.0,82523.0,27259.0,-696688.0,-25.5578,0.9071,1.1925,60,39.13,-0.171
HAM,SYD,Container_Ship,Machinery,16284.4,17.87,1976533.0,124912.0,156558.0,-2212998.0,-14.1354,0.7637,1.0677,45,70.26,-0.8274
NYK,BUS,LNG_Carrier,LNG,11254.3,15.37,1134722.0,131481.0,22813.0,-1473937.0,-64.6082,0.9174,0.9473,35,73.45,-0.6734
SAN,HAM,Container_Ship,Containers,10166.5,11.14,1193359.0,97807.0,81716.0,-1376616.0,-16.8463,0.7665,0.9871,51,79.52,-0.7067
TYO,HAM,LNG_Carrier,LPG,8979.6,11.97,1023973.0,138962.0,20366.0,-1322108.0,-64.9184,0.8234,1.1777,58,71.81,-0.6394
SYD,MUM,Bulk_Carrier,Iron Ore,10150.5,18.06,264585.0,86468.0,15707.0,-606316.0,-38.6005,0.8182,0.9696,38,65.15,-0.2552
ANT,COL,Container_Ship,Containers,8396.7,8.85,1055807.0,83214.0,93182.0,-1178594.0,-12.6483,0.7844,1.1,55,83.05,-0.6735
LAX,ANT,Reefer,Frozen Fish,9036.9,11.91,266708.0,132849.0,13445.0,-564793.0,-42.0081,0.7614,0.981,59,77.95,-0.2959
MUM,CPT,Reefer,Pharmaceuticals,8227.2,11.91,301844.0,61327.0,83524.0,-458327.0,-5.4874,0.8605,1.0111,51,72.78,-0.231
KHI,SHA,Bulk_Carrier,Grain,5340.0,9.36,136625.0,82794.0,39877.0,-319903.0,-8.0223,0.8288,0.9546,52,73.68,-0.183
LAX,HAM,Tanker,Crude Oil,9100.3,14.78,298434.0,128761.0,15878.0,-633070.0,-39.872,0.876,1.2083,45,75.59,-0.3209
KHI,LAG,Bulk_Carrier,Iron Ore,7048.8,12.89,209280.0,57072.0,21824.0,-437907.0,-20.065,0.9054,1.2174,34,46.47,-0.1474
SHA,ANT,Tanker,Chemical,8980.7,15.68,300017.0,105996.0,159205.0,-481956.0,-3.0273,0.9972,0.9391,22,59.45,-0.193
ANT,HAM,Tanker,Chemical,453.6,0.75,16381.0,121834.0,175988.0,26518.0,0.1507,0.9296,1.1136,60,72.97,0.0189
KHI,SAN,Bulk_Carrier,Iron Ore,13337.2,24.32,387710.0,53693.0,20795.0,-785408.0,-37.769,0.8613,1.2194,41,52.1,-0.2379
SHA,LAX,Container_Ship,Auto Parts,10457.0,11.76,1369378.0,110014.0,266984.0,-1388757.0,-5.2017,0.9887,1.0001,24,32.18,-0.2856
SYD,ANT,Tanker,Crude Oil,16725.3,27.82,514556.0,107089.0,13047.0,-1025970.0,-78.6376,0.9539,0.9119,38,45.24,-0.2439
TYO,COL,Container_Ship,Electronics,6846.1,7.39,813640.0,105124.0,215948.0,-813641.0,-3.7678,0.7677,0.9376,44,37.8,-0.2245
SAN,BUS,Reefer,Perishables,18691.4,25.7,576842.0,89036.0,9040.0,-1042330.0,-115.3044,0.8919,0.9385,21,78.81,-0.4088
HOU,HAM,Container_Ship,Electronics,8306.0,9.82,1012536.0,121258.0,298390.0,-982750.0,-3.2935,0.9911,1.0035,70,75.56,-0.5127
COL,JEA,Container_Ship,Auto Parts,3316.6,3.93,455949.0,62254.0,274821.0,-302282.0,-1.0999,0.8336,1.2211,50,43.33,-0.1111
SYD,SAN,Bulk_Carrier,Coal,13322.4,25.81,376596.0,97966.0,22555.0,-839230.0,-37.2081,0.8064,1.11,31,76.02,-0.3711
RTM,MUM,Container_Ship,Auto Parts,6887.0,7.29,716341.0,89952.0,311158.0,-604439.0,-1.9425,0.9321,1.2364,20,88.13,-0.3883
HAM,COL,LNG_Carrier,LPG,8074.9,9.86,789820.0,77659.0,20061.0,-995319.0,-49.6154,0.8679,1.1007,31,77.65,-0.5382
CPT,TYO,Bulk_Carrier,Iron Ore,14727.6,29.72,449456.0,99103.0,17446.0,-976908.0,-55.9946,0.9378,0.9396,32,50.77,-0.2763
HOU,NYK,Container_Ship,Auto Parts,2277.1,2.42,265130.0,150705.0,247904.0,-204227.0,-0.8238,0.8866,1.0356,52,36.64,-0.0666
TYO,SAN,Bulk_Carrier,Iron Ore,18591.0,33.26,490594.0,118204.0,15341.0,-1092299.0,-71.2009,0.7738,1.0013,58,45.45,-0.2478
ANT,LAG,LNG_Carrier,LNG,4978.7,6.04,421850.0,96485.0,24322.0,-584631.0,-24.0371,0.7593,1.2203,61,85.73,-0.395
JEA,SHA,Tanker,Fuel Oil,6458.3,11.81,272962.0,99313.0,88336.0,-461021.0,-5.2189,0.9613,1.094,22,49.93,-0.1707
COL,SHA,Reefer,Perishables,5092.6,6.39,142118.0,81589.0,8738.0,-310855.0,-35.5755,0.8165,0.9909,18,76.9,-0.1875
SYD,NYK,Reefer,Pharmaceuticals,15985.3,21.51,472505.0,127183.0,73441.0,-848852.0,-11.5583,0.8177,0.9356,61,30.51,-0.139
LAX,SAN,LNG_Carrier,LNG,9942.3,11.95,817207.0,105683.0,27535.0,-1074667.0,-39.0297,0.9178,1.1429,40,43.07,-0.3012
SAN,LAX,Tanker,Chemical,9942.3,18.07,341276.0,103784.0,167843.0,-548316.0,-3.2668,0.9309,1.0606,40,51.7,-0.1845
SAN,JEA,Reefer,Perishables,12181.9,17.12,431601.0,73002.0,8976.0,-752461.0,-83.8261,0.7705,1.0787,37,44.42,-0.2016
SHA,COL,Tanker,Crude Oil,5092.6,9.13,198486.0,85127.0,12789.0,-407802.0,-31.886,0.8297,1.0277,60,60.9,-0.1948
NYK,ANT,Reefer,Frozen Fish,5881.5,7.4,163111.0,144296.0,14588.0,-403818.0,-27.6814,0.8391,0.9659,28,69.3,-0.2124
NYK,KHI,Reefer,Frozen Fish,11689.8,16.25,390071.0,99714.0,20074.0,-713503.0,-35.5431,0.9633,1.1577,21,47.98,-0.2098
SAN,MUM,Bulk_Carrier,Grain,13740.7,23.86,357720.0,60843.0,46230.0,-730159.0,-15.794,0.8485,1.081,62,74.4,-0.3119
BUS,HAM,Reefer,Frozen Fish,8550.1,12.03,266309.0,120506.0,17128.0,-550145.0,-32.12,0.7845,1.213,33,56.71,-0.2135
SYD,JEA,LNG_Carrier,LPG,12058.9,15.77,1200471.0,97905.0,16050.0,-1518905.0,-94.6352,0.7776,0.9829,69,80.18,-0.7376
LAX,ANT,Bulk_Carrier,Bauxite,9036.9,17.39,266685.0,115524.0,9899.0,-633181.0,-63.9613,0.8887,1.2377,38,52.73,-0.2244
LAX,TYO,Tanker,Crude Oil,8839.0,16.61,374225.0,150903.0,13450.0,-760782.0,-56.5619,0.7552,1.1873,49,40.27,-0.2074
JEA,RTM,Bulk_Carrier,Bauxite,5176.2,9.58,156225.0,90742.0,7485.0,-383130.0,-51.1886,0.7992,1.0406,25,75.67,-0.2266
CPT,SAN,Reefer,Refrigerated Goods,6297.2,8.73,204675.0,59825.0,16560.0,-378841.0,-22.8771,0.9554,1.2036,34,31.83,-0.09
JEA,HAM,LNG_Carrier,LPG,4892.2,6.48,518130.0,97272.0,18072.0,-694602.0,-38.4346,0.7776,1.1068,52,32.03,-0.176
JEA,LAG,Container_Ship,Machinery,5856.7,6.32,683582.0,69588.0,170258.0,-677731.0,-3.9806,0.8895,0.9969,62,73.36,-0.3777
SYD,COL,Bulk_Carrier,Bauxite,8748.1,16.53,231654.0,75991.0,7345.0,-548205.0,-74.6393,0.8795,0.9279,22,88.57,-0.3298
LAX,NYK,LNG_Carrier,LPG,3948.9,5.43,409701.0,136845.0,18005.0,-609923.0,-33.8751,0.868,0.9878,29,74.89,-0.3765
TYO,LAX,Bulk_Carrier,Iron Ore,8839.0,15.59,211364.0,145409.0,19889.0,-570694.0,-28.6936,0.9266,1.0841,49,35.67,-0.1378
HAM,LAG,Container_Ship,Machinery,5272.3,5.89,617450.0,88039.0,176541.0,-617271.0,-3.4965,0.8901,1.033,67,34.4,-0.1653
SHA,NYK,LNG_Carrier,LNG,11860.8,15.83,1283930.0,139091.0,28539.0,-1631862.0,-57.1809,0.9822,1.1069,31,45.61,-0.4538
LAX,SGP,Container_Ship,Machinery,14141.5,14.63,1712775.0,112278.0,179183.0,-1865322.0,-10.4102,0.8035,1.1615,58,79.18,-0.8375
HAM,ANT,LNG_Carrier,LNG,453.6,0.58,49591.0,123183.0,24825.0,-156581.0,-6.3073,0.7612,1.2425,34,68.47,-0.1046
LAX,RTM,LNG_Carrier,LNG,8985.5,11.36,967997.0,130316.0,20241.0,-1248467.0,-61.6807,0.8247,0.9349,26,30.19,-0.2538
LAG,MUM,Reefer,Pharmaceuticals,7617.6,9.67,257073.0,57018.0,74276.0,-384810.0,-5.1808,0.7579,1.0209,69,69.2,-0.1887
RTM,HOU,LNG_Carrier,LPG,8072.0,11.11,888122.0,145161.0,24330.0,-1175656.0,-48.3211,0.9912,1.1689,63,49.38,-0.4043
SYD,JEA,Reefer,Refrigerated Goods,12058.9,15.83,381941.0,89875.0,17645.0,-691549.0,-39.1912,0.9892,1.2388,30,77.66,-0.3252
HOU,SYD,Container_Ship,Electronics,13818.5,15.01,1479023.0,137573.0,296275.0,-1545488.0,-5.2164,0.8185,1.2066,64,71.39,-0.6319
TYO,KHI,Container_Ship,Machinery,6926.4,7.13,829436.0,111106.0,208148.0,-839287.0,-4.0322,0.9048,1.1981,55,52.1,-0.3182
LAG,COL,Bulk_Carrier,Iron Ore,8435.8,16.8,231753.0,55956.0,14962.0,-524704.0,-35.0687,0.7537,1.0027,21,63.52,-0.229
JEA,HOU,Tanker,Crude Oil,13157.3,22.08,432343.0,112698.0,11828.0,-864432.0,-73.0815,0.7682,1.0265,36,81.58,-0.4123
JEA,ANT,Tanker,Chemical,5160.9,9.63,184607.0,99015.0,176972.0,-251043.0,-1.4186,0.8528,1.2207,35,88.29,-0.1733
HOU,TYO,LNG_Carrier,LNG,10740.5,12.76,1059601.0,141995.0,26110.0,-1366945.0,-52.3538,0.9097,1.0934,70,74.67,-0.6461
ANT,COL,Tanker,Fuel Oil,8396.7,14.77,299572.0,76263.0,73998.0,-523342.0,-7.0724,0.7873,1.1189,63,84.33,-0.3037
CPT,HAM,Container_Ship,Electronics,9764.5,10.84,1190954.0,95882.0,293040.0,-1156445.0,-3.9464,0.9269,1.0538,41,43.25,-0.3275
RTM,ANT,LNG_Carrier,LNG,78.1,0.1,7057.0,124658.0,25150.0,-108098.0,-4.2981,0.9527,1.0057,46,81.54,-0.0878
ANT,SHA,Tanker,Crude Oil,8980.7,14.91,320636.0,104875.0,14816.0,-634372.0,-42.8157,0.9183,1.0756,66,73.59,-0.3144
COL,CPT,Container_Ship,Containers,7888.4,8.19,948383.0,53827.0,97615.0,-1027512.0,-10.5262,0.9512,0.9502,51,86.65,-0.6244
SYD,LAG,Container_Ship,Electronics,15517.5,16.89,1878806.0,93081.0,329793.0,-1895460.0,-5.7474,0.9267,1.1863,61,46.67,-0.4813
RTM,LAG,Tanker,Chemical,5056.8,8.52,188705.0,91137.0,150720.0,-256945.0,-1.7048,0.785,1.1295,22,65.82,-0.1328
SYD,HOU,Bulk_Carrier,Grain,13818.5,25.95,387763.0,137484.0,43708.0,-870786.0,-19.9229,0.8672,1.0,43,89.96,-0.4486
NYK,BUS,Reefer,Refrigerated Goods,11254.3,16.18,390274.0,128931.0,12151.0,-749787.0,-61.7076,0.7535,1.1199,62,38.28,-0.1785
LAX,TYO,Reefer,Frozen Fish,8839.0,11.96,260915.0,145924.0,18547.0,-567760.0,-30.6116,0.9502,1.0844,71,53.09,-0.204
RTM,KHI,Reefer,Refrigerated Goods,5993.9,8.37,191402.0,86166.0,13596.0,-389482.0,-28.6469,0.7801,1.2103,62,45.04,-0.1325
HAM,JEA,Reefer,Perishables,4892.2,6.59,155801.0,101223.0,10376.0,-345566.0,-33.3043,0.9138,1.0513,37,74.17,-0.2028
HOU,SYD,Reefer,Frozen Fish,13818.5,17.58,409639.0,120205.0,16598.0,-776899.0,-46.8057,0.8369,1.1018,29,72.2,-0.3212
RTM,SGP,LNG_Carrier,LNG,10534.9,13.51,1112839.0,113133.0,21686.0,-1406942.0,-64.8771,0.7833,1.0547,34,30.01,-0.2691
HAM,COL,Reefer,Perishables,8074.9,11.48,254740.0,76617.0,8310.0,-495187.0,-59.5874,0.7511,1.0244,18,68.11,-0.2349
LAG,MUM,LNG_Carrier,LPG,7617.6,10.11,686354.0,64982.0,20583.0,-882418.0,-42.8702,0.8543,1.1474,35,89.6,-0.5602
HOU,SYD,Container_Ship,Machinery,13818.5,15.04,1655055.0,128761.0,188253.0,-1821207.0,-9.6742,0.8134,1.2055,22,69.58,-0.7258
ANT,KHI,Container_Ship,Auto Parts,5992.6,6.46,614644.0,81678.0,234203.0,-558993.0,-2.3868,0.8348,1.0391,22,82.44,-0.3482
JEA,COL,Tanker,Chemical,3316.6,6.11,123811.0,56766.0,150284.0,-121894.0,-0.8111,0.7845,1.1269,21,61.87,-0.064
SAN,LAG,LNG_Carrier,LPG,6362.4,8.41,620712.0,60220.0,20891.0,-786237.0,-37.6344,0.9743,1.0211,58,64.6,-0.378
LAX,NYK,LNG_Carrier,LNG,3948.9,5.06,367668.0,145344.0,25500.0,-563440.0,-22.096,0.8548,1.1365,21,44.71,-0.2077
COL,NYK,LNG_Carrier,LPG,14086.8,17.1,1382326.0,95854.0,22061.0,-1712548.0,-77.6264,0.962,1.092,59,64.16,-0.6241
SAN,MUM,Reefer,Perishables,13740.7,18.34,456613.0,63947.0,9295.0,-786404.0,-84.6039,0.8282,1.0392,56,83.58,-0.3773
RTM,TYO,Tanker,Fuel Oil,9345.2,17.37,329678.0,127860.0,94784.0,-623353.0,-6.5766,0.9183,1.2287,58,43.47,-0.1801
SAN,CPT,LNG_Carrier,LNG,6297.2,8.0,548839.0,67150.0,30486.0,-705576.0,-23.1439,0.9415,1.2335,54,73.63,-0.3877
HAM,NYK,Bulk_Carrier,Grain,6125.8,11.89,164317.0,147930.0,42943.0,-447707.0,-10.4255,0.8767,0.9719,32,37.02,-0.1246
RTM,CPT,Tanker,Fuel Oil,9642.1,15.8,314964.0,88240.0,77815.0,-562322.0,-7.2264,0.9271,0.9992,58,84.95,-0.3141
COL,LAG,Bulk_Carrier,Grain,8435.8,14.66,194443.0,55580.0,42275.0,-427650.0,-10.1158,0.853,0.9834,49,84.36,-0.2479
BUS,MUM,Tanker,Crude Oil,5775.4,10.73,198222.0,83136.0,17141.0,-425162.0,-24.8042,0.9751,1.1719,34,66.62,-0.2159
LAG,HOU,Reefer,Frozen Fish,10488.9,14.98,393746.0,96514.0,18123.0,-696873.0,-38.4533,0.9259,1.0874,66,50.02,-0.2226
NYK,TYO,Bulk_Carrier,Iron Ore,10853.1,19.04,270336.0,158525.0,14212.0,-700303.0,-49.2737,0.7932,0.905,30,84.81,-0.3745
RTM,TYO,Reefer,Pharmaceuticals,9345.2,12.19,255965.0,141143.0,102757.0,-477205.0,-4.644,0.9334,1.1468,23,67.25,-0.2133
ANT,COL,Tanker,Fuel Oil,8396.7,15.87,344492.0,79013.0,78129.0,-583457.0,-7.4679,0.771,1.2064,30,40.41,-0.1622
ANT,MUM,LNG_Carrier,LNG,6885.8,9.26,776369.0,85609.0,26269.0,-974605.0,-37.101,0.9567,1.046,46,64.05,-0.455
LAX,COL,LNG_Carrier,LNG,15107.0,19.49,1442899.0,82604.0,20330.0,-1797459.0,-88.4151,0.8426,0.9191,58,87.38,-0.8651
CPT,TYO,Tanker,Crude Oil,14727.6,26.18,576266.0,102948.0,16708.0,-1055188.0,-63.156,0.9971,1.117,70,59.81,-0.3516
SGP,KHI,Container_Ship,Electronics,4744.0,5.13,486617.0,64197.0,287956.0,-339810.0,-1.1801,0.8039,1.1941,44,52.48,-0.142
TYO,SGP,LNG_Carrier,LPG,5314.4,6.87,489924.0,121448.0,18409.0,-695967.0,-37.8068,0.8536,1.0269,38,85.03,-0.4598
SGP,COL,Bulk_Carrier,Grain,2732.3,4.77,64670.0,70392.0,42336.0,-164214.0,-3.8788,0.8679,0.9678,54,46.05,-0.0659
LAX,HAM,Tanker,Crude Oil,9100.3,15.66,352837.0,129853.0,14908.0,-702676.0,-47.1346,0.9984,0.9954,51,69.06,-0.3254
ANT,SYD,LNG_Carrier,LNG,16725.3,21.38,1762552.0,115274.0,21842.0,-2176679.0,-99.6545,0.8873,0.9378,31,34.45,-0.3941
BUS,CPT,Bulk_Carrier,Iron Ore,13800.1,25.99,428222.0,84407.0,18772.0,-883647.0,-47.0726,0.9924,0.9554,26,44.24,-0.224
MUM,HAM,Container_Ship,Electronics,6551.7,7.21,678295.0,95230.0,302476.0,-579165.0,-1.9147,0.8269,1.2193,56,83.19,-0.3559
SHA,HOU,Bulk_Carrier,Iron Ore,12195.4,21.79,342044.0,115949.0,18449.0,-766423.0,-41.5426,0.8745,1.0654,45,36.16,-0.1671
MUM,KHI,LNG_Carrier,LPG,893.2,1.09,86635.0,49079.0,19404.0,-132705.0,-6.8391,0.8839,1.0454,51,66.68,-0.0844
KHI,HOU,LNG_Carrier,LNG,13656.9,18.32,1445189.0,85068.0,28985.0,-1776117.0,-61.2774,0.9624,1.1474,70,56.68,-0.5794
LAX,HAM,Tanker,Crude Oil,9100.3,15.04,299047.0,118709.0,14229.0,-629186.0,-44.217,0.7999,1.186,46,33.48,-0.1412
HOU,LAX,Bulk_Carrier,Grain,2204.4,4.45,66521.0,132442.0,44626.0,-221066.0,-4.9538,0.9713,0.9116,60,46.11,-0.0911
BUS,HOU,Bulk_Carrier,Bauxite,11424.5,19.91,331805.0,128392.0,8211.0,-750701.0,-91.4255,0.9525,0.9578,20,60.59,-0.2813
SHA,MUM,Reefer,Pharmaceuticals,5043.9,7.26,183582.0,79519.0,85557.0,-286401.0,-3.3475,0.879,1.0139,50,41.88,-0.0943
ANT,HAM,LNG_Carrier,LPG,453.6,0.58,46889.0,126603.0,20390.0,-161734.0,-7.9322,0.9905,0.9803,28,76.97,-0.1215
SYD,COL,Bulk_Carrier,Bauxite,8748.1,15.48,257456.0,86219.0,8144.0,-567731.0,-69.7094,0.8616,1.0503,63,72.99,-0.2815
KHI,NYK,Reefer,Perishables,11689.8,15.96,411720.0,87656.0,11229.0,-727582.0,-64.7945,0.9641,1.0784,31,54.23,-0.2419
JEA,SHA,Tanker,Fuel Oil,6458.3,10.92,206626.0,95967.0,72931.0,-393451.0,-5.3948,0.8872,0.9786,29,76.25,-0.2224
SAN,ANT,Container_Ship,Containers,9716.8,10.33,1205573.0,89469.0,111493.0,-1338570.0,-12.0059,0.8907,1.159,56,40.08,-0.3519
BUS,NYK,Bulk_Carrier,Grain,11254.3,19.63,324164.0,133066.0,37127.0,-714525.0,-19.2456,0.8097,0.9098,67,40.87,-0.1817
COL,RTM,Bulk_Carrier,Grain,8401.4,14.62,196190.0,82046.0,42576.0,-454898.0,-10.6844,0.8117,1.0408,20,52.17,-0.1633
COL,SGP,Reefer,Pharmaceuticals,2732.3,3.83,81255.0,68592.0,91279.0,-116024.0,-1.2711,0.9787,0.9715,45,41.02,-0.0415
COL,ANT,Bulk_Carrier,Bauxite,8396.7,15.62,237107.0,84706.0,9908.0,-546153.0,-55.1245,0.977,1.1267,65,37.47,-0.1408
TYO,HAM,Container_Ship,Electronics,8979.6,10.79,1183027.0,150529.0,245896.0,-1249494.0,-5.0814,0.7558,1.0845,45,75.9,-0.6387
SHA,HAM,Bulk_Carrier,Coal,8527.4,14.87,197078.0,104581.0,25481.0,-499194.0,-19.5912,0.8286,1.2202,43,78.61,-0.2687
BUS,HAM,LNG_Carrier,LNG,8550.1,10.42,855755.0,112903.0,23812.0,-1101080.0,-46.2415,0.9744,0.9309,29,42.21,-0.3179
COL,TYO,Bulk_Carrier,Iron Ore,6846.1,13.63,210097.0,103192.0,20764.0,-497043.0,-23.9381,0.9645,1.0873,47,49.14,-0.1783
HOU,SGP,Reefer,Perishables,16004.8,21.91,549060.0,125027.0,13191.0,-989604.0,-75.0228,0.9787,1.248,49,80.27,-0.4261
BUS,ANT,Reefer,Perishables,8997.1,12.39,308400.0,107301.0,12129.0,-589476.0,-48.5992,0.9487,1.1838,44,43.35,-0.172
SYD,LAG,Bulk_Carrier,Bauxite,15517.5,27.29,359663.0,94154.0,9121.0,-854056.0,-93.6385,0.8179,1.239,27,55.71,-0.2589
LAG,LAX,Reefer,Refrigerated Goods,12430.0,17.77,413236.0,87365.0,11726.0,-755365.0,-64.4157,0.8147,0.9995,67,70.19,-0.3173
HAM,CPT,Tanker,Crude Oil,9764.5,17.8,355065.0,84787.0,13968.0,-692854.0,-49.6023,0.9368,0.9941,30,86.9,-0.3942
COL,LAX,Tanker,Chemical,15107.0,25.29,560923.0,89530.0,174713.0,-855164.0,-4.8947,0.881,1.1666,19,52.85,-0.2489
RTM,HOU,Tanker,Crude Oil,8072.0,13.45,290964.0,133143.0,12248.0,-613566.0,-50.097,0.8886,0.9189,66,39.11,-0.1671
TYO,LAX,Reefer,Refrigerated Goods,8839.0,12.93,286930.0,156071.0,15044.0,-621910.0,-41.3396,0.9502,1.0995,21,32.94,-0.1387
SYD,SGP,Container_Ship,Machinery,6299.1,7.47,723008.0,94922.0,165761.0,-764242.0,-4.6105,0.7716,1.1189,22,47.99,-0.2737
BUS,RTM,Tanker,Crude Oil,8936.6,15.46,346914.0,118243.0,14053.0,-683032.0,-48.6035,0.803,1.1667,24,62.59,-0.2884
SHA,NYK,Tanker,Chemical,11860.8,20.5,468575.0,128189.0,147398.0,-756846.0,-5.1347,0.8396,1.0327,71,50.48,-0.2329
CPT,BUS,Container_Ship,Electronics,13800.1,15.97,1866398.0,85459.0,221745.0,-1969725.0,-8.8828,0.7907,0.9348,45,66.8,-0.754
SYD,KHI,Container_Ship,Machinery,11020.1,11.45,1199885.0,87026.0,201976.0,-1256678.0,-6.2219,0.9368,1.1229,40,34.91,-0.275
TYO,NYK,Container_Ship,Electronics,10853.1,12.83,1509945.0,148019.0,327460.0,-1523024.0,-4.651,0.9646,1.1316,40,83.34,-0.8003
ANT,COL,Bulk_Carrier,Grain,8396.7,15.5,243739.0,77846.0,46459.0,-507589.0,-10.9255,0.7645,1.2058,24,72.23,-0.2523
HOU,TYO,Bulk_Carrier,Bauxite,10740.5,18.7,282395.0,135203.0,8324.0,-689768.0,-82.8686,0.975,0.9485,43,58.82,-0.2568
LAG,HOU,LNG_Carrier,LPG,10488.9,12.51,1016354.0,95093.0,20661.0,-1278368.0,-61.873,0.8579,1.1468,21,58.49,-0.4774
BUS,ANT,Bulk_Carrier,Grain,8997.1,17.17,240711.0,112867.0,60349.0,-550781.0,-9.1265,0.9852,1.2154,35,31.62,-0.1172
LAG,BUS,Container_Ship,Machinery,12692.5,14.71,1499683.0,83563.0,178119.0,-1625708.0,-9.1271,0.799,1.161,48,55.54,-0.5358
BUS,COL,Tanker,Crude Oil,5911.7,9.76,181166.0,78725.0,14293.0,-391979.0,-27.4254,0.8291,1.1493,18,59.41,-0.1765
SYD,HOU,Bulk_Carrier,Bauxite,13818.5,26.04,376999.0,129376.0,8193.0,-888851.0,-108.4895,0.9868,0.9225,55,70.46,-0.3587
SGP,TYO,Tanker,Crude Oil,5314.4,8.77,202562.0,120171.0,14953.0,-439277.0,-29.3773,0.8971,1.1112,55,80.02,-0.2731
TYO,CPT,Tanker,Fuel Oil,14727.6,27.42,615419.0,111535.0,58909.0,-1079368.0,-18.3225,0.7644,0.9175,62,35.06,-0.2108
SGP,HAM,Container_Ship,Electronics,10154.8,11.34,1112084.0,103821.0,219365.0,-1166672.0,-5.3184,0.775,0.9435,22,74.63,-0.5623
SYD,HOU,Bulk_Carrier,Coal,13818.5,26.01,357070.0,116719.0,23113.0,-840774.0,-36.3771,0.84,1.0919,69,61.43,-0.2958
KHI,JEA,Tanker,Fuel Oil,1207.1,2.14,39081.0,56680.0,79480.0,-48347.0,-0.6083,0.8957,1.0564,62,43.14,-0.0196
RTM,SHA,Reefer,Pharmaceuticals,8927.2,11.33,253308.0,119681.0,75012.0,-467891.0,-6.2375,0.8104,0.9642,69,62.53,-0.1974
LAG,SHA,Reefer,Perishables,12229.8,15.52,336560.0,86543.0,11288.0,-644562.0,-57.1012,0.8876,1.1775,49,41.69,-0.1618
KHI,SGP,Bulk_Carrier,Iron Ore,4744.0,8.38,110686.0,64547.0,19553.0,-281425.0,-14.3927,0.9148,1.0796,43,62.0,-0.1389
SHA,RTM,Bulk_Carrier,Iron Ore,8927.2,15.75,240778.0,125461.0,21487.0,-580949.0,-27.0376,0.8935,1.2145,44,60.05,-0.2354
HAM,BUS,Reefer,Refrigerated Goods,8550.1,12.18,286342.0,106554.0,13657.0,-561876.0,-41.143,0.8325,1.1392,28,68.52,-0.2634
COL,JEA,Bulk_Carrier,Bauxite,3316.6,6.01,83309.0,57797.0,7419.0,-223849.0,-30.171,0.8407,0.9806,27,46.91,-0.0891
KHI,COL,Tanker,Chemical,2418.3,4.11,82228.0,45407.0,178633.0,-10577.0,-0.0592,0.911,1.1534,34,47.88,-0.0045
ANT,CPT,Reefer,Pharmaceuticals,9566.7,13.5,353952.0,84084.0,95865.0,-544598.0,-5.6809,0.8438,1.1835,48,55.97,-0.201
RTM,SAN,Reefer,Perishables,9775.5,12.3,259969.0,92631.0,8436.0,-528680.0,-62.669,0.765,1.0211,20,82.08,-0.284
KHI,SAN,LNG_Carrier,LNG,13337.2,17.57,1430835.0,55494.0,18190.0,-1731661.0,-95.2,0.7511,0.9226,70,80.45,-0.8099
CPT,LAG,Reefer,Pharmaceuticals,4761.1,6.04,130726.0,59483.0,81985.0,-198766.0,-2.4244,0.8652,0.987,36,31.18,-0.0493
BUS,SHA,Tanker,Crude Oil,832.1,1.51,30132.0,106795.0,15364.0,-144188.0,-9.3846,0.936,1.0943,59,36.1,-0.0498
NYK,COL,Bulk_Carrier,Iron Ore,14086.8,25.96,402654.0,95792.0,20378.0,-867445.0,-42.5685,0.9342,1.1016,56,88.26,-0.4349
LAX,NYK,Tanker,Fuel Oil,3948.9,7.4,137749.0,126092.0,76528.0,-298346.0,-3.8985,0.7574,1.2029,27,60.23,-0.1481
LAX,KHI,LNG_Carrier,LPG,13476.2,16.22,1132252.0,79058.0,18139.0,-1436507.0,-79.1924,0.9554,0.9041,48,62.46,-0.5194
MUM,BUS,Reefer,Frozen Fish,5775.4,7.56,200904.0,79571.0,19600.0,-374298.0,-19.0967,0.9365,1.1628,64,55.24,-0.1576
BUS,SHA,Container_Ship,Containers,832.1,0.9,89175.0,96070.0,106232.0,-92505.0,-0.8708,0.906,1.0857,42,75.37,-0.0667
ANT,HAM,Tanker,Fuel Oil,453.6,0.73,14414.0,109167.0,86950.0,-47640.0,-0.5479,0.8759,1.1818,65,59.22,-0.0275
MUM,RTM,Reefer,Pharmaceuticals,6887.0,9.38,239258.0,86833.0,107120.0,-359652.0,-3.3575,0.9065,1.2309,49,47.38,-0.1242
TYO,BUS,Container_Ship,Electronics,959.3,1.11,128888.0,133696.0,258959.0,-20227.0,-0.0781,0.9367,0.9216,71,52.71,-0.0101
SGP,SYD,Container_Ship,Auto Parts,6299.1,7.17,729626.0,112070.0,232069.0,-717128.0,-3.0902,0.9347,0.9195,40,44.87,-0.2401
ANT,LAG,Tanker,Chemical,4978.7,8.08,175386.0,94245.0,154394.0,-236433.0,-1.5314,0.7839,1.1586,32,82.99,-0.1546
SYD,KHI,Container_Ship,Containers,11020.1,11.34,1195979.0,79906.0,93332.0,-1352612.0,-14.4924,0.8062,1.0719,35,64.76,-0.5492
SYD,LAG,LNG_Carrier,LPG,15517.5,20.8,1465537.0,82907.0,19669.0,-1840725.0,-93.5848,0.8851,1.0582,60,30.56,-0.306
LAG,LAX,Container_Ship,Machinery,12430.0,13.06,1495091.0,85590.0,235710.0,-1540838.0,-6.537,0.9837,1.2479,54,88.8,-0.8187
CPT,TYO,Tanker,Fuel Oil,14727.6,24.12,552071.0,109694.0,76001.0,-947551.0,-12.4676,0.7938,1.1399,71,68.17,-0.3598
COL,SHA,Reefer,Refrigerated Goods,5092.6,7.21,192225.0,72137.0,11897.0,-360595.0,-30.3097,0.9034,0.9145,55,55.47,-0.1569
LAG,ANT,Tanker,Fuel Oil,4978.7,8.09,187310.0,93755.0,76233.0,-326195.0,-4.2789,0.7771,1.1679,23,68.22,-0.1754
SAN,BUS,Reefer,Frozen Fish,18691.4,25.49,636124.0,88557.0,14530.0,-1092493.0,-75.1874,0.8369,0.9645,39,73.67,-0.4006
HAM,BUS,Container_Ship,Auto Parts,8550.1,8.75,1037624.0,109346.0,230918.0,-1047263.0,-4.5352,0.7594,1.1262,39,88.67,-0.6353
KHI,ANT,Reefer,Frozen Fish,5992.6,7.98,169697.0,75383.0,19775.0,-344948.0,-17.444,0.9359,1.1738,29,88.4,-0.2304
SHA,BUS,Tanker,Chemical,832.1,1.46,27817.0,103389.0,172604.0,19497.0,0.113,0.9618,1.0557,62,77.64,0.0145
RTM,SYD,Reefer,Perishables,16689.6,23.67,527997.0,125838.0,10027.0,-998930.0,-99.6214,0.8337,1.1136,24,56.75,-0.2982
SAN,HOU,Tanker,Fuel Oil,7942.5,13.92,300647.0,102984.0,73182.0,-539299.0,-7.3693,0.809,1.0769,63,78.08,-0.2947
MUM,SAN,Tanker,Crude Oil,13740.7,23.59,495562.0,73060.0,11778.0,-910727.0,-77.3235,0.8268,0.9497,35,45.06,-0.2356
LAX,SAN,Bulk_Carrier,Coal,9942.3,19.33,308499.0,101550.0,19613.0,-680412.0,-34.691,0.7523,1.0346,38,32.53,-0.144
MUM,SGP,Bulk_Carrier,Coal,3906.7,7.33,110413.0,79830.0,25305.0,-274879.0,-10.8627,0.9,1.1158,25,49.86,-0.1132
JEA,CPT,Container_Ship,Machinery,7606.3,8.8,841062.0,60108.0,204820.0,-828356.0,-4.0443,0.9942,1.073,68,48.86,-0.2869
LAX,RTM,Bulk_Carrier,Coal,8985.5,15.86,264201.0,130142.0,23215.0,-609067.0,-26.236,0.9813,0.9388,65,37.97,-0.1557
SHA,LAX,LNG_Carrier,LPG,10457.0,14.01,1131354.0,130247.0,17496.0,-1454236.0,-83.1164,0.8163,1.0206,67,88.53,-0.8229
KHI,LAG,Bulk_Carrier,Bauxite,7048.8,14.27,187946.0,48531.0,8305.0,-442265.0,-53.2555,0.9711,0.9502,42,79.26,-0.2539
HOU,TYO,Reefer,Perishables,10740.5,14.46,350472.0,144132.0,8196.0,-703240.0,-85.7992,0.7919,0.9583,53,67.06,-0.2985
JEA,SAN,Container_Ship,Containers,12181.9,13.16,1513464.0,75404.0,105032.0,-1681284.0,-16.0073,0.9227,1.054,41,68.61,-0.6959
SGP,SYD,Reefer,Pharmaceuticals,6299.1,7.93,199819.0,104984.0,67190.0,-356515.0,-5.306,0.7726,0.9059,23,59.59,-0.1585
MUM,SHA,Tanker,Crude Oil,5043.9,9.12,211288.0,82157.0,14143.0,-416101.0,-29.4219,0.9952,0.9474,42,44.51,-0.1456
SYD,SGP,Reefer,Pharmaceuticals,6299.1,8.05,198956.0,93270.0,80332.0,-332650.0,-4.1409,0.887,0.9434,33,38.09,-0.0946
JEA,LAG,Reefer,Frozen Fish,5856.7,8.32,197454.0,74517.0,18918.0,-377810.0,-19.9714,0.9309,1.129,38,55.16,-0.1583
HAM,TYO,Bulk_Carrier,Coal,8979.6,16.52,240192.0,150514.0,24060.0,-614394.0,-25.5362,0.818,1.1671,62,53.71,-0.2223
HAM,HOU,Bulk_Carrier,Coal,8306.0,15.89,240026.0,120261.0,22555.0,-576013.0,-25.5376,0.9704,0.9224,40,56.23,-0.2236
SYD,ANT,LNG_Carrier,LNG,16725.3,23.09,1777512.0,126342.0,31121.0,-2219104.0,-71.3049,0.965,1.2286,22,60.76,-0.7085
RTM,TYO,Bulk_Carrier,Coal,9345.2,16.89,260944.0,134302.0,22384.0,-626267.0,-27.9779,0.8103,1.0962,42,52.27,-0.2176
BUS,SYD,Bulk_Carrier,Grain,8015.7,14.25,200457.0,105868.0,40687.0,-479350.0,-11.7815,0.8817,0.9156,25,83.67,-0.2799
MUM,JEA,Reefer,Perishables,1954.2,2.68,61024.0,72235.0,11215.0,-162223.0,-14.465,0.8775,1.1833,56,49.62,-0.0728
MUM,COL,Tanker,Chemical,1535.0,2.88,59916.0,60773.0,121411.0,-42409.0,-0.3493,0.7754,0.921,63,82.9,-0.0325
CPT,HAM,Container_Ship,Electronics,9764.5,11.39,1209477.0,86517.0,260590.0,-1206209.0,-4.6288,0.7733,1.1233,57,88.27,-0.6972
SHA,SAN,Reefer,Pharmaceuticals,18568.6,26.85,635951.0,87507.0,110843.0,-1015411.0,-9.1608,0.9891,1.1674,31,41.4,-0.2099
BUS,SAN,Container_Ship,Containers,18691.4,20.07,1910273.0,90779.0,97059.0,-2205026.0,-22.7184,0.9126,0.9848,38,41.98,-0.4607
BUS,COL,Tanker,Crude Oil,5911.7,10.27,190398.0,79139.0,15034.0,-408512.0,-27.1734,0.8895,1.1267,30,39.59,-0.1226
SYD,SGP,Tanker,Fuel Oil,6299.1,11.0,234544.0,97704.0,68349.0,-428890.0,-6.275,0.8534,0.9535,32,34.68,-0.111
RTM,SYD,Container_Ship,Machinery,16689.6,19.53,2085955.0,129939.0,201669.0,-2307210.0,-11.4406,0.8607,1.2204,64,80.92,-0.982
HOU,COL,Container_Ship,Electronics,15903.9,18.28,1736351.0,95909.0,254008.0,-1852491.0,-7.2931,0.7629,1.1098,39,42.9,-0.4275
MUM,HAM,Bulk_Carrier,Coal,6551.7,13.31,205594.0,86779.0,22466.0,-469589.0,-20.9018,0.9753,0.9141,60,79.78,-0.2767
ANT,COL,Bulk_Carrier,Iron Ore,8396.7,16.42,248148.0,89797.0,22087.0,-562232.0,-25.4558,0.9799,1.1384,25,34.34,-0.1329
KHI,RTM,Bulk_Carrier,Coal,5993.9,10.88,144792.0,82179.0,24912.0,-365251.0,-14.6619,0.9901,0.9984,33,59.81,-0.165
BUS,RTM,Tanker,Fuel Oil,8936.6,16.58,361582.0,104669.0,91581.0,-623295.0,-6.8059,0.8953,1.2178,63,35.08,-0.1475
KHI,ANT,Container_Ship,Machinery,5992.6,6.53,750230.0,72253.0,210695.0,-709730.0,-3.3685,0.8881,1.2356,47,78.27,-0.4197
SYD,BUS,Bulk_Carrier,Coal,8015.7,14.86,221873.0,116050.0,28217.0,-532649.0,-18.8766,0.8967,1.2488,46,31.5,-0.1171
KHI,RTM,Reefer,Refrigerated Goods,5993.9,8.72,193595.0,86673.0,11382.0,-399740.0,-35.1201,0.7715,1.0245,23,54.34,-0.1641
SYD,JEA,Tanker,Crude Oil,12058.9,22.78,423622.0,87364.0,11301.0,-841370.0,-74.4507,0.7544,0.9987,31,50.94,-0.2596
LAG,BUS,Bulk_Carrier,Bauxite,12692.5,22.95,353234.0,81460.0,7262.0,-771673.0,-106.2609,0.7513,1.074,67,69.74,-0.3193
ANT,HOU,LNG_Carrier,LPG,8102.1,9.97,788134.0,122176.0,20062.0,-1039727.0,-51.8253,0.8307,1.15,32,50.23,-0.3633
COL,LAG,Container_Ship,Electronics,8435.8,9.38,981257.0,58192.0,281958.0,-898143.0,-3.1854,0.876,1.0729,58,58.07,-0.3583
HAM,RTM,Bulk_Carrier,Iron Ore,406.5,0.76,10307.0,115788.0,19362.0,-118156.0,-6.1025,0.9562,1.0227,25,41.84,-0.0484
SAN,MUM,Tanker,Chemical,13740.7,23.12,466794.0,66916.0,122790.0,-757730.0,-6.171,0.788,0.9167,29,84.45,-0.3673
LAG,CPT,Tanker,Fuel Oil,4761.1,8.79,192937.0,58738.0,94123.0,-289361.0,-3.0743,0.9174,1.2213,41,85.19,-0.1961
HAM,LAX,Container_Ship,Containers,9100.3,9.99,1101608.0,135846.0,117675.0,-1269570.0,-10.7888,0.9495,1.1476,46,56.01,-0.4768
RTM,HAM,Bulk_Carrier,Grain,406.5,0.74,10656.0,117277.0,36296.0,-102783.0,-2.8318,0.7738,0.9307,33,71.99,-0.0724
RTM,MUM,Bulk_Carrier,Bauxite,6887.0,13.75,229203.0,93106.0,7350.0,-521179.0,-70.9062,0.8074,1.0115,63,37.32,-0.1418
RTM,SAN,LNG_Carrier,LNG,9775.5,12.88,1094189.0,103780.0,22495.0,-1368672.0,-60.8435,0.848,1.0106,57,85.82,-0.7688
RTM,LAX,LNG_Carrier,LPG,8985.5,11.67,927660.0,117822.0,20814.0,-1199652.0,-57.6358,0.9032,1.0974,35,83.61,-0.6753
RTM,SGP,Reefer,Refrigerated Goods,10534.9,14.19,299704.0,110318.0,11232.0,-611597.0,-54.4531,0.8539,0.9135,23,70.0,-0.2729
SHA,SYD,Bulk_Carrier,Coal,7881.4,15.57,221321.0,124192.0,25797.0,-553193.0,-21.4441,0.8658,1.1823,24,30.24,-0.1174
ANT,COL,Bulk_Carrier,Grain,8396.7,14.76,198807.0,87713.0,49300.0,-458664.0,-9.3035,0.8371,1.1685,62,58.71,-0.1853
RTM,KHI,Container_Ship,Electronics,5993.9,6.45,738936.0,78938.0,236086.0,-678536.0,-2.8741,0.7613,1.0338,46,30.84,-0.1581
JEA,COL,Tanker,Crude Oil,3316.6,5.34,121158.0,63626.0,16496.0,-248365.0,-15.0561,0.9907,1.1101,19,51.47,-0.1084
COL,LAX,Container_Ship,Electronics,15107.0,17.18,1905744.0,81592.0,252918.0,-1992129.0,-7.8766,0.8886,0.9487,53,81.38,-0.8928
RTM,SHA,Tanker,Fuel Oil,8927.2,16.61,327016.0,118960.0,67799.0,-627282.0,-9.2521,0.8385,0.9625,37,64.57,-0.2733
SGP,KHI,Reefer,Frozen Fish,4744.0,6.86,146953.0,70027.0,17798.0,-302047.0,-16.9705,0.8743,1.131,58,53.31,-0.1282
LAG,SGP,Container_Ship,Electronics,11147.2,12.75,1337533.0,79549.0,271561.0,-1336706.0,-4.9223,0.8995,1.0063,47,54.33,-0.4534
LAG,CPT,Reefer,Perishables,4761.1,6.85,169519.0,53284.0,8566.0,-317038.0,-37.0112,0.8302,0.9554,46,65.76,-0.1658
ANT,MUM,LNG_Carrier,LPG,6885.8,9.16,714875.0,93457.0,16514.0,-929219.0,-56.2686,0.8711,0.9028,67,55.35,-0.3749
SAN,JEA,LNG_Carrier,LNG,12181.9,14.59,1039013.0,67927.0,25436.0,-1300311.0,-51.1219,0.8125,1.1926,41,73.16,-0.5739
BUS,SGP,Tanker,Chemical,4583.4,7.79,162255.0,87883.0,145088.0,-221844.0,-1.529,0.9001,0.9482,66,58.94,-0.1048
SAN,COL,Bulk_Carrier,Coal,13986.2,27.57,402384.0,63814.0,21506.0,-858251.0,-39.9072,0.9211,0.9265,27,41.93,-0.205
NYK,TYO,Reefer,Frozen Fish,10853.1,14.37,317528.0,139676.0,16012.0,-656728.0,-41.015,0.7941,1.1202,42,38.63,-0.1599
COL,RTM,Bulk_Carrier,Grain,8401.4,16.59,229906.0,95104.0,44028.0,-529771.0,-12.0327,0.9588,0.9111,60,88.24,-0.3216
SYD,SAN,Bulk_Carrier,Coal,13322.4,25.7,344843.0,89789.0,18913.0,-801188.0,-42.3623,0.8125,0.9237,45,45.38,-0.2114
HAM,SHA,Container_Ship,Auto Parts,8527.4,9.93,1147391.0,122307.0,241397.0,-1177222.0,-4.8767,0.8594,1.0403,28,84.63,-0.6821
NYK,JEA,Tanker,Chemical,11017.6,18.07,402149.0,117844.0,143245.0,-647869.0,-4.5228,0.8536,0.9871,59,75.2,-0.3055
MUM,HOU,Reefer,Pharmaceuticals,14456.2,20.09,426655.0,110000.0,84291.0,-753639.0,-8.9409,0.8075,1.0873,63,37.98,-0.1607
RTM,CPT,Container_Ship,Containers,9642.1,9.87,1132875.0,96207.0,91951.0,-1285245.0,-13.9775,0.8828,0.9645,21,59.88,-0.5061
SYD,JEA,Tanker,Chemical,12058.9,19.81,444394.0,104698.0,134960.0,-711350.0,-5.2708,0.8194,0.9689,70,52.53,-0.2263
SHA,COL,LNG_Carrier,LPG,5092.6,6.56,459733.0,79288.0,17829.0,-619531.0,-34.7486,0.8404,1.0103,55,56.55,-0.2748
HAM,NYK,Reefer,Perishables,6125.8,8.01,209224.0,122928.0,11047.0,-441259.0,-39.9442,0.8556,1.1955,39,69.55,-0.2306
ANT,BUS,Tanker,Crude Oil,8997.1,16.64,308012.0,101902.0,14882.0,-644652.0,-43.3166,0.8757,1.1329,32,88.35,-0.3833
ANT,HAM,LNG_Carrier,LNG,453.6,0.61,49543.0,106944.0,21072.0,-144532.0,-6.8589,0.8873,0.9047,24,85.92,-0.1212
LAX,KHI,Container_Ship,Auto Parts,13476.2,14.97,1634896.0,78742.0,227773.0,-1710394.0,-7.5092,0.7532,1.1201,28,35.37,-0.3502
SAN,CPT,Tanker,Fuel Oil,6297.2,11.58,215588.0,59795.0,69440.0,-379707.0,-5.4681,0.7803,1.0595,45,46.34,-0.1313
ANT,TYO,Reefer,Frozen Fish,9411.9,11.87,280001.0,136960.0,21034.0,-574038.0,-27.2915,0.9369,1.2473,68,51.39,-0.1956
HOU,COL,Tanker,Chemical,15903.9,26.29,561009.0,93207.0,163319.0,-885263.0,-5.4205,0.7751,1.2394,39,39.36,-0.1875
SHA,HAM,LNG_Carrier,LPG,8527.4,10.85,749519.0,116381.0,20131.0,-1008469.0,-50.0947,0.8699,1.102,56,36.95,-0.2551
TYO,BUS,Bulk_Carrier,Bauxite,959.3,1.76,26509.0,135220.0,7694.0,-180466.0,-23.4552,0.7961,1.0738,47,54.28,-0.0931
TYO,COL,Bulk_Carrier,Iron Ore,6846.1,12.07,162474.0,98305.0,15277.0,-426537.0,-27.9209,0.8031,0.9607,48,85.43,-0.266
LAX,HAM,Reefer,Refrigerated Goods,9100.3,12.28,261279.0,118321.0,14010.0,-549855.0,-39.246,0.7954,1.2232,25,44.68,-0.1647
LAX,NYK,Bulk_Carrier,Grain,3948.9,6.97,93102.0,141594.0,45323.0,-293986.0,-6.4865,0.9663,0.9307,66,89.69,-0.2173
SYD,BUS,Tanker,Chemical,8015.7,14.77,316100.0,104548.0,164984.0,-477206.0,-2.8924,0.8426,1.1518,30,53.27,-0.1774
LAX,KHI,Container_Ship,Containers,13476.2,16.2,1596242.0,94989.0,121227.0,-1812990.0,-14.9554,0.9036,1.2422,19,57.2,-0.6003
BUS,HAM,Reefer,Refrigerated Goods,8550.1,11.98,283375.0,99035.0,15421.0,-546727.0,-35.4529,0.8867,1.2077,52,72.55,-0.2714
LAG,LAX,Tanker,Chemical,12430.0,20.79,422042.0,99131.0,181142.0,-651824.0,-3.5984,0.9379,1.1361,38,80.11,-0.3125
KHI,LAG,LNG_Carrier,LNG,7048.8,8.91,639000.0,54023.0,22458.0,-804257.0,-35.8109,0.7564,1.131,50,31.83,-0.1854
LAG,BUS,Container_Ship,Containers,12692.5,14.68,1709754.0,80918.0,113742.0,-1897080.0,-16.6788,0.9904,1.0634,61,63.03,-0.7095
SGP,KHI,LNG_Carrier,LPG,4744.0,5.99,476764.0,61450.0,18688.0,-609316.0,-32.6053,0.8149,1.092,53,83.81,-0.4065
SYD,SGP,Reefer,Frozen Fish,6299.1,8.85,226854.0,98575.0,20140.0,-438038.0,-21.7499,0.9256,1.2088,33,44.75,-0.1463
MUM,RTM,LNG_Carrier,LPG,6887.0,8.96,624706.0,95338.0,18043.0,-836438.0,-46.358,0.7731,1.1114,43,51.11,-0.3116
LAG,HOU,LNG_Carrier,LPG,10488.9,14.33,1093272.0,104268.0,22588.0,-1389947.0,-61.5346,0.9102,1.1818,63,50.36,-0.4469
SHA,HAM,Reefer,Perishables,8527.4,12.0,275985.0,111262.0,10642.0,-556558.0,-52.2979,0.9641,1.022,55,56.66,-0.2159
JEA,CPT,Container_Ship,Electronics,7606.3,8.43,983359.0,63035.0,298424.0,-874491.0,-2.9304,0.8708,1.1424,63,60.03,-0.3721
JEA,SYD,LNG_Carrier,LNG,12058.9,16.3,1133030.0,89543.0,19267.0,-1447793.0,-75.1444,0.773,0.9496,30,52.46,-0.46
SHA,RTM,Bulk_Carrier,Iron Ore,8927.2,17.39,279740.0,108006.0,18849.0,-629748.0,-33.4099,0.7683,1.2391,39,72.7,-0.3089
BUS,LAG,Reefer,Refrigerated Goods,12692.5,16.85,352549.0,77935.0,13346.0,-669911.0,-50.194,0.8415,1.1014,26,61.0,-0.2425
SAN,ANT,LNG_Carrier,LNG,9716.8,11.73,943546.0,101873.0,21506.0,-1199915.0,-55.7939,0.7765,1.0551,27,45.88,-0.3611
HAM,BUS,Container_Ship,Containers,8550.1,9.54,1131458.0,100902.0,103356.0,-1272078.0,-12.3077,0.9104,1.0512,30,36.06,-0.3139
BUS,HOU,Reefer,Refrigerated Goods,11424.5,14.76,359826.0,112627.0,13775.0,-680009.0,-49.3638,0.9235,1.0359,26,78.04,-0.3282
NYK,SHA,Tanker,Chemical,11860.8,22.42,448445.0,140733.0,128855.0,-796558.0,-6.1818,0.7975,0.9504,48,78.09,-0.3792
SGP,LAX,LNG_Carrier,LNG,14141.5,18.09,1556164.0,113246.0,25296.0,-1915526.0,-75.7243,0.8022,1.2013,57,42.35,-0.46
CPT,ANT,Bulk_Carrier,Bauxite,9566.7,17.91,257210.0,88628.0,9267.0,-605272.0,-65.3183,0.8633,1.1926,19,68.44,-0.2731
SAN,SGP,Container_Ship,Auto Parts,15934.4,17.22,1938302.0,73287.0,285884.0,-1984040.0,-6.94,0.9939,1.0653,44,54.36,-0.5797
SAN,KHI,Container_Ship,Containers,13337.2,15.72,1857811.0,52068.0,80555.0,-2065126.0,-25.6361,0.8254,0.9037,67,44.33,-0.5322
TYO,JEA,LNG_Carrier,LNG,7963.6,10.69,874219.0,129401.0,24035.0,-1139972.0,-47.4291,0.8835,1.0364,59,73.92,-0.5893
HAM,TYO,Bulk_Carrier,Coal,8979.6,16.27,265819.0,150421.0,23033.0,-637241.0,-27.6665,0.9846,0.9283,37,33.91,-0.1455
MUM,SGP,LNG_Carrier,LPG,3906.7,5.19,409701.0,70169.0,22994.0,-534743.0,-23.2554,0.8898,1.2305,41,64.89,-0.2866
COL,KHI,Bulk_Carrier,Bauxite,2418.3,4.55,64772.0,45334.0,9030.0,-169276.0,-18.7468,0.8161,1.2294,59,61.66,-0.0923
MUM,RTM,Bulk_Carrier,Coal,6887.0,12.13,161865.0,94290.0,23295.0,-414852.0,-17.8083,0.7762,1.191,63,72.92,-0.2205
LAG,NYK,Container_Ship,Electronics,8481.1,9.05,1072253.0,97935.0,280731.0,-1025168.0,-3.6518,0.7511,1.2459,65,63.44,-0.4461
SGP,TYO,Tanker,Crude Oil,5314.4,9.53,203587.0,116218.0,13124.0,-449677.0,-34.2639,0.7541,1.1602,50,42.02,-0.1468
SYD,LAG,LNG_Carrier,LPG,15517.5,21.27,1634884.0,84228.0,21853.0,-2016306.0,-92.2669,0.893,1.1653,45,68.43,-0.7507
COL,NYK,LNG_Carrier,LPG,14086.8,16.84,1152922.0,90870.0,24696.0,-1471651.0,-59.5917,0.941,1.2497,32,40.87,-0.3416
TYO,HOU,Reefer,Frozen Fish,10740.5,14.16,321326.0,155963.0,15671.0,-674084.0,-43.0154,0.9278,0.9384,34,64.37,-0.2746
LAG,JEA,Tanker,Fuel Oil,5856.7,10.1,235163.0,68471.0,65952.0,-389162.0,-5.9007,0.7977,0.9842,61,73.86,-0.2184
SGP,SHA,LNG_Carrier,LNG,3810.3,4.53,371787.0,97604.0,25386.0,-511907.0,-20.1646,0.8666,1.116,26,87.23,-0.3703
NYK,ANT,Tanker,Fuel Oil,5881.5,10.84,201503.0,132656.0,90004.0,-406744.0,-4.5192,0.995,1.0769,31,39.71,-0.1226
KHI,RTM,Bulk_Carrier,Coal,5993.9,11.19,163898.0,86142.0,23888.0,-394019.0,-16.4946,0.9188,1.0317,23,48.41,-0.1441
JEA,MUM,Container_Ship,Auto Parts,1954.2,2.16,214100.0,69414.0,245850.0,-70060.0,-0.285,0.8039,1.1327,54,57.86,-0.0367
NYK,LAX,LNG_Carrier,LNG,3948.9,4.93,409023.0,138952.0,22997.0,-598980.0,-26.0462,0.9114,0.9613,45,76.27,-0.3766
SYD,NYK,Container_Ship,Containers,15985.3,16.38,1806518.0,130924.0,93963.0,-2089243.0,-22.2348,0.8476,1.0265,40,75.02,-0.8413
SGP,BUS,Container_Ship,Electronics,4583.4,5.41,624605.0,92076.0,284619.0,-513182.0,-1.803,0.8525,1.1129,66,61.62,-0.2535
NYK,CPT,LNG_Carrier,LPG,12566.3,16.99,1439360.0,101731.0,21145.0,-1774861.0,-83.9368,0.9346,1.0774,65,73.19,-0.7739
NYK,CPT,Bulk_Carrier,Grain,12566.3,23.54,316811.0,105033.0,46364.0,-728651.0,-15.716,0.8118,1.1332,28,89.72,-0.3895
LAG,TYO,Reefer,Perishables,13474.1,19.24,423653.0,103989.0,8716.0,-807463.0,-92.6373,0.7564,1.067,51,83.17,-0.3887
KHI,MUM,Tanker,Fuel Oil,893.2,1.53,35615.0,51743.0,83380.0,-26988.0,-0.3237,0.9407,1.0552,52,80.54,-0.0207
ANT,NYK,Tanker,Chemical,5881.5,10.3,235702.0,138426.0,134192.0,-394426.0,-2.9393,0.7592,1.0398,46,68.69,-0.2056
RTM,KHI,Tanker,Crude Oil,5993.9,10.82,238650.0,81704.0,12394.0,-470204.0,-37.9366,0.8496,0.9726,35,33.63,-0.1195
HAM,LAG,LNG_Carrier,LNG,5272.3,7.26,534714.0,97669.0,23744.0,-717478.0,-30.2176,0.81,1.1167,18,76.23,-0.4257
NYK,SHA,Tanker,Chemical,11860.8,20.22,413814.0,134665.0,158455.0,-693336.0,-4.3756,0.9344,0.9975,30,69.98,-0.2958
CPT,RTM,Reefer,Perishables,9642.1,12.48,324167.0,91272.0,10211.0,-592471.0,-58.0217,0.9599,0.9849,31,66.6,-0.2595
LAG,JEA,Bulk_Carrier,Coal,5856.7,10.7,153904.0,66476.0,24788.0,-356138.0,-14.3676,0.8202,1.1992,20,33.56,-0.0908
LAG,RTM,Container_Ship,Auto Parts,5056.8,5.93,675336.0,101098.0,325018.0,-540389.0,-1.6626,0.9638,1.249,21,46.34,-0.1967
COL,NYK,Container_Ship,Machinery,14086.8,16.64,1938878.0,92617.0,148674.0,-2132356.0,-14.3425,0.7502,1.0322,23,54.99,-0.666
BUS,JEA,Reefer,Frozen Fish,7055.4,8.98,202812.0,88347.0,13977.0,-411861.0,-29.467,0.7951,0.9766,54,52.58,-0.1568
LAG,ANT,Tanker,Crude Oil,4978.7,8.12,150606.0,85625.0,11775.0,-346323.0,-29.4118,0.837,0.9379,25,36.67,-0.1001
RTM,TYO,Container_Ship,Electronics,9345.2,10.73,1275198.0,155360.0,294544.0,-1296915.0,-4.4031,0.801,1.2257,47,51.97,-0.448
ANT,HAM,LNG_Carrier,LPG,453.6,0.56,42756.0,118911.0,21052.0,-148997.0,-7.0776,0.8738,1.1472,31,42.74,-0.0622
ANT,CPT,LNG_Carrier,LNG,9566.7,12.52,955337.0,88943.0,18682.0,-1213372.0,-64.9494,0.7751,0.9182,60,52.88,-0.4231
JEA,RTM,LNG_Carrier,LPG,5176.2,6.29,456161.0,102301.0,18864.0,-634013.0,-33.6096,0.8001,1.1227,32,74.23,-0.3678
SYD,RTM,Reefer,Perishables,16689.6,23.89,627953.0,130343.0,9474.0,-1107185.0,-116.8687,0.7641,1.148,28,51.9,-0.3023
HOU,HAM,Bulk_Carrier,Coal,8306.0,15.64,223003.0,133709.0,25417.0,-565954.0,-22.2665,0.9872,1.0217,19,37.75,-0.1475
BUS,SAN,LNG_Carrier,LPG,18691.4,22.36,1867099.0,84844.0,19828.0,-2267456.0,-114.3573,0.8248,1.1447,41,74.05,-0.8356
JEA,RTM,Container_Ship,Machinery,5176.2,6.12,608799.0,92451.0,175013.0,-617986.0,-3.5311,0.7914,1.1518,34,84.93,-0.4102
JEA,SHA,Bulk_Carrier,Iron Ore,6458.3,11.42,152784.0,94284.0,15325.0,-403006.0,-26.2971,0.8525,0.9079,36,49.82,-0.1489
JEA,HAM,Tanker,Chemical,4892.2,7.86,151957.0,103322.0,157498.0,-215728.0,-1.3697,0.8221,1.1269,43,44.95,-0.0767
LAG,COL,Tanker,Fuel Oil,8435.8,15.17,343564.0,60039.0,64172.0,-566984.0,-8.8354,0.7875,0.9701,51,57.92,-0.2256
MUM,JEA,Reefer,Pharmaceuticals,1954.2,2.66,55790.0,73488.0,104992.0,-64123.0,-0.6107,0.9159,1.194,65,36.52,-0.0212
MUM,KHI,Tanker,Chemical,893.2,1.65,35210.0,50939.0,189403.0,78513.0,0.4145,0.9327,1.1946,28,85.53,0.0641
CPT,HOU,Tanker,Chemical,13853.3,25.78,562663.0,101855.0,145134.0,-906063.0,-6.2429,0.834,1.0236,36,68.82,-0.3567
RTM,CPT,LNG_Carrier,LPG,9642.1,13.1,1035574.0,83382.0,17715.0,-1297781.0,-73.2602,0.8453,0.9979,55,47.03,-0.4014
SYD,LAG,Reefer,Refrigerated Goods,15517.5,21.37,450443.0,88108.0,12113.0,-846973.0,-69.92,0.8876,0.9477,28,45.43,-0.2094
JEA,KHI,Bulk_Carrier,Bauxite,1207.1,2.32,34185.0,59293.0,8248.0,-119963.0,-14.5453,0.8146,1.125,18,44.12,-0.0497
HAM,MUM,Tanker,Fuel Oil,6551.7,10.94,245343.0,83205.0,60922.0,-431790.0,-7.0876,0.7786,0.9315,37,50.35,-0.1606
HAM,NYK,Bulk_Carrier,Bauxite,6125.8,11.11,171032.0,126051.0,7280.0,-456503.0,-62.7074,0.8152,0.9923,24,83.4,-0.2861
LAG,MUM,Reefer,Pharmaceuticals,7617.6,9.56,221765.0,59199.0,91580.0,-332790.0,-3.6339,0.7997,1.1928,44,47.29,-0.1115
SHA,HOU,Tanker,Chemical,12195.4,19.71,436715.0,120810.0,182208.0,-670922.0,-3.6822,0.9468,1.1321,27,41.82,-0.1692
SHA,SGP,LNG_Carrier,LPG,3810.3,4.81,362050.0,94104.0,17190.0,-511058.0,-29.7304,0.8551,0.9573,41,31.16,-0.1321
NYK,MUM,Container_Ship,Auto Parts,12555.7,14.84,1508272.0,111827.0,232339.0,-1610395.0,-6.9312,0.8494,1.0131,69,89.25,-0.8566
KHI,HAM,Tanker,Chemical,5660.0,10.02,183713.0,86897.0,181925.0,-238983.0,-1.3136,0.9575,1.1177,53,74.7,-0.1367
MUM,ANT,Container_Ship,Electronics,6885.8,7.19,786807.0,89049.0,308231.0,-675533.0,-2.1916,0.8454,1.2153,71,47.51,-0.234
HOU,HAM,Container_Ship,Containers,8306.0,8.59,876325.0,142409.0,97740.0,-1049867.0,-10.7414,0.7623,1.1872,25,54.26,-0.3933
SGP,ANT,Tanker,Fuel Oil,10551.1,17.79,372466.0,107188.0,81778.0,-664734.0,-8.1285,0.8508,1.1443,20,37.29,-0.1579
RTM,NYK,Container_Ship,Containers,5858.2,6.14,676420.0,123341.0,79929.0,-811901.0,-10.1577,0.8188,0.9038,43,34.82,-0.2148
LAG,MUM,LNG_Carrier,LNG,7617.6,9.55,802209.0,60872.0,23713.0,-982640.0,-41.438,0.8035,1.1244,55,83.55,-0.5817
LAG,KHI,LNG_Carrier,LPG,7048.8,8.87,628854.0,56359.0,18533.0,-799763.0,-43.1534,0.9463,0.9326,55,59.36,-0.3439
JEA,SAN,LNG_Carrier,LPG,12181.9,15.1,1040353.0,70414.0,18715.0,-1318553.0,-70.4558,0.8437,1.0563,61,35.89,-0.2854
TYO,RTM,Bulk_Carrier,Iron Ore,9345.2,18.65,277553.0,139218.0,15234.0,-681341.0,-44.7246,0.8072,0.9531,34,50.54,-0.2289
HAM,SAN,Tanker,Crude Oil,10166.5,18.27,406461.0,99937.0,16604.0,-763803.0,-45.9999,0.9529,1.1617,62,47.08,-0.2322
MUM,JEA,Container_Ship,Electronics,1954.2,2.15,227224.0,69672.0,317565.0,-11627.0,-0.0366,0.9481,1.1165,24,33.1,-0.0035
KHI,ANT,Bulk_Carrier,Grain,5992.6,10.5,138865.0,87836.0,48513.0,-335678.0,-6.9193,0.8453,1.1387,23,89.37,-0.2267
SHA,SYD,Tanker,Chemical,7881.4,14.58,326377.0,117600.0,187211.0,-475488.0,-2.5399,0.8867,1.2419,44,75.93,-0.2533
SYD,ANT,Bulk_Carrier,Coal,16725.3,31.82,444000.0,111967.0,26685.0,-1006649.0,-37.7233,0.8885,1.1918,50,30.56,-0.1616
ANT,CPT,LNG_Carrier,LPG,9566.7,12.57,970007.0,82557.0,17371.0,-1223734.0,-70.4464,0.7522,1.0997,54,36.69,-0.2961
CPT,BUS,Container_Ship,Machinery,13800.1,15.49,1475776.0,78902.0,153896.0,-1633109.0,-10.6118,0.8603,0.9317,41,39.78,-0.3723
HOU,JEA,Container_Ship,Auto Parts,13157.3,13.49,1308292.0,109725.0,271073.0,-1349346.0,-4.9778,0.8498,1.1815,23,38.54,-0.304
COL,HAM,Reefer,Pharmaceuticals,8074.9,10.71,259646.0,91845.0,83843.0,-428254.0,-5.1078,0.8035,1.087,50,89.08,-0.2657
LAX,TYO,Reefer,Refrigerated Goods,8839.0,12.89,329533.0,149146.0,12132.0,-659877.0,-54.3927,0.9248,0.911,30,54.62,-0.244
SHA,HAM,Container_Ship,Machinery,8527.4,9.31,1057942.0,115983.0,161972.0,-1151548.0,-7.1095,0.7513,1.1229,61,60.69,-0.4786
KHI,HAM,Tanker,Chemical,5660.0,10.7,237183.0,88342.0,171655.0,-314323.0,-1.8311,0.8386,1.204,57,33.73,-0.0812
ANT,RTM,Container_Ship,Auto Parts,78.1,0.09,9092.0,117562.0,212289.0,84308.0,0.3971,0.7645,1.0285,40,51.71,0.0434
ANT,SYD,Tanker,Crude Oil,16725.3,27.11,550699.0,114992.0,12736.0,-1059535.0,-83.1903,0.8701,0.9759,64,80.37,-0.4474
HAM,TYO,Container_Ship,Auto Parts,8979.6,9.23,995533.0,130884.0,259807.0,-1005016.0,-3.8683,0.9629,0.9993,24,59.65,-0.4037
SHA,TYO,Bulk_Carrier,Coal,1754.3,3.32,51367.0,137019.0,19598.0,-218558.0,-11.1519,0.8382,0.9278,38,66.32,-0.1324
SHA,MUM,Bulk_Carrier,Grain,5043.9,10.03,132378.0,86777.0,42078.0,-327565.0,-7.7848,0.8721,0.9573,49,87.99,-0.2265
ANT,LAX,LNG_Carrier,LNG,9036.9,11.19,955166.0,111826.0,24620.0,-1210153.0,-49.1541,0.8896,1.0543,68,42.27,-0.3438
RTM,SGP,Tanker,Chemical,10534.9,19.49,424880.0,113998.0,181287.0,-649954.0,-3.5852,0.9361,1.1391,19,62.58,-0.2593
SAN,SGP,Reefer,Frozen Fish,15934.4,20.19,461636.0,77380.0,21386.0,-820536.0,-38.3675,0.9689,1.2263,41,44.96,-0.1983
NYK,HAM,Reefer,Perishables,6125.8,8.67,181258.0,129424.0,11104.0,-429687.0,-38.6953,0.9136,1.1254,55,88.71,-0.2864
LAX,SGP,Reefer,Refrigerated Goods,14141.5,18.83,411355.0,102387.0,12210.0,-784055.0,-64.2158,0.7947,1.067,39,84.44,-0.3754
COL,RTM,Tanker,Fuel Oil,8401.4,15.0,283567.0,93243.0,96365.0,-505400.0,-5.2447,0.9796,1.1711,31,59.4,-0.2065
HOU,SAN,Bulk_Carrier,Bauxite,7942.5,15.61,230189.0,108332.0,8887.0,-563764.0,-63.4353,0.9609,1.0276,36,37.31,-0.1472
SAN,LAG,LNG_Carrier,LPG,6362.4,8.43,657791.0,60552.0,21945.0,-822891.0,-37.497,0.9017,1.1589,71,47.4,-0.2903
BUS,LAG,Bulk_Carrier,Coal,12692.5,24.06,387394.0,80182.0,26082.0,-802429.0,-30.766,0.9543,1.0846,50,50.41,-0.24
COL,KHI,Bulk_Carrier,Bauxite,2418.3,4.51,61106.0,45308.0,10390.0,-163681.0,-15.7542,0.986,1.1708,58,76.64,-0.111
ANT,SYD,Reefer,Refrigerated Goods,16725.3,20.99,473340.0,119602.0,11744.0,-896095.0,-76.3034,0.8807,0.926,62,50.15,-0.2361
BUS,SYD,Container_Ship,Machinery,8015.7,8.26,810787.0,98670.0,173113.0,-860216.0,-4.9691,0.8196,1.1001,63,51.98,-0.3121
NYK,TYO,Tanker,Crude Oil,10853.1,18.7,346721.0,161764.0,14026.0,-774916.0,-55.248,0.7854,1.1906,44,84.11,-0.4109
LAG,HOU,Tanker,Chemical,10488.9,18.31,345699.0,97384.0,162691.0,-555095.0,-3.412,0.8157,1.1733,30,37.05,-0.1313
NYK,SAN,LNG_Carrier,LNG,7737.9,9.19,701538.0,99362.0,22842.0,-915974.0,-40.1011,0.8485,1.0255,42,75.16,-0.4856
MUM,KHI,Container_Ship,Auto Parts,893.2,0.97,105703.0,51538.0,228731.0,56973.0,0.2491,0.9253,0.9156,62,33.11,0.018
SGP,TYO,LNG_Carrier,LPG,5314.4,6.66,496398.0,118614.0,18351.0,-696507.0,-37.9549,0.8254,1.0587,57,65.98,-0.3571
SHA,SAN,Reefer,Pharmaceuticals,18568.6,24.9,569938.0,88758.0,85014.0,-947238.0,-11.1421,0.9093,0.9739,35,78.59,-0.3718
HAM,LAX,Container_Ship,Auto Parts,9100.3,9.46,913613.0,123374.0,306644.0,-872195.0,-2.8443,0.9422,1.2054,32,59.37,-0.3472
SHA,SGP,Reefer,Perishables,3810.3,5.48,117217.0,92448.0,9572.0,-282237.0,-29.4842,0.9732,0.9107,63,46.95,-0.1099
HOU,RTM,LNG_Carrier,LNG,8072.0,10.76,780939.0,142363.0,21901.0,-1062811.0,-48.5273,0.824,1.0125,22,52.16,-0.3861
MUM,TYO,Tanker,Crude Oil,6733.0,11.99,272223.0,116917.0,14890.0,-554085.0,-37.2123,0.9524,1.0422,61,73.47,-0.2985
CPT,SGP,Reefer,Frozen Fish,9665.9,12.72,315268.0,78572.0,17783.0,-566902.0,-31.878,0.8731,1.1316,67,52.73,-0.1964
LAG,KHI,LNG_Carrier,LNG,7048.8,8.92,742118.0,52052.0,25606.0,-902343.0,-35.2395,0.8219,1.1868,23,58.35,-0.3814
BUS,TYO,Bulk_Carrier,Coal,959.3,1.92,25913.0,129627.0,21777.0,-162555.0,-7.4647,0.9051,0.9548,39,67.35,-0.1041
RTM,KHI,Container_Ship,Electronics,5993.9,6.67,706423.0,77820.0,312108.0,-572113.0,-1.8331,0.9103,1.1429,67,83.56,-0.3612
CPT,LAG,Tanker,Fuel Oil,4761.1,8.55,176456.0,63515.0,71550.0,-296670.0,-4.1463,0.9344,0.9116,33,33.87,-0.0799
ANT,MUM,Container_Ship,Auto Parts,6885.8,7.63,796364.0,84294.0,232868.0,-762200.0,-3.2731,0.9127,0.945,20,58.4,-0.3245
HOU,SYD,Tanker,Chemical,13818.5,23.21,530448.0,124344.0,170658.0,-832305.0,-4.877,0.9576,1.0483,23,64.38,-0.3069
SHA,COL,Bulk_Carrier,Grain,5092.6,9.08,124327.0,73397.0,51743.0,-282216.0,-5.4541,0.8817,1.1644,33,77.44,-0.1714
LAX,COL,Bulk_Carrier,Bauxite,15107.0,27.94,389240.0,94464.0,9497.0,-893233.0,-94.0525,0.8919,1.1832,55,32.3,-0.1589
BUS,HAM,LNG_Carrier,LPG,8550.1,11.47,819839.0,119923.0,17048.0,-1094733.0,-64.2134,0.8673,0.9361,34,77.11,-0.5775
COL,KHI,LNG_Carrier,LNG,2418.3,2.97,206663.0,46578.0,26040.0,-271780.0,-10.4369,0.9704,1.0222,67,40.16,-0.0965
JEA,SGP,Reefer,Refrigerated Goods,5858.9,8.45,199734.0,77560.0,15226.0,-388865.0,-25.5393,0.8774,1.2052,54,79.46,-0.2347
BUS,SHA,Reefer,Refrigerated Goods,832.1,1.13,29643.0,110547.0,13039.0,-144122.0,-11.053,0.887,1.0208,38,80.8,-0.1114
NYK,TYO,Reefer,Pharmaceuticals,10853.1,13.57,344861.0,165009.0,85632.0,-627737.0,-7.3306,0.8675,1.0282,25,59.34,-0.2349
SYD,NYK,Bulk_Carrier,Grain,15985.3,31.42,460085.0,132926.0,44479.0,-1019811.0,-22.928,0.7639,1.1553,37,88.1,-0.4822
HAM,NYK,Bulk_Carrier,Bauxite,6125.8,12.04,159401.0,141606.0,8051.0,-473521.0,-58.8145,0.961,0.9308,46,30.4,-0.1082
LAG,KHI,LNG_Carrier,LNG,7048.8,9.46,792675.0,49845.0,29437.0,-954971.0,-32.4408,0.9813,1.1428,32,56.13,-0.3883
SYD,HOU,Bulk_Carrier,Iron Ore,13818.5,24.44,367957.0,136172.0,15594.0,-855117.0,-54.8346,0.8678,0.9076,46,83.39,-0.4084
CPT,ANT,Reefer,Perishables,9566.7,13.28,351765.0,88495.0,8738.0,-630667.0,-72.1782,0.7842,1.0317,44,44.51,-0.1851
KHI,BUS,Container_Ship,Machinery,5990.8,7.19,839207.0,74270.0,174139.0,-847250.0,-4.8654,0.8615,1.0528,21,48.81,-0.3125
NYK,BUS,Container_Ship,Machinery,11254.3,12.83,1523817.0,122033.0,155370.0,-1682910.0,-10.8316,0.8617,0.9391,55,84.53,-0.8848
BUS,LAX,Bulk_Carrier,Coal,9637.7,18.23,294198.0,120411.0,24310.0,-663711.0,-27.302,0.9541,1.0111,56,80.82,-0.3528
TYO,RTM,LNG_Carrier,LNG,9345.2,11.21,964616.0,138775.0,22943.0,-1248604.0,-54.4226,0.7636,1.1446,38,58.09,-0.482
LAX,COL,Container_Ship,Auto Parts,15107.0,16.37,1920897.0,84256.0,208820.0,-2041934.0,-9.7785,0.8086,0.9565,28,82.12,-0.9236
BUS,KHI,LNG_Carrier,LNG,5990.8,7.62,609922.0,77722.0,24098.0,-777809.0,-32.2775,0.7968,1.1521,67,54.11,-0.318
JEA,CPT,Bulk_Carrier,Coal,7606.3,13.92,191892.0,64927.0,19829.0,-445793.0,-22.4815,0.8057,0.9766,44,72.09,-0.2278
BUS,COL,Tanker,Fuel Oil,5911.7,10.14,229758.0,68296.0,92633.0,-357547.0,-3.8598,0.9187,1.2004,65,56.87,-0.1541
KHI,COL,Bulk_Carrier,Bauxite,2418.3,4.59,68989.0,46022.0,8940.0,-174916.0,-19.5644,0.8051,1.2339,58,65.76,-0.1017
RTM,LAG,Bulk_Carrier,Coal,5056.8,8.92,148163.0,83974.0,30570.0,-335312.0,-10.9687,0.9899,1.2255,24,69.24,-0.1824
BUS,TYO,Tanker,Crude Oil,959.3,1.65,37548.0,120953.0,17714.0,-165611.0,-9.349,0.953,1.2392,52,35.0,-0.0551
ANT,SHA,Bulk_Carrier,Iron Ore,8980.7,15.69,209820.0,102555.0,18698.0,-529024.0,-28.2925,0.8574,1.1014,36,51.14,-0.1822
COL,ANT,Tanker,Fuel Oil,8396.7,15.83,303406.0,75598.0,80852.0,-535529.0,-6.6236,0.7903,1.2179,49,42.53,-0.1567
RTM,SGP,LNG_Carrier,LPG,10534.9,13.65,945554.0,116933.0,17353.0,-1249894.0,-72.0293,0.8306,0.9949,37,83.15,-0.6625
BUS,SAN,Reefer,Refrigerated Goods,18691.4,26.5,676332.0,91241.0,11192.0,-1153918.0,-103.1062,0.7884,0.9858,71,69.14,-0.3971
KHI,SYD,Bulk_Carrier,Coal,11020.1,21.31,327776.0,79845.0,24185.0,-703079.0,-29.0707,0.7836,1.2248,56,58.37,-0.2573
ANT,CPT,Bulk_Carrier,Coal,9566.7,18.62,267421.0,79543.0,23536.0,-602761.0,-25.6102,0.8525,1.0955,26,64.42,-0.256
SYD,JEA,Tanker,Chemical,12058.9,21.64,476318.0,91608.0,138445.0,-754115.0,-5.447,0.899,0.9059,43,37.13,-0.1696
HOU,RTM,Reefer,Perishables,8072.0,10.36,265563.0,118958.0,11520.0,-528392.0,-45.866,0.9056,1.1779,67,87.96,-0.3237
HOU,CPT,Reefer,Pharmaceuticals,13853.3,18.9,437896.0,88221.0,97280.0,-712377.0,-7.3229,0.9045,1.1203,37,86.17,-0.3512
LAX,ANT,Tanker,Chemical,9036.9,15.8,327839.0,129999.0,179151.0,-515724.0,-2.8787,0.9841,1.0708,22,60.98,-0.2114
LAG,HOU,LNG_Carrier,LNG,10488.9,13.31,1067999.0,91015.0,26976.0,-1331698.0,-49.3662,0.9574,1.0734,42,66.16,-0.5625
ANT,LAX,Container_Ship,Containers,9036.9,9.89,995458.0,128164.0,103880.0,-1168152.0,-11.2453,0.8772,1.0965,36,73.34,-0.5758
MUM,CPT,LNG_Carrier,LNG,8227.2,11.28,799306.0,61896.0,25616.0,-1004716.0,-39.2221,0.9434,1.0344,69,55.18,-0.3839
HOU,SYD,Bulk_Carrier,Grain,13818.5,28.04,408087.0,136105.0,50563.0,-914298.0,-18.0822,0.8187,1.2254,37,88.11,-0.4614
NYK,HAM,Container_Ship,Electronics,6125.8,6.39,647069.0,141150.0,260652.0,-623362.0,-2.3916,0.9085,0.9563,21,40.56,-0.19
ANT,TYO,Tanker,Fuel Oil,9411.9,16.72,367560.0,131859.0,71859.0,-678340.0,-9.4398,0.8113,1.0544,18,55.5,-0.2496
HAM,CPT,Reefer,Frozen Fish,9764.5,13.54,333431.0,94988.0,15904.0,-615665.0,-38.7102,0.8785,1.0057,43,79.81,-0.3217
SAN,LAX,Tanker,Chemical,9942.3,18.58,423778.0,106041.0,142283.0,-666221.0,-4.6824,0.9167,0.913,65,33.29,-0.1443
SHA,ANT,LNG_Carrier,LPG,8980.7,11.86,999763.0,115377.0,19724.0,-1273340.0,-64.5582,0.9018,1.0415,35,34.14,-0.2927
HAM,LAG,LNG_Carrier,LPG,5272.3,6.33,445946.0,94201.0,15537.0,-619592.0,-39.8778,0.8018,0.9227,63,88.35,-0.4261
JEA,SHA,Container_Ship,Electronics,6458.3,6.75,659897.0,90039.0,254906.0,-596296.0,-2.3393,0.8592,0.989,50,89.38,-0.3952
NYK,SGP,Tanker,Crude Oil,15342.9,28.77,599187.0,109901.0,15994.0,-1124585.0,-70.3144,0.8545,1.2478,57,34.21,-0.2104
MUM,BUS,Container_Ship,Auto Parts,5775.4,6.46,665327.0,76035.0,246045.0,-592189.0,-2.4068,0.8283,1.1002,36,85.27,-0.3849
HAM,CPT,Container_Ship,Containers,9764.5,10.81,1214766.0,89735.0,100454.0,-1366142.0,-13.5997,0.8566,1.0859,53,53.15,-0.4754
SHA,COL,Container_Ship,Auto Parts,5092.6,5.4,637455.0,87003.0,206231.0,-599253.0,-2.9057,0.8353,0.9144,29,42.97,-0.202
KHI,LAX,Reefer,Refrigerated Goods,13476.2,19.28,440190.0,89602.0,12914.0,-806042.0,-62.4154,0.7955,1.1273,53,60.93,-0.2843
LAG,CPT,Tanker,Crude Oil,4761.1,7.84,158722.0,61294.0,16872.0,-320692.0,-19.007,0.9905,1.1356,27,85.7,-0.2186
SYD,LAX,Reefer,Perishables,12054.8,16.41,356377.0,116146.0,8247.0,-710463.0,-86.1469,0.8348,0.9148,38,42.87,-0.1845
MUM,LAX,Tanker,Chemical,14043.2,25.65,496172.0,101758.0,157062.0,-825593.0,-5.2565,0.9715,0.951,47,84.13,-0.3951
NYK,HAM,Container_Ship,Electronics,6125.8,6.86,816946.0,124280.0,355432.0,-688703.0,-1.9377,0.9625,1.2309,22,76.19,-0.3943
ANT,HAM,Bulk_Carrier,Bauxite,453.6,0.81,13384.0,110453.0,8730.0,-127289.0,-14.5806,0.8489,1.1426,39,39.65,-0.0493
SAN,SYD,Container_Ship,Electronics,13322.4,14.22,1572816.0,89243.0,267306.0,-1608004.0,-6.0156,0.8828,1.0093,46,31.19,-0.2917
HAM,KHI,LNG_Carrier,LNG,5660.0,7.01,503941.0,78993.0,21960.0,-666114.0,-30.3331,0.8897,0.9403,43,56.34,-0.2875
RTM,ANT,Container_Ship,Auto Parts,78.1,0.09,8613.0,124455.0,248283.0,113922.0,0.4588,0.8195,1.1221,30,33.5,0.038
BUS,LAX,LNG_Carrier,LNG,9637.7,13.07,1036522.0,121268.0,22865.0,-1331023.0,-58.2116,0.8434,1.0328,19,64.97,-0.5687
LAX,RTM,Tanker,Crude Oil,8985.5,16.94,373373.0,123017.0,17137.0,-733387.0,-42.7947,0.9158,1.2475,69,75.89,-0.3748
KHI,SYD,LNG_Carrier,LNG,11020.1,14.02,1083545.0,73978.0,28330.0,-1339492.0,-47.2816,0.991,1.0891,39,89.45,-0.7512
MUM,CPT,Tanker,Fuel Oil,8227.2,15.29,336990.0,57508.0,69727.0,-554079.0,-7.9464,0.7563,1.0976,68,72.23,-0.2771
COL,ANT,Bulk_Carrier,Bauxite,8396.7,16.24,213283.0,86061.0,8877.0,-534026.0,-60.1563,0.9021,1.0934,45,73.2,-0.269
BUS,SYD,Container_Ship,Containers,8015.7,9.55,904514.0,118029.0,103843.0,-1061899.0,-10.226,0.8471,1.135,28,33.18,-0.2459
ANT,RTM,LNG_Carrier,LNG,78.1,0.1,6981.0,117379.0,20609.0,-105252.0,-5.1072,0.7516,1.0445,61,36.25,-0.038
HOU,JEA,Container_Ship,Electronics,13157.3,14.66,1469303.0,117777.0,257529.0,-1549408.0,-6.0164,0.8121,1.0571,51,66.44,-0.6019
SHA,COL,LNG_Carrier,LPG,5092.6,6.6,452036.0,76111.0,21558.0,-605654.0,-28.0948,0.9557,1.0741,61,40.8,-0.1938
JEA,NYK,Reefer,Perishables,11017.6,15.06,332146.0,116145.0,8959.0,-665299.0,-74.2632,0.8713,0.9521,64,45.7,-0.1906
COL,SAN,Tanker,Chemical,13986.2,23.82,547205.0,57863.0,198550.0,-763818.0,-3.847,0.9479,1.2321,59,44.51,-0.1937
LAG,MUM,LNG_Carrier,LPG,7617.6,9.39,670405.0,58479.0,24061.0,-845735.0,-35.1497,0.946,1.2112,22,45.73,-0.274
HOU,ANT,Tanker,Fuel Oil,8102.1,14.63,278021.0,119960.0,65147.0,-552284.0,-8.4776,0.8555,0.9066,67,58.62,-0.2252
LAX,NYK,Container_Ship,Electronics,3948.9,4.3,414206.0,150681.0,309319.0,-320086.0,-1.0348,0.8594,1.1997,21,72.94,-0.1924
JEA,COL,Reefer,Frozen Fish,3316.6,4.17,87980.0,69267.0,14183.0,-205554.0,-14.493,0.7854,1.0032,63,69.54,-0.1212
COL,KHI,Tanker,Fuel Oil,2418.3,4.19,79143.0,49104.0,79488.0,-111647.0,-1.4046,0.7761,1.2193,50,44.24,-0.0437
SYD,HAM,Reefer,Frozen Fish,16284.4,21.4,475895.0,129791.0,18194.0,-908455.0,-49.9316,0.9514,1.0625,38,34.33,-0.166
CPT,RTM,Tanker,Crude Oil,9642.1,17.59,400280.0,86264.0,11827.0,-738524.0,-62.4432,0.7999,0.9857,28,51.16,-0.2485
HAM,TYO,LNG_Carrier,LNG,8979.6,11.21,839348.0,129993.0,26682.0,-1110801.0,-41.6305,0.8432,1.2055,50,85.54,-0.6399
NYK,SGP,LNG_Carrier,LNG,15342.9,19.54,1651950.0,124195.0,19187.0,-2050056.0,-106.8434,0.7661,0.9541,25,63.97,-0.7172
COL,RTM,Reefer,Perishables,8401.4,11.3,273067.0,92650.0,9464.0,-525764.0,-55.5542,0.9445,0.9278,33,62.53,-0.2262
LAG,CPT,LNG_Carrier,LPG,4761.1,5.88,476035.0,62696.0,23737.0,-603263.0,-25.4147,0.9395,1.2032,48,89.57,-0.4298
NYK,HOU,LNG_Carrier,LPG,2277.1,3.07,240681.0,143421.0,25004.0,-405148.0,-16.2034,0.9794,1.2157,34,87.51,-0.3157
ANT,SHA,Bulk_Carrier,Coal,8980.7,16.17,226831.0,115909.0,24203.0,-561026.0,-23.1799,0.8946,1.0736,62,30.62,-0.1157
BUS,NYK,Container_Ship,Auto Parts,11254.3,12.6,1288111.0,113096.0,235398.0,-1354812.0,-5.7554,0.8056,1.0823,48,71.55,-0.6029
JEA,MUM,Container_Ship,Machinery,1954.2,2.34,261822.0,65165.0,163995.0,-198119.0,-1.2081,0.7807,1.094,49,77.5,-0.1389
LAX,HOU,Bulk_Carrier,Bauxite,2204.4,4.46,64021.0,131753.0,8467.0,-254250.0,-30.0273,0.8552,1.1001,43,41.64,-0.0946
SYD,LAX,Tanker,Crude Oil,12054.8,21.65,466518.0,123360.0,16658.0,-898037.0,-53.9118,0.99,1.1218,34,46.18,-0.2512
TYO,HOU,LNG_Carrier,LNG,10740.5,13.78,988368.0,144704.0,27853.0,-1311859.0,-47.1001,0.9839,1.0784,56,80.27,-0.6665
LAX,ANT,Bulk_Carrier,Grain,9036.9,15.89,255330.0,126268.0,39212.0,-580715.0,-14.8096,0.7518,1.0349,58,76.12,-0.2971
TYO,LAG,Tanker,Crude Oil,13474.1,22.41,478909.0,110530.0,13965.0,-911661.0,-65.2819,0.7744,1.2023,68,42.04,-0.2218
LAX,SGP,Bulk_Carrier,Iron Ore,14141.5,27.67,405912.0,115111.0,16377.0,-919694.0,-56.1575,0.7732,1.0698,63,62.88,-0.3279
JEA,HOU,LNG_Carrier,LNG,13157.3,17.16,1213610.0,103685.0,25371.0,-1549272.0,-61.0647,0.7831,1.2342,62,41.01,-0.3714
HOU,SYD,Reefer,Perishables,13818.5,18.53,449718.0,128517.0,8656.0,-847499.0,-97.9085,0.8352,0.9597,22,54.79,-0.2659
TYO,LAX,Bulk_Carrier,Bauxite,8839.0,17.7,268127.0,159197.0,8634.0,-684263.0,-79.2509,0.9234,1.0389,49,73.63,-0.341
COL,RTM,Bulk_Carrier,Grain,8401.4,16.13,211254.0,87108.0,46745.0,-493550.0,-10.5584,0.8296,1.1179,67,46.67,-0.1584
JEA,RTM,LNG_Carrier,LPG,5176.2,7.12,607679.0,109666.0,14220.0,-809909.0,-56.9575,0.7517,0.9008,55,36.19,-0.2291
ANT,SGP,Tanker,Chemical,10551.1,19.89,370536.0,98951.0,118443.0,-649328.0,-5.4822,0.7504,0.9285,20,70.69,-0.2924
HOU,COL,Bulk_Carrier,Iron Ore,15903.9,31.04,458452.0,97632.0,18936.0,-1002737.0,-52.9532,0.7832,1.2211,57,36.95,-0.1993
LAX,BUS,LNG_Carrier,LPG,9637.7,12.4,901132.0,119599.0,19343.0,-1187370.0,-61.3839,0.7757,1.1874,23,71.1,-0.5553
SYD,COL,LNG_Carrier,LNG,8748.1,11.53,853996.0,77370.0,22258.0,-1082095.0,-48.6164,0.8415,1.0076,30,58.51,-0.43
LAG,MUM,Container_Ship,Electronics,7617.6,7.87,931346.0,59775.0,273191.0,-836021.0,-3.0602,0.9106,1.0,34,89.55,-0.5305
HAM,LAG,Tanker,Chemical,5272.3,8.88,172402.0,91686.0,169528.0,-227832.0,-1.3439,0.9406,1.0602,45,62.58,-0.111
LAG,HAM,Bulk_Carrier,Iron Ore,5272.3,10.14,148843.0,98975.0,14636.0,-385265.0,-26.3235,0.7833,0.9436,50,38.19,-0.1145
TYO,BUS,Tanker,Crude Oil,959.3,1.68,36177.0,138081.0,11344.0,-188112.0,-16.5824,0.8078,0.9362,33,34.81,-0.0623
SHA,LAX,Bulk_Carrier,Grain,10457.0,21.03,323982.0,128609.0,52770.0,-715317.0,-13.5553,0.9853,1.0627,37,58.21,-0.2661
JEA,SYD,Reefer,Pharmaceuticals,12058.9,15.63,344692.0,98176.0,88508.0,-588863.0,-6.6532,0.9955,0.9261,27,53.52,-0.1909
HOU,CPT,Reefer,Perishables,13853.3,19.34,435524.0,95111.0,10245.0,-810469.0,-79.1054,0.7825,1.2123,32,60.31,-0.2796
SHA,ANT,Reefer,Perishables,8980.7,11.35,290323.0,123434.0,11113.0,-572821.0,-51.5441,0.9291,1.1075,35,77.77,-0.3
ANT,SAN,Reefer,Refrigerated Goods,9716.8,13.44,340813.0,85674.0,15023.0,-613010.0,-40.8046,0.8842,1.1799,65,60.53,-0.2434
COL,BUS,LNG_Carrier,LPG,5911.7,7.21,608261.0,79843.0,19331.0,-776883.0,-40.1888,0.8385,1.0978,23,42.31,-0.2492
TYO,CPT,Reefer,Refrigerated Goods,14727.6,20.57,513497.0,98815.0,10855.0,-909965.0,-83.8318,0.7624,0.9887,50,87.49,-0.4435
COL,MUM,Container_Ship,Containers,1535.0,1.6,185778.0,56782.0,89504.0,-177064.0,-1.9783,0.8712,0.9513,70,43.5,-0.0711
SGP,LAG,LNG_Carrier,LNG,11147.2,13.74,987735.0,78714.0,27106.0,-1245377.0,-45.944,0.8989,1.1488,70,77.33,-0.6012
LAX,NYK,LNG_Carrier,LPG,3948.9,5.46,449652.0,147350.0,15795.0,-663076.0,-41.9801,0.795,0.9461,37,85.31,-0.4662
SAN,ANT,Reefer,Pharmaceuticals,9716.8,12.23,303264.0,88628.0,90939.0,-484387.0,-5.3265,0.8358,1.1334,57,86.99,-0.2764
COL,SHA,Container_Ship,Electronics,5092.6,5.37,626598.0,85703.0,244294.0,-548499.0,-2.2452,0.7961,1.0228,54,65.29,-0.2809
TYO,SAN,Reefer,Perishables,18591.0,26.35,595619.0,121765.0,9959.0,-1102748.0,-110.7274,0.7514,1.2273,30,61.54,-0.3387
TYO,NYK,Bulk_Carrier,Grain,10853.1,21.82,355087.0,160705.0,48507.0,-794624.0,-16.3817,0.7714,1.2476,68,86.15,-0.4316
HOU,NYK,LNG_Carrier,LPG,2277.1,2.87,221569.0,155472.0,16350.0,-403772.0,-24.6953,0.7674,1.0146,59,73.49,-0.2643
BUS,KHI,Reefer,Frozen Fish,5990.8,8.1,205247.0,75235.0,19820.0,-382160.0,-19.2812,0.9867,1.116,56,61.05,-0.1763
BUS,KHI,Bulk_Carrier,Bauxite,5990.8,10.99,144127.0,65844.0,9826.0,-364926.0,-37.1387,0.8762,1.246,63,43.04,-0.1187
LAG,NYK,Container_Ship,Electronics,8481.1,10.17,1052687.0,98571.0,361869.0,-941914.0,-2.6029,0.9671,1.2473,44,63.04,-0.4073
NYK,LAG,Tanker,Chemical,8481.1,15.5,285250.0,112552.0,180704.0,-449554.0,-2.4878,0.9442,1.1258,30,43.61,-0.1345
SAN,NYK,LNG_Carrier,LNG,7737.9,9.6,661787.0,108834.0,25853.0,-888803.0,-34.3795,0.9268,1.0626,47,72.04,-0.4516
HOU,SYD,Reefer,Frozen Fish,13818.5,17.47,374805.0,117318.0,16707.0,-737493.0,-44.1426,0.8636,1.0748,51,83.77,-0.3538
JEA,LAG,Bulk_Carrier,Iron Ore,5856.7,10.21,142690.0,63705.0,19726.0,-339846.0,-17.2279,0.8446,1.1796,37,84.37,-0.2178
TYO,HAM,LNG_Carrier,LPG,8979.6,11.85,818806.0,141352.0,21937.0,-1115958.0,-50.8714,0.9046,1.1548,35,84.68,-0.6364
ANT,SYD,Tanker,Fuel Oil,16725.3,27.66,552173.0,117910.0,85300.0,-999625.0,-11.7189,0.8548,1.1879,39,73.8,-0.3876
SHA,COL,Container_Ship,Machinery,5092.6,5.68,586072.0,83153.0,167513.0,-586980.0,-3.5041,0.9147,0.9539,65,59.33,-0.2731
SHA,MUM,LNG_Carrier,LPG,5043.9,6.58,502713.0,82571.0,24497.0,-659557.0,-26.9239,0.9762,1.195,53,35.86,-0.1859
MUM,CPT,Tanker,Crude Oil,8227.2,14.49,325673.0,60941.0,11871.0,-592109.0,-49.8791,0.8485,0.9327,33,53.04,-0.2175
MUM,HOU,Bulk_Carrier,Iron Ore,14456.2,28.38,392559.0,94734.0,22227.0,-890768.0,-40.0757,0.9947,1.1285,50,68.47,-0.3425
SYD,SHA,LNG_Carrier,LNG,7881.4,10.11,757498.0,107188.0,24441.0,-991882.0,-40.582,0.8084,1.1518,62,37.58,-0.2615
TYO,BUS,Bulk_Carrier,Grain,959.3,1.74,28914.0,128768.0,43522.0,-140283.0,-3.2233,0.9361,0.9225,70,59.51,-0.0794
MUM,BUS,Tanker,Crude Oil,5775.4,10.03,191492.0,89295.0,13437.0,-417795.0,-31.0921,0.9416,0.9514,22,60.22,-0.1918
BUS,LAG,Reefer,Frozen Fish,12692.5,16.03,402673.0,82532.0,16504.0,-709198.0,-42.9713,0.7683,1.1934,55,44.3,-0.1864
HAM,HOU,Bulk_Carrier,Iron Ore,8306.0,15.93,226657.0,123660.0,22994.0,-566310.0,-24.6291,0.944,1.2301,32,39.08,-0.1528
SHA,SAN,Reefer,Perishables,18568.6,25.3,639151.0,94573.0,9507.0,-1103731.0,-116.0935,0.973,0.9048,56,56.31,-0.3103
SGP,RTM,Container_Ship,Machinery,10534.9,11.81,1152568.0,103535.0,198938.0,-1234278.0,-6.2043,0.9135,1.1343,55,62.96,-0.4954
HOU,COL,Tanker,Crude Oil,15903.9,26.95,581677.0,94283.0,13445.0,-1066748.0,-79.3427,0.7685,1.1663,24,48.84,-0.2803
SHA,LAG,Tanker,Crude Oil,12229.8,22.16,470919.0,86977.0,11548.0,-878814.0,-76.0985,0.8225,0.936,44,80.18,-0.4244
RTM,HAM,Container_Ship,Containers,406.5,0.42,40571.0,122929.0,85699.0,-84132.0,-0.9817,0.8501,0.9334,66,75.88,-0.0625
BUS,HOU,Container_Ship,Electronics,11424.5,13.69,1615362.0,109953.0,272106.0,-1658585.0,-6.0954,0.8589,1.056,52,61.33,-0.6291
HAM,HOU,Tanker,Fuel Oil,8306.0,13.48,307004.0,119366.0,67985.0,-560659.0,-8.2468,0.8877,0.9117,19,77.3,-0.2992
CPT,SAN,Container_Ship,Containers,6297.2,7.48,851961.0,65599.0,99501.0,-930208.0,-9.3487,0.8767,1.0509,20,63.07,-0.4378
NYK,LAG,Container_Ship,Auto Parts,8481.1,8.9,850215.0,113607.0,199587.0,-897768.0,-4.4981,0.8091,0.9136,55,88.85,-0.5471
MUM,ANT,LNG_Carrier,LPG,6885.8,9.35,776022.0,91613.0,18058.0,-989833.0,-54.8133,0.9065,0.9486,65,55.49,-0.4004
TYO,MUM,Container_Ship,Containers,6733.0,6.89,698907.0,101053.0,82221.0,-821110.0,-9.9866,0.8416,0.9046,53,67.68,-0.4075
JEA,COL,Tanker,Fuel Oil,3316.6,5.42,105721.0,57852.0,81171.0,-163711.0,-2.0169,0.948,1.0193,59,84.15,-0.1168
TYO,RTM,LNG_Carrier,LPG,9345.2,12.38,1060001.0,141346.0,17049.0,-1370039.0,-80.3567,0.758,1.0711,32,39.3,-0.3579
SYD,HOU,Reefer,Refrigerated Goods,13818.5,18.6,415050.0,126025.0,12017.0,-808113.0,-67.2481,0.7623,1.0948,34,56.96,-0.2636
SYD,COL,Container_Ship,Machinery,8748.1,9.35,1048602.0,75954.0,220868.0,-1043974.0,-4.7267,0.9526,1.2076,30,40.29,-0.2857
COL,TYO,Reefer,Frozen Fish,6846.1,8.64,199115.0,112409.0,17208.0,-423976.0,-24.6386,0.7706,1.2406,53,48.52,-0.1502
COL,CPT,Tanker,Chemical,7888.4,13.18,265194.0,56163.0,151402.0,-367709.0,-2.4287,0.8953,0.9947,39,63.26,-0.1631
LAG,SGP,Bulk_Carrier,Grain,11147.2,20.41,319507.0,78142.0,52961.0,-650802.0,-12.2882,0.996,1.0551,48,75.37,-0.3062
LAX,BUS,LNG_Carrier,LPG,9637.7,11.67,813436.0,121918.0,16764.0,-1093691.0,-65.2397,0.8504,0.9387,67,67.43,-0.4851
NYK,SYD,Tanker,Chemical,15985.3,28.25,590701.0,131167.0,181727.0,-963818.0,-5.3036,0.8655,1.2351,61,30.99,-0.1603
RTM,NYK,Reefer,Perishables,5858.2,8.35,207418.0,133407.0,9921.0,-456184.0,-45.9823,0.8793,1.0446,67,87.77,-0.3042
COL,ANT,Tanker,Chemical,8396.7,13.97,293911.0,80863.0,188178.0,-396086.0,-2.1049,0.9856,1.1231,34,61.51,-0.1676
RTM,HOU,Tanker,Chemical,8072.0,14.5,303034.0,140393.0,174416.0,-486484.0,-2.7892,0.9278,1.1058,31,53.35,-0.1807
KHI,COL,Tanker,Fuel Oil,2418.3,4.06,84135.0,51193.0,83898.0,-112337.0,-1.339,0.8795,1.1356,49,86.55,-0.086
SAN,SHA,Reefer,Refrigerated Goods,18568.6,25.16,627843.0,86655.0,13802.0,-1078034.0,-78.1057,0.782,1.2258,18,41.79,-0.225
HOU,SYD,Tanker,Fuel Oil,13818.5,25.5,589598.0,131966.0,68504.0,-1035593.0,-15.1172,0.8003,1.0191,56,41.57,-0.2466
KHI,TYO,Tanker,Fuel Oil,6926.4,12.11,262829.0,100828.0,77418.0,-467950.0,-6.0444,0.8718,1.0572,51,45.99,-0.1566
ANT,RTM,Tanker,Chemical,78.1,0.13,2397.0,108648.0,164917.0,51979.0,0.3152,0.8541,1.1358,63,87.0,0.045
KHI,ANT,Reefer,Refrigerated Goods,5992.6,7.73,191981.0,79149.0,11991.0,-375095.0,-31.2812,0.9149,0.9102,35,36.1,-0.1023
ANT,HOU,Container_Ship,Auto Parts,8102.1,9.34,932582.0,116314.0,266686.0,-922359.0,-3.4586,0.8105,1.2186,53,38.1,-0.2444
SYD,RTM,Reefer,Frozen Fish,16689.6,24.08,526629.0,120655.0,16077.0,-992379.0,-61.7285,0.8539,1.0459,48,64.48,-0.3366
LAG,HOU,Tanker,Chemical,10488.9,18.66,435228.0,107110.0,158360.0,-663859.0,-4.1921,0.9599,0.9705,49,30.01,-0.1272
CPT,SGP,LNG_Carrier,LPG,9665.9,12.68,939135.0,77429.0,25320.0,-1181413.0,-46.6589,0.9747,1.237,46,35.29,-0.274
TYO,ANT,Reefer,Refrigerated Goods,9411.9,12.48,330676.0,150870.0,16386.0,-652348.0,-39.812,0.9438,1.2057,63,56.46,-0.2442
TYO,LAX,Bulk_Carrier,Bauxite,8839.0,16.83,242570.0,154670.0,9000.0,-640729.0,-71.1893,0.9402,1.0637,33,54.72,-0.2373
ANT,LAG,Tanker,Crude Oil,4978.7,9.04,173738.0,92411.0,11013.0,-390769.0,-35.4834,0.7671,0.9571,54,51.56,-0.1588
JEA,TYO,LNG_Carrier,LPG,7963.6,11.02,794185.0,127102.0,18683.0,-1067876.0,-57.157,0.8059,1.104,28,87.66,-0.6546
MUM,BUS,Bulk_Carrier,Grain,5775.4,11.55,156832.0,78943.0,59441.0,-349547.0,-5.8806,0.9498,1.2417,53,60.37,-0.1609
LAG,JEA,Container_Ship,Electronics,5856.7,6.46,729329.0,61741.0,273561.0,-614454.0,-2.2461,0.9033,1.0095,30,49.36,-0.2304
COL,SGP,Bulk_Carrier,Iron Ore,2732.3,5.06,72681.0,70755.0,16021.0,-203369.0,-12.6939,0.872,0.9279,63,33.81,-0.0599
CPT,NYK,Container_Ship,Auto Parts,12566.3,12.89,1417876.0,98921.0,267162.0,-1443021.0,-5.4013,0.9869,1.0026,63,54.97,-0.4726
LAG,COL,Reefer,Perishables,8435.8,11.25,293719.0,59569.0,9482.0,-512490.0,-54.05,0.9291,0.9449,24,49.57,-0.1745
SYD,RTM,LNG_Carrier,LPG,16689.6,21.85,1730469.0,123214.0,21056.0,-2160375.0,-102.6036,0.9245,1.0845,60,49.43,-0.5617
JEA,MUM,Tanker,Crude Oil,1954.2,3.67,73901.0,75837.0,13529.0,-191299.0,-14.14,0.9715,0.9284,61,58.27,-0.1008
HAM,MUM,Reefer,Perishables,6551.7,8.58,194479.0,85343.0,10258.0,-398213.0,-38.8209,0.8252,1.1509,48,58.17,-0.1711
SGP,KHI,Reefer,Refrigerated Goods,4744.0,6.01,154158.0,70689.0,12718.0,-302261.0,-23.7665,0.7552,1.1695,39,42.48,-0.1022
SGP,TYO,Reefer,Refrigerated Goods,5314.4,7.26,160699.0,133829.0,15208.0,-388279.0,-25.5306,0.9111,1.1592,21,49.02,-0.1479
TYO,BUS,Tanker,Fuel Oil,959.3,1.65,34984.0,118601.0,70486.0,-107843.0,-1.53,0.8946,0.9379,27,40.94,-0.042
CPT,SHA,Bulk_Carrier,Coal,12978.3,24.24,335663.0,77639.0,24376.0,-752451.0,-30.8683,0.9526,1.0155,70,49.4,-0.2185
NYK,SAN,Bulk_Carrier,Coal,7737.9,14.36,238011.0,115762.0,20437.0,-548756.0,-26.8511,0.8379,0.9679,67,71.98,-0.2786
LAG,HOU,Reefer,Frozen Fish,10488.9,13.68,314148.0,97693.0,19154.0,-597895.0,-31.2154,0.8675,1.2266,63,68.29,-0.2607
LAX,SHA,Container_Ship,Electronics,10457.0,11.35,1335449.0,117499.0,331005.0,-1292246.0,-3.904,0.9954,1.1085,21,71.53,-0.5908
HAM,CPT,Reefer,Perishables,9764.5,14.21,332729.0,81528.0,11956.0,-615409.0,-51.4727,0.9484,1.1673,40,54.95,-0.2214
COL,LAX,Bulk_Carrier,Grain,15107.0,30.19,410977.0,95877.0,45300.0,-914466.0,-20.1867,0.9109,0.9867,35,84.26,-0.4244
LAG,SGP,LNG_Carrier,LPG,11147.2,13.69,956867.0,78839.0,23687.0,-1217301.0,-51.3901,0.9196,1.2265,23,35.44,-0.2693
SHA,LAG,LNG_Carrier,LPG,12229.8,14.75,1072982.0,92308.0,17543.0,-1368988.0,-78.0343,0.8632,0.9677,56,85.45,-0.7045
SGP,COL,Container_Ship,Containers,2732.3,2.84,272102.0,76138.0,93301.0,-297599.0,-3.1897,0.95,0.9093,39,46.06,-0.1195
COL,NYK,Reefer,Perishables,14086.8,19.22,478212.0,92922.0,8440.0,-850969.0,-100.8202,0.7873,0.9926,71,65.49,-0.3165
HAM,TYO,Container_Ship,Containers,8979.6,10.24,1166178.0,142180.0,90592.0,-1371405.0,-15.1382,0.8871,0.9456,49,55.25,-0.5103
LAX,SYD,Container_Ship,Auto Parts,12054.8,14.48,1626162.0,110969.0,317799.0,-1636597.0,-5.1498,0.9624,1.223,60,35.62,-0.3531
SYD,BUS,Bulk_Carrier,Iron Ore,8015.7,15.62,227125.0,100787.0,18782.0,-543421.0,-28.9337,0.9137,1.0381,23,72.17,-0.2737
ANT,SAN,Container_Ship,Machinery,9716.8,10.83,1111132.0,84782.0,167376.0,-1190936.0,-7.1154,0.8666,1.0059,55,88.29,-0.6896
JEA,LAX,Reefer,Perishables,13447.6,17.64,395927.0,103123.0,11653.0,-752015.0,-64.5366,0.9903,1.0895,48,73.77,-0.3214
BUS,SAN,Container_Ship,Electronics,18691.4,20.81,2425010.0,87364.0,304449.0,-2520002.0,-8.2773,0.9744,1.0415,49,73.08,-0.9165
HAM,SGP,Bulk_Carrier,Grain,10154.8,19.04,253204.0,102768.0,56032.0,-585579.0,-10.4508,0.8997,1.2357,61,76.77,-0.2903
HOU,JEA,Container_Ship,Electronics,13157.3,15.69,1574441.0,107591.0,312731.0,-1604644.0,-5.1311,0.8651,1.2051,25,30.78,-0.2887
HAM,MUM,Bulk_Carrier,Bauxite,6551.7,12.05,173388.0,86517.0,10654.0,-430070.0,-40.3665,0.9522,1.2432,18,45.81,-0.1455
CPT,SHA,Reefer,Refrigerated Goods,12978.3,16.85,434159.0,79768.0,16154.0,-750517.0,-46.4596,0.9906,1.1324,70,65.56,-0.2893
SYD,BUS,Bulk_Carrier,Coal,8015.7,15.57,212583.0,99193.0,24205.0,-521160.0,-21.5312,0.799,1.2022,49,86.23,-0.3137
JEA,LAG,LNG_Carrier,LNG,5856.7,7.15,617097.0,63194.0,22310.0,-765230.0,-34.3004,0.9424,0.9019,48,52.73,-0.3066
KHI,LAX,Container_Ship,Auto Parts,13476.2,15.51,1707330.0,88298.0,221964.0,-1806248.0,-8.1376,0.7695,1.0683,37,83.69,-0.875
COL,ANT,LNG_Carrier,LPG,8396.7,11.22,862888.0,88031.0,16017.0,-1103200.0,-68.8764,0.8126,0.9386,44,80.87,-0.6138
COL,CPT,Bulk_Carrier,Coal,7888.4,15.03,246852.0,53829.0,24658.0,-501544.0,-20.34,0.9795,0.999,28,31.53,-0.1109
TYO,MUM,Reefer,Pharmaceuticals,6733.0,8.55,209497.0,113899.0,93246.0,-358444.0,-3.8441,0.8022,1.2108,28,65.38,-0.1719
BUS,MUM,Reefer,Pharmaceuticals,5775.4,8.35,204916.0,75754.0,87275.0,-318651.0,-3.6511,0.9557,0.9513,23,54.13,-0.1315
SYD,SHA,Container_Ship,Machinery,7881.4,9.22,946067.0,102084.0,198904.0,-987501.0,-4.9647,0.9533,1.0867,53,88.67,-0.6142
SGP,SAN,Container_Ship,Machinery,15934.4,18.51,1908179.0,72711.0,177657.0,-2080956.0,-11.7133,0.8413,1.0998,58,59.17,-0.6619
SHA,LAX,Reefer,Frozen Fish,10457.0,15.23,320511.0,129763.0,16386.0,-662411.0,-40.4263,0.9966,0.9135,63,85.13,-0.3604
SYD,NYK,Bulk_Carrier,Iron Ore,15985.3,31.07,463014.0,138271.0,22707.0,-1044702.0,-46.0081,0.9573,1.1979,50,68.38,-0.3834
JEA,NYK,LNG_Carrier,LPG,11017.6,14.43,1148095.0,111773.0,20389.0,-1455915.0,-71.4082,0.9816,0.9891,71,68.21,-0.6227
MUM,LAX,Reefer,Pharmaceuticals,14043.2,18.21,427930.0,95724.0,91553.0,-705242.0,-7.7031,0.8839,1.0789,34,39.57,-0.1587
SYD,KHI,Tanker,Chemical,11020.1,18.45,399058.0,78310.0,152731.0,-601395.0,-3.9376,0.9471,0.9486,66,58.81,-0.2217
CPT,NYK,LNG_Carrier,LPG,12566.3,15.53,1117493.0,96515.0,21184.0,-1425751.0,-67.3025,0.9095,1.1091,57,40.73,-0.346
SHA,KHI,Container_Ship,Auto Parts,5340.0,6.26,622026.0,72703.0,241537.0,-547089.0,-2.265,0.974,0.9185,25,81.54,-0.3463
ANT,TYO,Reefer,Frozen Fish,9411.9,12.07,297093.0,130902.0,14442.0,-594565.0,-41.1684,0.7925,1.0125,31,76.28,-0.3007
SGP,SYD,Tanker,Fuel Oil,6299.1,11.84,223410.0,111818.0,89518.0,-423334.0,-4.729,0.9786,1.089,61,33.32,-0.1053
BUS,ANT,Tanker,Chemical,8997.1,15.6,292016.0,111007.0,189372.0,-447711.0,-2.3642,0.9578,1.1631,28,88.74,-0.2674
LAX,BUS,Reefer,Pharmaceuticals,9637.7,12.57,290392.0,124026.0,92010.0,-510964.0,-5.5534,0.9196,1.0422,36,46.78,-0.1572
ANT,HOU,Bulk_Carrier,Coal,8102.1,15.87,248437.0,127235.0,23842.0,-589877.0,-24.7406,0.9925,0.9532,41,50.81,-0.2085
LAG,BUS,Container_Ship,Machinery,12692.5,13.45,1339069.0,84786.0,209569.0,-1416059.0,-6.757,0.9121,1.1967,27,85.07,-0.7148
BUS,SGP,Bulk_Carrier,Coal,4583.4,8.57,126361.0,97381.0,18458.0,-333895.0,-18.0892,0.7997,0.9159,67,88.22,-0.2361
SHA,NYK,Reefer,Pharmaceuticals,11860.8,17.33,379292.0,129800.0,92041.0,-676979.0,-7.3552,0.8119,1.1809,52,84.41,-0.3483
HOU,CPT,LNG_Carrier,LPG,13853.3,18.77,1310440.0,91708.0,17826.0,-1665841.0,-93.4477,0.8722,0.9733,57,45.37,-0.4323
RTM,SHA,Reefer,Pharmaceuticals,8927.2,11.29,253907.0,111021.0,113655.0,-420624.0,-3.7009,0.9962,1.1884,70,51.93,-0.1474
HOU,SHA,Bulk_Carrier,Grain,12195.4,24.01,314514.0,122307.0,47240.0,-749691.0,-15.87,0.9463,0.9905,21,59.04,-0.2669
TYO,LAG,LNG_Carrier,LPG,13474.1,16.14,1191055.0,108078.0,16909.0,-1524398.0,-90.1526,0.8908,0.9039,23,72.99,-0.6441
LAG,COL,Container_Ship,Auto Parts,8435.8,8.74,905716.0,54612.0,244343.0,-847079.0,-3.4668,0.8465,1.0691,43,67.3,-0.3917
HAM,CPT,LNG_Carrier,LPG,9764.5,11.79,841168.0,81298.0,19753.0,-1079580.0,-54.6536,0.9881,0.952,22,79.26,-0.5603
BUS,TYO,Container_Ship,Auto Parts,959.3,1.05,124153.0,117331.0,258332.0,1068.0,0.0041,0.9232,1.0363,31,81.64,0.0008
LAG,BUS,Tanker,Chemical,12692.5,22.85,484131.0,77742.0,179033.0,-725544.0,-4.0526,0.935,1.1264,64,82.73,-0.3562
NYK,TYO,Container_Ship,Machinery,10853.1,11.93,1353899.0,154495.0,158881.0,-1528434.0,-9.62,0.8135,1.0172,32,54.91,-0.5291
HOU,LAG,Reefer,Perishables,10488.9,14.85,321727.0,104088.0,8673.0,-639848.0,-73.7705,0.8242,0.9744,37,35.06,-0.1432
RTM,LAX,Tanker,Crude Oil,8985.5,16.31,312029.0,135962.0,15264.0,-677330.0,-44.3737,0.8885,1.1453,53,80.62,-0.3677
SAN,COL,Tanker,Fuel Oil,13986.2,26.41,515859.0,60282.0,61538.0,-910720.0,-14.7994,0.7856,0.9325,68,81.04,-0.4205
LAX,KHI,Bulk_Carrier,Bauxite,13476.2,24.49,335136.0,91113.0,6226.0,-787430.0,-126.4805,0.7538,0.9177,58,43.17,-0.1967
NYK,HAM,LNG_Carrier,LPG,6125.8,7.72,667489.0,134883.0,18342.0,-899821.0,-49.057,0.8656,1.009,48,43.13,-0.2916
BUS,CPT,Bulk_Carrier,Iron Ore,13800.1,27.53,374109.0,79261.0,17000.0,-849285.0,-49.9575,0.7918,1.0843,66,30.54,-0.1486
JEA,SGP,Bulk_Carrier,Iron Ore,5858.9,11.35,150775.0,78678.0,19056.0,-380711.0,-19.9784,0.8555,1.1249,25,80.76,-0.2336
BUS,SAN,LNG_Carrier,LPG,18691.4,25.41,2059111.0,79604.0,22115.0,-2497730.0,-112.9419,0.8579,1.2275,56,52.82,-0.6566
HAM,ANT,Tanker,Crude Oil,453.6,0.85,18885.0,122892.0,14624.0,-139960.0,-9.5707,0.8031,1.214,44,56.06,-0.0766
JEA,CPT,Container_Ship,Containers,7606.3,8.98,1020816.0,63527.0,75744.0,-1143309.0,-15.0945,0.7751,0.9048,35,54.96,-0.4454
SAN,BUS,Bulk_Carrier,Bauxite,18691.4,37.85,578758.0,90451.0,9755.0,-1227238.0,-125.8086,0.9215,1.1762,50,47.43,-0.2897
LAX,CPT,Tanker,Chemical,16044.7,28.75,553599.0,100733.0,137936.0,-947599.0,-6.8698,0.7834,1.0357,70,71.01,-0.3605
SGP,KHI,Reefer,Pharmaceuticals,4744.0,6.13,137581.0,69517.0,95007.0,-204035.0,-2.1476,0.9651,1.0255,54,73.62,-0.1196
SHA,HOU,LNG_Carrier,LPG,12195.4,15.29,1104079.0,119963.0,16544.0,-1436793.0,-86.8475,0.8591,0.917,55,89.51,-0.7754
LAG,HOU,Bulk_Carrier,Iron Ore,10488.9,20.37,294678.0,108106.0,19720.0,-688621.0,-34.9195,0.8745,1.1389,48,59.77,-0.2628
NYK,TYO,Bulk_Carrier,Iron Ore,10853.1,20.34,319840.0,141162.0,17511.0,-748652.0,-42.7529,0.7828,1.1298,51,43.09,-0.2034
COL,MUM,Reefer,Perishables,1535.0,2.1,50562.0,52537.0,10416.0,-124189.0,-11.9231,0.8866,1.0878,71,46.83,-0.0537
SHA,SAN,Tanker,Fuel Oil,18568.6,32.38,657114.0,90801.0,78284.0,-1155295.0,-14.7577,0.8867,1.051,46,89.47,-0.5161
BUS,SYD,Bulk_Carrier,Iron Ore,8015.7,15.7,231829.0,100065.0,18378.0,-548960.0,-29.8713,0.8898,1.0431,21,78.64,-0.3013
RTM,SGP,Bulk_Carrier,Grain,10534.9,19.05,306321.0,113721.0,40117.0,-665664.0,-16.5933,0.7821,1.0177,62,87.34,-0.3706
ANT,SGP,Tanker,Chemical,10551.1,18.13,418571.0,101623.0,172823.0,-619278.0,-3.5833,0.9969,1.0198,66,84.26,-0.3324
KHI,LAX,LNG_Carrier,LPG,13476.2,17.29,1366696.0,94009.0,21117.0,-1698964.0,-80.4549,0.9502,1.0583,32,36.08,-0.3548
BUS,LAG,Bulk_Carrier,Bauxite,12692.5,24.6,398970.0,80937.0,8035.0,-840915.0,-104.6554,0.7565,1.1802,59,89.01,-0.4441
SYD,MUM,Reefer,Refrigerated Goods,10150.5,14.11,369386.0,96614.0,13775.0,-663915.0,-48.1956,0.9543,1.0025,57,64.51,-0.2767
CPT,SHA,LNG_Carrier,LNG,12978.3,17.6,1221692.0,91232.0,22217.0,-1554642.0,-69.9759,0.829,1.0209,70,88.08,-0.8051
RTM,MUM,LNG_Carrier,LPG,6887.0,8.71,679566.0,91109.0,21900.0,-879452.0,-40.1581,0.9618,1.0843,34,30.31,-0.1943
SGP,BUS,Reefer,Perishables,4583.4,6.3,133819.0,98281.0,10049.0,-316571.0,-31.5023,0.9922,0.9378,20,86.72,-0.2201
CPT,TYO,Container_Ship,Containers,14727.6,15.63,1637685.0,99145.0,120809.0,-1850541.0,-15.318,0.9908,1.1289,33,87.17,-0.8985
SHA,BUS,LNG_Carrier,LPG,832.1,1.14,86684.0,99553.0,18520.0,-184748.0,-9.9757,0.8735,1.0097,43,87.2,-0.1542
LAG,SHA,Container_Ship,Containers,12229.8,13.25,1277519.0,85918.0,78027.0,-1484220.0,-19.0219,0.7814,0.9246,58,87.09,-0.7785
SAN,ANT,Reefer,Refrigerated Goods,9716.8,13.17,286728.0,99296.0,13606.0,-569928.0,-41.8888,0.9575,0.9868,39,36.61,-0.1368
CPT,JEA,Bulk_Carrier,Grain,7606.3,13.39,176673.0,61289.0,39787.0,-399094.0,-10.0308,0.7727,1.0217,62,52.43,-0.1483
SHA,NYK,LNG_Carrier,LPG,11860.8,15.84,1172375.0,128253.0,17873.0,-1520281.0,-85.0612,0.9291,0.916,68,38.88,-0.3603
HAM,MUM,Reefer,Pharmaceuticals,6551.7,9.49,202304.0,97175.0,69968.0,-371887.0,-5.3151,0.7591,0.9602,51,60.54,-0.1663
ANT,TYO,Bulk_Carrier,Grain,9411.9,17.96,289020.0,145468.0,45950.0,-657940.0,-14.3188,0.8085,1.1276,21,40.99,-0.1788
SYD,SAN,LNG_Carrier,LPG,13322.4,16.28,1274743.0,98022.0,23686.0,-1593205.0,-67.2637,0.9575,1.178,49,74.5,-0.6903
LAX,RTM,LNG_Carrier,LNG,8985.5,12.05,973207.0,121422.0,23963.0,-1251433.0,-52.2244,0.8907,1.0249,23,58.84,-0.4958
SHA,LAG,LNG_Carrier,LNG,12229.8,14.69,1195651.0,90410.0,27646.0,-1478730.0,-53.4879,0.8966,1.1746,19,32.83,-0.2924
ANT,CPT,Reefer,Refrigerated Goods,9566.7,12.33,326819.0,92937.0,13149.0,-591489.0,-44.9842,0.8438,1.0822,30,53.37,-0.2081
MUM,COL,Bulk_Carrier,Coal,1535.0,2.83,45279.0,55829.0,24401.0,-119162.0,-4.8834,0.8616,1.1238,35,30.71,-0.0338
LAG,KHI,Bulk_Carrier,Iron Ore,7048.8,12.57,164141.0,47938.0,16954.0,-383719.0,-22.6336,0.8615,0.9939,31,31.14,-0.0866
ANT,SAN,Tanker,Chemical,9716.8,16.8,316962.0,90627.0,135828.0,-523758.0,-3.8561,0.7764,1.0291,37,38.31,-0.1316
LAX,SAN,Bulk_Carrier,Coal,9942.3,19.26,261958.0,105896.0,21818.0,-634976.0,-29.1039,0.7983,1.0846,18,84.6,-0.3496
COL,LAX,Bulk_Carrier,Coal,15107.0,27.82,413928.0,88364.0,22773.0,-896771.0,-39.3783,0.7565,1.1946,61,44.09,-0.2178
KHI,SAN,Reefer,Pharmaceuticals,13337.2,16.82,401737.0,62288.0,83293.0,-632999.0,-7.5997,0.899,0.9651,69,38.9,-0.1431
HAM,RTM,Reefer,Refrigerated Goods,406.5,0.51,11475.0,121106.0,12184.0,-128050.0,-10.5101,0.8626,0.9809,23,80.3,-0.1006
CPT,JEA,Bulk_Carrier,Iron Ore,7606.3,13.64,221717.0,72170.0,15295.0,-483182.0,-31.591,0.7829,0.9867,41,87.31,-0.299
SGP,HAM,Bulk_Carrier,Grain,10154.8,18.31,270011.0,113489.0,51130.0,-606952.0,-11.8708,0.9506,1.0672,46,57.29,-0.2246
RTM,LAG,Tanker,Fuel Oil,5056.8,8.31,161933.0,85130.0,84554.0,-287138.0,-3.3959,0.9378,1.0734,39,69.07,-0.1558
CPT,HAM,LNG_Carrier,LPG,9764.5,12.09,1038910.0,89858.0,20218.0,-1289842.0,-63.7965,0.8829,1.0904,56,34.69,-0.293
ANT,TYO,Container_Ship,Containers,9411.9,9.67,1135251.0,135504.0,114038.0,-1301792.0,-11.4154,0.8462,1.2478,37,34.09,-0.2943
RTM,HAM,Tanker,Crude Oil,406.5,0.7,15868.0,124886.0,18001.0,-133249.0,-7.4024,0.9989,1.2014,21,39.07,-0.0509
SHA,SAN,LNG_Carrier,LPG,18568.6,23.43,1746146.0,95718.0,18930.0,-2174352.0,-114.8655,0.8259,1.0915,24,33.8,-0.367
LAG,HOU,LNG_Carrier,LPG,10488.9,13.57,1065331.0,109809.0,21878.0,-1356853.0,-62.0195,0.9428,1.105,49,44.92,-0.3891
HAM,ANT,Reefer,Refrigerated Goods,453.6,0.63,14023.0,126127.0,14644.0,-134891.0,-9.2113,0.9012,1.1284,24,62.1,-0.0818
SGP,COL,Bulk_Carrier,Bauxite,2732.3,5.53,85621.0,65333.0,8102.0,-225729.0,-27.8618,0.9128,0.9862,68,76.65,-0.1508
SAN,KHI,Tanker,Fuel Oil,13337.2,22.99,432366.0,56167.0,66104.0,-767236.0,-11.6066,0.7672,1.0257,42,57.04,-0.2544
TYO,JEA,Container_Ship,Electronics,7963.6,8.24,946457.0,118039.0,266363.0,-921664.0,-3.4602,0.8279,1.0725,63,64.3,-0.4144
SYD,BUS,Tanker,Chemical,8015.7,13.81,284634.0,104012.0,132653.0,-463119.0,-3.4912,0.8272,0.9434,43,35.19,-0.1137
COL,CPT,Tanker,Crude Oil,7888.4,13.38,312046.0,50488.0,12282.0,-551026.0,-44.8653,0.8866,0.9236,59,50.74,-0.1961
BUS,HAM,Bulk_Carrier,Coal,8550.1,15.12,215403.0,99607.0,26939.0,-514820.0,-19.1106,0.9807,1.0901,33,51.19,-0.1803
COL,RTM,LNG_Carrier,LNG,8401.4,10.56,746047.0,93262.0,31695.0,-966031.0,-30.4794,0.9749,1.2384,27,77.82,-0.5172
CPT,SAN,Container_Ship,Machinery,6297.2,6.5,643209.0,59111.0,184284.0,-615559.0,-3.3403,0.9071,1.0581,66,35.43,-0.1628
BUS,SGP,Container_Ship,Electronics,4583.4,4.75,520302.0,99836.0,341552.0,-349860.0,-1.0243,0.919,1.2389,33,43.43,-0.1218
JEA,COL,LNG_Carrier,LNG,3316.6,4.54,384640.0,62178.0,22508.0,-492407.0,-21.8774,0.948,0.9045,58,65.39,-0.2731
SGP,LAX,LNG_Carrier,LPG,14141.5,17.0,1361400.0,110597.0,20421.0,-1706602.0,-83.571,0.9263,1.0498,33,39.69,-0.3841
SAN,SGP,Container_Ship,Machinery,15934.4,18.16,1912365.0,83669.0,171245.0,-2097256.0,-12.2471,0.9798,0.9103,56,67.7,-0.7631
SAN,HAM,LNG_Carrier,LNG,10166.5,12.22,928257.0,93549.0,25912.0,-1179222.0,-45.508,0.9361,1.0545,50,53.63,-0.4083
HOU,KHI,Bulk_Carrier,Grain,13656.9,23.66,335357.0,99983.0,43911.0,-746278.0,-16.9952,0.7569,1.151,54,53.12,-0.2282
SYD,LAG,Tanker,Fuel Oil,15517.5,28.74,623555.0,85236.0,70361.0,-1069474.0,-15.1999,0.8229,1.0179,25,61.37,-0.3571
HAM,JEA,Bulk_Carrier,Bauxite,4892.2,9.09,138604.0,104976.0,9023.0,-370980.0,-41.1151,0.9854,1.0174,57,79.54,-0.2334
SGP,HAM,Tanker,Chemical,10154.8,17.98,406437.0,114064.0,149733.0,-640501.0,-4.2776,0.9052,0.973,28,69.6,-0.2879
LAX,SAN,Container_Ship,Machinery,9942.3,10.59,1237357.0,103581.0,215261.0,-1284506.0,-5.9672,0.9155,1.2246,32,73.39,-0.6134
SYD,HOU,Container_Ship,Auto Parts,13818.5,14.29,1431239.0,124594.0,292183.0,-1478033.0,-5.0586,0.9817,1.1023,69,49.5,-0.419
TYO,RTM,Reefer,Pharmaceuticals,9345.2,11.74,276649.0,155652.0,84793.0,-523533.0,-6.1742,0.9261,0.9537,53,41.71,-0.1451
BUS,LAX,Bulk_Carrier,Coal,9637.7,17.89,266650.0,120154.0,23789.0,-631300.0,-26.5379,0.8045,1.1733,28,77.07,-0.32
LAG,NYK,Reefer,Pharmaceuticals,8481.1,12.29,264973.0,95690.0,92221.0,-452850.0,-4.9105,0.8918,1.0772,31,42.78,-0.1329
JEA,BUS,Tanker,Crude Oil,7055.4,12.63,286067.0,81787.0,13814.0,-543436.0,-39.3408,0.7845,1.1739,27,38.65,-0.1521
KHI,JEA,Reefer,Pharmaceuticals,1207.1,1.63,38216.0,64261.0,73343.0,-53576.0,-0.7305,0.7559,1.0107,62,76.52,-0.0385
LAG,NYK,Bulk_Carrier,Bauxite,8481.1,15.83,225507.0,99120.0,7528.0,-554562.0,-73.6665,0.7635,1.0955,23,45.37,-0.1726
LAX,KHI,Bulk_Carrier,Coal,13476.2,25.36,397543.0,91394.0,30675.0,-838680.0,-27.3404,0.988,1.2321,60,54.93,-0.2667
TYO,JEA,Bulk_Carrier,Iron Ore,7963.6,15.15,241220.0,118235.0,19293.0,-567486.0,-29.4138,0.8527,1.1427,44,74.06,-0.2939
KHI,COL,LNG_Carrier,LPG,2418.3,3.09,239314.0,42767.0,18579.0,-309869.0,-16.6782,0.9026,0.9802,58,48.88,-0.134
HAM,LAG,Tanker,Chemical,5272.3,8.73,183378.0,95121.0,130801.0,-278598.0,-2.1299,0.7871,0.9776,66,49.45,-0.1072
LAG,NYK,Bulk_Carrier,Bauxite,8481.1,16.69,223678.0,112039.0,7691.0,-578417.0,-75.2111,0.7511,1.1376,71,39.02,-0.1548
RTM,SHA,Container_Ship,Electronics,8927.2,9.18,886307.0,106639.0,274244.0,-856423.0,-3.1228,0.8333,1.097,43,30.6,-0.1768
SAN,COL,Tanker,Fuel Oil,13986.2,23.7,523171.0,58359.0,85026.0,-852004.0,-10.0205,0.8594,1.1778,35,35.03,-0.1701
HAM,MUM,Reefer,Frozen Fish,6551.7,9.52,251090.0,92970.0,13983.0,-472854.0,-33.8155,0.7992,0.972,51,41.17,-0.1438
SHA,LAG,Tanker,Chemical,12229.8,22.48,416389.0,77081.0,141974.0,-688638.0,-4.8505,0.8004,1.0434,20,74.54,-0.3092
RTM,SHA,Container_Ship,Electronics,8927.2,10.69,1281338.0,121530.0,232428.0,-1330820.0,-5.7257,0.7755,0.9991,22,74.18,-0.6661
JEA,SGP,Reefer,Perishables,5858.9,7.54,193661.0,85932.0,11984.0,-380643.0,-31.7617,0.9821,1.1299,70,61.24,-0.1771
SYD,BUS,Bulk_Carrier,Bauxite,8015.7,15.95,256316.0,115529.0,8086.0,-603015.0,-74.5753,0.7661,1.1727,42,82.51,-0.3473
LAX,LAG,Tanker,Chemical,12430.0,20.71,408823.0,87651.0,145306.0,-661794.0,-4.5545,0.8126,1.0518,38,82.51,-0.3268
ANT,LAG,Tanker,Fuel Oil,4978.7,9.37,174735.0,90814.0,79873.0,-326153.0,-4.0834,0.7804,1.2184,36,36.81,-0.0946
ANT,CPT,Container_Ship,Auto Parts,9566.7,11.45,1179147.0,81099.0,242897.0,-1189068.0,-4.8954,0.8238,1.092,53,55.43,-0.4346
ANT,TYO,Container_Ship,Machinery,9411.9,10.65,1249571.0,130578.0,209392.0,-1330481.0,-6.354,0.891,1.224,33,80.31,-0.7084
LAG,KHI,LNG_Carrier,LNG,7048.8,9.45,802789.0,48345.0,29886.0,-963061.0,-32.225,0.9595,1.1866,29,85.04,-0.5932
SGP,ANT,Tanker,Chemical,10551.1,19.5,416530.0,111555.0,190404.0,-630226.0,-3.3099,0.9747,1.1492,26,51.87,-0.2083
KHI,COL,Tanker,Crude Oil,2418.3,4.5,85727.0,47590.0,12209.0,-188538.0,-15.442,0.794,1.0251,39,68.6,-0.1144
SGP,ANT,Bulk_Carrier,Iron Ore,10551.1,20.23,302018.0,104983.0,18768.0,-691660.0,-36.8533,0.9115,1.0399,55,41.73,-0.1839
MUM,RTM,Reefer,Refrigerated Goods,6887.0,8.89,215797.0,98804.0,12211.0,-435700.0,-35.6799,0.8041,1.0546,36,82.03,-0.2605
RTM,SGP,Reefer,Pharmaceuticals,10534.9,13.49,282914.0,97094.0,69004.0,-513354.0,-7.4395,0.7729,0.93,34,42.8,-0.14
HAM,MUM,Container_Ship,Electronics,6551.7,6.73,710728.0,93394.0,243696.0,-661344.0,-2.7138,0.776,1.0468,49,57.05,-0.2787
MUM,KHI,Reefer,Frozen Fish,893.2,1.31,29508.0,54825.0,17827.0,-86192.0,-4.835,0.8618,1.1492,47,73.13,-0.0601
BUS,SYD,Container_Ship,Electronics,8015.7,9.63,953402.0,104794.0,264880.0,-937743.0,-3.5403,0.7724,1.1431,57,38.61,-0.2527
SYD,CPT,Reefer,Perishables,11011.7,14.67,368776.0,82718.0,10711.0,-660844.0,-61.6988,0.8388,1.1823,54,39.57,-0.164
COL,LAG,Reefer,Pharmaceuticals,8435.8,11.39,261731.0,51832.0,77077.0,-407356.0,-5.2851,0.7731,1.0385,55,34.24,-0.0958
NYK,SYD,Container_Ship,Auto Parts,15985.3,17.71,1935974.0,133054.0,213321.0,-2121425.0,-9.9447,0.777,1.0168,21,60.86,-0.693
JEA,CPT,Container_Ship,Machinery,7606.3,8.37,864237.0,62828.0,209377.0,-843262.0,-4.0275,0.9727,1.1211,71,36.02,-0.2153
BUS,RTM,Tanker,Fuel Oil,8936.6,15.15,329926.0,111154.0,77836.0,-590459.0,-7.5859,0.828,1.1191,41,59.66,-0.2376
NYK,SYD,Tanker,Crude Oil,15985.3,27.21,559026.0,125116.0,14885.0,-1077366.0,-72.3794,0.885,1.1212,54,63.76,-0.3687
SAN,COL,Bulk_Carrier,Coal,13986.2,27.11,429778.0,63579.0,23036.0,-876956.0,-38.0686,0.9333,0.9795,63,80.07,-0.4001
SYD,SGP,LNG_Carrier,LNG,6299.1,8.35,674003.0,106723.0,26132.0,-879786.0,-33.6666,0.9878,1.0078,40,66.82,-0.4387
HOU,HAM,Container_Ship,Machinery,8306.0,9.74,1147909.0,139684.0,205600.0,-1228108.0,-5.9733,0.9344,1.146,33,33.18,-0.2813
KHI,ANT,Bulk_Carrier,Coal,5992.6,10.48,159249.0,72977.0,28556.0,-360935.0,-12.6396,0.9114,1.2433,54,69.41,-0.1893
HAM,ANT,Tanker,Chemical,453.6,0.76,14316.0,114091.0,158384.0,18567.0,0.1172,0.9733,0.9572,60,30.01,0.0054
BUS,LAX,Container_Ship,Containers,9637.7,10.61,1271425.0,120667.0,103426.0,-1447813.0,-13.9986,0.9817,0.9755,45,79.56,-0.7576
JEA,SHA,Reefer,Refrigerated Goods,6458.3,9.31,224607.0,94919.0,14607.0,-444640.0,-30.4393,0.8233,1.2321,31,30.82,-0.1016
HOU,BUS,Container_Ship,Containers,11424.5,12.91,1531648.0,115238.0,105726.0,-1734790.0,-16.4084,0.8232,1.1891,47,65.36,-0.7013
SAN,LAX,Container_Ship,Electronics,9942.3,10.67,1276698.0,99002.0,245325.0,-1290497.0,-5.2604,0.8493,0.9629,36,69.68,-0.5851
KHI,JEA,Reefer,Perishables,1207.1,1.77,37228.0,58549.0,12030.0,-110237.0,-9.1636,0.9169,1.2148,44,55.7,-0.0576
LAG,BUS,Reefer,Refrigerated Goods,12692.5,17.89,425645.0,76453.0,13832.0,-756586.0,-54.6997,0.9149,1.0499,60,72.82,-0.3269
SAN,BUS,Container_Ship,Containers,18691.4,19.9,2213012.0,85362.0,94046.0,-2502807.0,-26.6126,0.8787,0.991,48,88.31,-1.0
HAM,SHA,Container_Ship,Auto Parts,8527.4,9.32,1075246.0,114174.0,289178.0,-1040030.0,-3.5965,0.8707,1.2301,47,37.73,-0.2687
CPT,NYK,Reefer,Pharmaceuticals,12566.3,18.19,468512.0,110654.0,105440.0,-746588.0,-7.0807,0.9851,1.115,42,65.58,-0.2917
NYK,JEA,LNG_Carrier,LPG,11017.6,14.68,1005800.0,118323.0,17980.0,-1326342.0,-73.7657,0.7724,1.1086,61,45.34,-0.3771
MUM,ANT,Container_Ship,Electronics,6885.8,8.19,980002.0,91329.0,249303.0,-944824.0,-3.7899,0.8944,0.9291,64,53.74,-0.3701
NYK,COL,Tanker,Fuel Oil,14086.8,24.88,481508.0,94950.0,77588.0,-872132.0,-11.2406,0.9101,1.015,27,83.87,-0.4154
NYK,SAN,Reefer,Frozen Fish,7737.9,10.41,271247.0,118266.0,16458.0,-529130.0,-32.1504,0.7587,1.2052,22,79.6,-0.2971
KHI,LAX,Reefer,Pharmaceuticals,13476.2,18.59,466433.0,93441.0,87024.0,-751624.0,-8.637,0.9874,0.9181,36,53.84,-0.2342
RTM,HAM,Bulk_Carrier,Iron Ore,406.5,0.78,10512.0,122046.0,18643.0,-125585.0,-6.7364,0.8974,1.0492,61,30.27,-0.0372
LAX,CPT,Container_Ship,Machinery,16044.7,16.8,1705182.0,97500.0,166356.0,-1888321.0,-11.3511,0.9228,0.939,19,55.21,-0.5586
RTM,LAG,Tanker,Crude Oil,5056.8,9.02,196884.0,89750.0,14750.0,-407188.0,-27.6055,0.9495,1.0357,22,55.55,-0.1777
NYK,JEA,Bulk_Carrier,Bauxite,11017.6,22.1,334248.0,118869.0,9260.0,-775394.0,-83.7345,0.8257,1.2461,26,56.77,-0.276
SHA,NYK,Reefer,Frozen Fish,11860.8,15.05,344022.0,138902.0,20192.0,-688492.0,-34.0979,0.952,1.1784,68,64.82,-0.2721
LAX,RTM,Container_Ship,Machinery,8985.5,10.61,1117900.0,117352.0,166416.0,-1227913.0,-7.3786,0.8732,0.9926,39,51.01,-0.4217
SGP,ANT,Tanker,Fuel Oil,10551.1,18.13,393257.0,106488.0,83280.0,-688476.0,-8.267,0.8638,1.1477,54,46.05,-0.202
TYO,KHI,Tanker,Chemical,6926.4,11.31,260705.0,102421.0,168319.0,-364401.0,-2.1649,0.8447,1.1721,38,46.16,-0.1224
NYK,HAM,Tanker,Fuel Oil,6125.8,11.04,216126.0,125842.0,77354.0,-430156.0,-5.5609,0.9557,0.9636,66,84.48,-0.2731
LAX,BUS,LNG_Carrier,LNG,9637.7,11.62,991117.0,107276.0,19905.0,-1252858.0,-62.9404,0.8232,0.9211,42,55.16,-0.4546
JEA,LAG,Reefer,Refrigerated Goods,5856.7,8.18,187696.0,74007.0,11791.0,-372577.0,-31.5988,0.8422,0.9722,26,82.15,-0.2325
SAN,BUS,Reefer,Pharmaceuticals,18691.4,24.5,623622.0,86999.0,73296.0,-1004772.0,-13.7084,0.7872,0.9699,38,65.21,-0.3261
KHI,MUM,Bulk_Carrier,Iron Ore,893.2,1.66,26870.0,49058.0,15033.0,-85832.0,-5.7094,0.7503,1.0119,40,40.0,-0.0327
HAM,SHA,Bulk_Carrier,Coal,8527.4,16.37,237313.0,124800.0,27094.0,-580521.0,-21.4265,0.9613,1.1184,28,56.81,-0.2258
NYK,KHI,Container_Ship,Auto Parts,11689.8,14.0,1395532.0,106677.0,255022.0,-1457133.0,-5.7138,0.8532,1.107,39,76.29,-0.6815
MUM,SAN,Tanker,Crude Oil,13740.7,23.43,441821.0,63548.0,13934.0,-842823.0,-60.4871,0.9492,0.9786,45,41.54,-0.201
KHI,SYD,Bulk_Carrier,Coal,11020.1,21.49,303851.0,84489.0,26080.0,-684603.0,-26.2504,0.8405,1.2313,65,46.56,-0.1999
TYO,NYK,Container_Ship,Machinery,10853.1,11.17,1299214.0,151087.0,167049.0,-1450851.0,-8.6852,0.8642,1.0068,41,58.86,-0.5384
KHI,SYD,LNG_Carrier,LNG,11020.1,15.17,1068020.0,76543.0,29578.0,-1342492.0,-45.3876,0.9603,1.1734,41,49.59,-0.4173
KHI,HAM,Tanker,Crude Oil,5660.0,9.38,212874.0,89081.0,14783.0,-427875.0,-28.9446,0.9622,1.0242,50,58.48,-0.1917
ANT,TYO,Bulk_Carrier,Bauxite,9411.9,18.02,276136.0,129136.0,9229.0,-666272.0,-72.1955,0.8388,1.2224,33,69.34,-0.3063
SGP,KHI,Reefer,Perishables,4744.0,6.92,158852.0,66045.0,10804.0,-317864.0,-29.421,0.9917,1.0087,28,75.42,-0.1908
TYO,MUM,Tanker,Crude Oil,6733.0,11.19,258602.0,118213.0,15599.0,-529040.0,-33.9151,0.8958,1.1609,55,78.48,-0.3045
MUM,SHA,Bulk_Carrier,Bauxite,5043.9,8.91,123279.0,95690.0,9457.0,-343224.0,-36.2937,0.9783,1.0741,58,83.61,-0.2255
TYO,CPT,Tanker,Chemical,14727.6,24.41,472680.0,100120.0,176194.0,-762720.0,-4.3289,0.9266,1.1185,52,56.79,-0.2413
BUS,SAN,Tanker,Fuel Oil,18691.4,32.3,707788.0,78018.0,76326.0,-1194032.0,-15.6439,0.8551,1.0626,40,32.05,-0.1904
MUM,KHI,Reefer,Refrigerated Goods,893.2,1.13,27768.0,57575.0,12018.0,-90295.0,-7.5132,0.8427,0.9904,53,53.77,-0.0463
SYD,KHI,Bulk_Carrier,Bauxite,11020.1,19.25,304614.0,74861.0,7871.0,-660304.0,-83.8916,0.8338,1.0488,48,57.69,-0.2388
SAN,BUS,Container_Ship,Containers,18691.4,22.08,2329301.0,86562.0,74622.0,-2672502.0,-35.814,0.7544,0.9159,28,74.61,-0.9923
COL,JEA,Bulk_Carrier,Coal,3316.6,5.95,89749.0,60726.0,21961.0,-217802.0,-9.9175,0.8268,1.0541,38,59.25,-0.1094
MUM,TYO,LNG_Carrier,LNG,6733.0,8.11,612340.0,107008.0,22574.0,-818352.0,-36.2518,0.7835,1.0976,26,80.44,-0.4828
HOU,SYD,Reefer,Refrigerated Goods,13818.5,17.53,442278.0,139994.0,16959.0,-828203.0,-48.8348,0.9651,1.2203,53,45.25,-0.2146
SAN,MUM,LNG_Carrier,LNG,13740.7,16.33,1352795.0,70118.0,20706.0,-1647138.0,-79.5483,0.8267,0.9542,39,47.72,-0.4513
JEA,HAM,LNG_Carrier,LNG,4892.2,5.83,460668.0,88519.0,23003.0,-613639.0,-26.6767,0.8353,1.049,37,70.2,-0.3408
CPT,LAX,Reefer,Perishables,16044.7,20.06,461053.0,93089.0,9260.0,-845799.0,-91.3347,0.7988,1.0734,37,43.27,-0.1961
RTM,SYD,Tanker,Chemical,16689.6,28.02,550361.0,111230.0,170894.0,-910999.0,-5.3308,0.9792,1.0267,38,68.69,-0.3292
SAN,ANT,Reefer,Perishables,9716.8,13.05,292795.0,85312.0,8660.0,-565159.0,-65.2574,0.7978,1.0051,18,87.34,-0.3237
BUS,MUM,Reefer,Refrigerated Goods,5775.4,8.09,179315.0,88063.0,12073.0,-376584.0,-31.1929,0.887,0.9451,61,74.31,-0.2133
SAN,COL,Container_Ship,Machinery,13986.2,16.22,1818362.0,57919.0,191609.0,-1928012.0,-10.0622,0.9576,1.0422,37,32.41,-0.356
COL,LAX,Reefer,Frozen Fish,15107.0,20.46,427955.0,94010.0,15357.0,-813521.0,-52.974,0.9373,0.9102,27,67.01,-0.3002
HOU,ANT,Reefer,Pharmaceuticals,8102.1,10.21,255912.0,130469.0,112961.0,-426561.0,-3.7762,0.9801,1.2006,57,85.09,-0.2525
KHI,LAG,Reefer,Refrigerated Goods,7048.8,9.9,261791.0,56284.0,14436.0,-452112.0,-31.3189,0.9493,1.0561,62,35.97,-0.1178
SAN,COL,Reefer,Pharmaceuticals,13986.2,19.2,441291.0,55937.0,91246.0,-693953.0,-7.6053,0.9809,0.969,51,65.93,-0.2607
MUM,CPT,LNG_Carrier,LNG,8227.2,10.94,774566.0,58993.0,24378.0,-973288.0,-39.9245,0.7591,1.2234,22,30.1,-0.2028
HAM,SYD,Container_Ship,Machinery,16284.4,17.2,1821477.0,113805.0,187650.0,-2005629.0,-10.6881,0.9676,1.01,70,66.88,-0.7138
BUS,SGP,LNG_Carrier,LPG,4583.4,6.29,446137.0,100769.0,15768.0,-625552.0,-39.6717,0.808,0.9293,45,34.64,-0.1737
SYD,SGP,Tanker,Chemical,6299.1,11.1,225162.0,92759.0,140755.0,-343599.0,-2.4411,0.7968,1.0391,56,32.64,-0.0837
MUM,NYK,Reefer,Pharmaceuticals,12555.7,16.07,351054.0,109310.0,90363.0,-611058.0,-6.7623,0.9791,0.9614,20,67.7,-0.2466
HOU,LAG,Reefer,Refrigerated Goods,10488.9,13.69,352534.0,97255.0,13607.0,-641570.0,-47.1508,0.921,1.026,56,46.78,-0.1916
SAN,KHI,LNG_Carrier,LPG,13337.2,18.29,1403390.0,54425.0,19784.0,-1712354.0,-86.5518,0.7955,1.1843,27,70.93,-0.706
RTM,TYO,Reefer,Perishables,9345.2,11.84,253156.0,152604.0,10134.0,-573165.0,-56.5595,0.7944,1.1812,64,86.12,-0.328
SGP,NYK,Reefer,Frozen Fish,15342.9,22.08,571739.0,114826.0,18091.0,-999708.0,-55.2594,0.8567,1.1731,66,71.83,-0.3927
HOU,COL,Reefer,Refrigerated Goods,15903.9,21.26,471396.0,100509.0,12085.0,-878678.0,-72.7104,0.7553,1.1111,60,89.51,-0.4232
SAN,ANT,Container_Ship,Auto Parts,9716.8,11.47,1295618.0,87539.0,289945.0,-1265205.0,-4.3636,0.8739,1.2288,51,70.87,-0.5881
HOU,LAG,Bulk_Carrier,Grain,10488.9,18.85,304546.0,96554.0,56134.0,-627726.0,-11.1826,0.9608,1.1592,32,70.93,-0.2842
SHA,SAN,Reefer,Frozen Fish,18568.6,26.0,605604.0,82256.0,15936.0,-1061928.0,-66.6362,0.7923,1.1175,61,47.67,-0.2528
SGP,HOU,LNG_Carrier,LNG,16004.8,21.55,1495575.0,105854.0,30423.0,-1894272.0,-62.2635,0.9662,1.1995,19,49.64,-0.5044
KHI,HOU,LNG_Carrier,LPG,13656.9,16.94,1444920.0,99711.0,22147.0,-1776628.0,-80.2188,0.9712,1.0859,70,84.89,-0.868
HOU,LAG,Bulk_Carrier,Iron Ore,10488.9,19.38,269403.0,101380.0,17106.0,-644357.0,-37.6695,0.8604,1.004,59,56.6,-0.2328
HOU,BUS,Bulk_Carrier,Grain,11424.5,23.06,359264.0,123876.0,41261.0,-787792.0,-19.0929,0.828,0.9887,22,57.62,-0.2807
KHI,RTM,Container_Ship,Auto Parts,5993.9,6.75,654685.0,80370.0,268900.0,-567348.0,-2.1099,0.8313,1.198,54,61.97,-0.2656
NYK,SHA,Container_Ship,Auto Parts,11860.8,13.2,1492632.0,122264.0,255519.0,-1557398.0,-6.095,0.8768,1.0794,58,78.09,-0.7414
MUM,SAN,Tanker,Chemical,13740.7,22.36,457695.0,69455.0,142864.0,-719683.0,-5.0375,0.8411,0.9991,26,82.72,-0.3418
SAN,ANT,LNG_Carrier,LNG,9716.8,12.28,884964.0,92325.0,26169.0,-1135364.0,-43.3859,0.9576,1.0411,31,35.95,-0.2677
TYO,SHA,LNG_Carrier,LPG,1754.3,2.2,162258.0,122697.0,19955.0,-298034.0,-14.9356,0.9443,1.0063,69,71.05,-0.1934
BUS,HAM,Tanker,Chemical,8550.1,14.05,284403.0,101980.0,143277.0,-453817.0,-3.1674,0.8961,0.9405,52,41.69,-0.1294
COL,SYD,Tanker,Chemical,8748.1,15.5,327003.0,86179.0,153271.0,-492409.0,-3.2127,0.9414,0.9577,30,89.34,-0.2988
MUM,HOU,Reefer,Perishables,14456.2,19.36,436852.0,101083.0,12731.0,-815581.0,-64.0627,0.9587,1.2295,32,52.43,-0.2402
SGP,ANT,Container_Ship,Machinery,10551.1,12.05,1201940.0,104405.0,175318.0,-1311830.0,-7.4826,0.921,0.9915,58,81.39,-0.6802
HOU,NYK,Bulk_Carrier,Iron Ore,2277.1,4.2,60337.0,155932.0,16891.0,-262433.0,-15.5368,0.9055,0.9421,61,60.95,-0.1424
COL,SHA,Tanker,Chemical,5092.6,8.27,183738.0,72203.0,172477.0,-207453.0,-1.2028,0.9833,1.0318,41,66.32,-0.1079
MUM,KHI,Tanker,Crude Oil,893.2,1.63,37478.0,57642.0,16115.0,-103485.0,-6.4219,0.9793,1.097,21,43.13,-0.0426
HOU,CPT,Reefer,Frozen Fish,13853.3,18.58,390678.0,98201.0,16076.0,-751441.0,-46.7441,0.7913,1.1286,40,67.37,-0.2896
SGP,HOU,Reefer,Pharmaceuticals,16004.8,21.94,458843.0,118651.0,95092.0,-811460.0,-8.5334,0.8903,1.1126,43,41.16,-0.1792
ANT,BUS,Tanker,Fuel Oil,8997.1,16.19,314200.0,114062.0,77761.0,-593295.0,-7.6298,0.7756,1.1936,71,61.99,-0.2475
HAM,LAG,Bulk_Carrier,Grain,5272.3,9.91,154793.0,89522.0,51726.0,-341166.0,-6.5956,0.8919,1.1507,27,77.02,-0.2045
HAM,BUS,LNG_Carrier,LPG,8550.1,10.22,714239.0,112426.0,16548.0,-963373.0,-58.2158,0.7617,1.0345,20,45.92,-0.3027
LAX,NYK,LNG_Carrier,LPG,3948.9,5.23,446348.0,150638.0,18942.0,-656547.0,-34.6613,0.9966,0.905,43,51.06,-0.2763
HOU,HAM,Tanker,Crude Oil,8306.0,13.83,288499.0,140998.0,16680.0,-620263.0,-37.1866,0.9898,1.1234,62,52.06,-0.2229
MUM,BUS,Tanker,Chemical,5775.4,10.81,221453.0,74664.0,138262.0,-320035.0,-2.3147,0.7532,1.0798,69,41.79,-0.1019
SGP,HAM,LNG_Carrier,LPG,10154.8,13.73,946825.0,102634.0,19014.0,-1236442.0,-65.0265,0.8376,1.081,59,51.88,-0.4143
SHA,CPT,Container_Ship,Machinery,12978.3,15.53,1467610.0,89196.0,164204.0,-1625526.0,-9.8994,0.8359,1.0231,34,51.39,-0.4912
TYO,SGP,Container_Ship,Auto Parts,5314.4,6.07,681222.0,118718.0,243448.0,-647574.0,-2.66,0.9877,0.9129,19,33.84,-0.1703
BUS,MUM,LNG_Carrier,LNG,5775.4,7.33,551078.0,74688.0,20944.0,-714737.0,-34.1257,0.7872,1.0136,62,40.35,-0.2198
MUM,ANT,Container_Ship,Electronics,6885.8,7.51,898779.0,98821.0,267149.0,-843100.0,-3.1559,0.8271,1.0766,49,60.43,-0.3714
TYO,BUS,LNG_Carrier,LPG,959.3,1.16,78806.0,142313.0,24286.0,-214176.0,-8.8188,0.9826,1.1769,39,72.25,-0.1471
KHI,TYO,LNG_Carrier,LNG,6926.4,9.3,717499.0,107585.0,29587.0,-935070.0,-31.6036,0.9951,1.1327,40,74.37,-0.5061
HOU,TYO,LNG_Carrier,LPG,10740.5,14.59,1107603.0,150905.0,16370.0,-1460967.0,-89.2486,0.7679,1.0151,55,74.74,-0.6911
ANT,LAX,Tanker,Chemical,9036.9,14.62,308862.0,131724.0,147091.0,-512729.0,-3.4858,0.7825,1.1057,27,57.24,-0.1973
ANT,JEA,LNG_Carrier,LNG,5160.9,6.24,476317.0,93415.0,26486.0,-636902.0,-24.0467,0.8328,1.2116,44,82.54,-0.4111
SYD,BUS,Container_Ship,Containers,8015.7,8.54,922216.0,98969.0,81206.0,-1068004.0,-13.1519,0.7589,0.9908,29,40.56,-0.3024
MUM,HAM,Bulk_Carrier,Bauxite,6551.7,11.64,153067.0,96559.0,7606.0,-416663.0,-54.7833,0.9218,0.9168,67,42.39,-0.1305
NYK,HAM,Bulk_Carrier,Coal,6125.8,11.33,161551.0,133861.0,23657.0,-441658.0,-18.6694,0.8862,1.0593,30,84.53,-0.2805
BUS,NYK,LNG_Carrier,LPG,11254.3,15.2,1203933.0,125390.0,23440.0,-1533828.0,-65.4369,0.9352,1.1935,25,69.48,-0.6629
NYK,ANT,Bulk_Carrier,Grain,5881.5,10.23,145411.0,124246.0,44293.0,-378761.0,-8.5512,0.9449,0.93,57,85.79,-0.2466
LAX,SHA,LNG_Carrier,LPG,10457.0,14.13,1103625.0,108384.0,18840.0,-1405086.0,-74.5803,0.8248,1.0877,71,51.72,-0.4645
LAG,NYK,Bulk_Carrier,Grain,8481.1,14.78,245556.0,107368.0,47877.0,-526753.0,-11.0023,0.7614,1.2476,64,67.88,-0.2453
SHA,TYO,Tanker,Crude Oil,1754.3,2.84,54261.0,136085.0,12884.0,-220129.0,-17.0855,0.8458,1.0155,39,45.69,-0.0919
KHI,LAX,Reefer,Refrigerated Goods,13476.2,19.74,458517.0,79728.0,12532.0,-821823.0,-65.5801,0.8102,1.0742,56,67.84,-0.3227
BUS,LAX,Reefer,Perishables,9637.7,12.07,282614.0,113054.0,8770.0,-567881.0,-64.7548,0.7575,1.0719,21,32.49,-0.1214
HOU,NYK,Reefer,Frozen Fish,2277.1,3.23,76651.0,150616.0,19815.0,-255908.0,-12.9151,0.9104,1.2091,21,42.26,-0.0963
TYO,ANT,Tanker,Fuel Oil,9411.9,16.17,321744.0,144048.0,91504.0,-616791.0,-6.7406,0.8973,1.214,21,39.96,-0.1634
TYO,NYK,Tanker,Chemical,10853.1,18.87,429639.0,144386.0,179323.0,-677713.0,-3.7793,0.9423,1.1195,52,38.75,-0.1656
CPT,SHA,LNG_Carrier,LPG,12978.3,15.43,1231672.0,80010.0,19111.0,-1524040.0,-79.7481,0.7834,1.1617,48,81.5,-0.7303
NYK,HOU,Reefer,Pharmaceuticals,2277.1,3.28,72024.0,158324.0,109845.0,-169778.0,-1.5456,0.9439,1.2122,71,35.48,-0.0536
MUM,HOU,LNG_Carrier,LNG,14456.2,17.73,1292749.0,109096.0,25089.0,-1642642.0,-65.473,0.8661,1.1035,51,81.1,-0.7482
KHI,CPT,Bulk_Carrier,Bauxite,8308.9,14.75,213071.0,45271.0,9527.0,-469998.0,-49.3318,0.8891,1.1906,39,86.61,-0.281
HOU,SHA,Reefer,Refrigerated Goods,12195.4,15.95,361823.0,127353.0,12906.0,-715482.0,-55.4384,0.9079,0.9872,25,39.39,-0.1699
RTM,MUM,Container_Ship,Auto Parts,6887.0,7.19,835062.0,96119.0,245578.0,-793394.0,-3.2307,0.8062,1.1282,22,49.19,-0.2845
MUM,NYK,LNG_Carrier,LNG,12555.7,17.45,1388130.0,117458.0,24024.0,-1743280.0,-72.5639,0.788,1.1614,55,60.28,-0.6263
SYD,COL,Bulk_Carrier,Bauxite,8748.1,16.98,237426.0,82475.0,7522.0,-567063.0,-75.385,0.7753,1.078,62,53.72,-0.2069
LAG,RTM,Bulk_Carrier,Grain,5056.8,8.84,145432.0,90209.0,49705.0,-318596.0,-6.4097,0.8497,1.1606,67,60.3,-0.1509
SGP,TYO,Tanker,Fuel Oil,5314.4,8.55,167994.0,131701.0,83419.0,-344523.0,-4.13,0.9315,1.0661,46,72.86,-0.1951
HOU,SGP,Bulk_Carrier,Coal,16004.8,29.27,389110.0,125319.0,23560.0,-929915.0,-39.4699,0.8229,1.1362,38,70.94,-0.3539
KHI,SYD,Bulk_Carrier,Bauxite,11020.1,19.18,282108.0,83418.0,8870.0,-644285.0,-72.6404,0.8265,1.1923,44,37.43,-0.1512
NYK,SGP,Bulk_Carrier,Grain,15342.9,29.3,476670.0,131149.0,57222.0,-990123.0,-17.3031,0.9931,1.1432,51,56.71,-0.3071
LAX,LAG,Bulk_Carrier,Bauxite,12430.0,24.88,356286.0,92770.0,7857.0,-814326.0,-103.6372,0.902,0.9679,29,64.85,-0.316
MUM,KHI,Bulk_Carrier,Iron Ore,893.2,1.69,22829.0,56544.0,22322.0,-82461.0,-3.6942,0.9126,1.2353,70,53.51,-0.0421
TYO,BUS,LNG_Carrier,LPG,959.3,1.18,94701.0,134121.0,14872.0,-231706.0,-15.5799,0.7746,0.9143,38,69.82,-0.1538
MUM,HOU,Container_Ship,Auto Parts,14456.2,17.31,1912762.0,95367.0,269630.0,-1998163.0,-7.4108,0.9618,1.0383,66,60.71,-0.6812
CPT,SAN,LNG_Carrier,LNG,6297.2,8.76,722067.0,61777.0,29106.0,-886169.0,-30.4462,0.9528,1.1637,34,88.21,-0.5833
LAG,SGP,Reefer,Refrigerated Goods,11147.2,15.38,400130.0,77417.0,12616.0,-695647.0,-55.1398,0.7644,1.1462,29,70.39,-0.3057
HAM,SGP,Reefer,Frozen Fish,10154.8,13.91,299866.0,99832.0,18161.0,-590132.0,-32.4948,0.9889,1.0203,18,37.36,-0.1424
HOU,CPT,Reefer,Pharmaceuticals,13853.3,19.18,401176.0,88280.0,104601.0,-672531.0,-6.4295,0.966,1.128,54,32.58,-0.1253
NYK,CPT,Bulk_Carrier,Grain,12566.3,23.73,371002.0,111289.0,55073.0,-783133.0,-14.22,0.914,1.1955,60,56.49,-0.2635
BUS,NYK,Bulk_Carrier,Bauxite,11254.3,19.89,286361.0,120903.0,9590.0,-695956.0,-72.569,0.9667,1.1023,63,64.25,-0.2781
HOU,JEA,LNG_Carrier,LNG,13157.3,18.08,1334691.0,118218.0,26917.0,-1697158.0,-63.0506,0.9198,1.1149,26,69.31,-0.6877
HAM,KHI,Reefer,Frozen Fish,5660.0,8.26,185336.0,76653.0,20922.0,-364981.0,-17.4448,0.9488,1.2251,66,32.3,-0.0903
COL,SGP,Bulk_Carrier,Coal,2732.3,5.4,86492.0,71768.0,19052.0,-220189.0,-11.5571,0.7569,0.9989,51,51.38,-0.0986
KHI,NYK,Bulk_Carrier,Coal,11689.8,22.81,353245.0,99494.0,25075.0,-769887.0,-30.7038,0.8382,1.1871,59,46.79,-0.2208
SYD,MUM,Tanker,Crude Oil,10150.5,18.69,367998.0,86694.0,13849.0,-721129.0,-52.0693,0.824,1.1205,46,64.13,-0.2987
LAG,JEA,Reefer,Perishables,5856.7,7.97,167768.0,74315.0,9245.0,-352459.0,-38.1252,0.9107,0.94,39,52.86,-0.1416
ANT,HOU,Container_Ship,Containers,8102.1,9.54,1052091.0,115789.0,97601.0,-1213313.0,-12.4314,0.7964,1.1347,51,32.39,-0.2734
LAX,KHI,Container_Ship,Machinery,13476.2,15.9,1783384.0,81986.0,182511.0,-1921337.0,-10.5272,0.7668,1.2397,50,46.85,-0.5211
RTM,KHI,Tanker,Fuel Oil,5993.9,9.85,219868.0,79989.0,69492.0,-378041.0,-5.44,0.8061,1.0263,42,88.2,-0.2519
RTM,SYD,Container_Ship,Containers,16689.6,18.36,2067787.0,115946.0,103856.0,-2355346.0,-22.679,0.9538,1.0082,37,82.11,-1.0
CPT,BUS,LNG_Carrier,LPG,13800.1,16.65,1322583.0,77068.0,19015.0,-1630344.0,-85.7415,0.8984,1.0078,35,43.43,-0.4058
JEA,LAG,Reefer,Frozen Fish,5856.7,8.3,205523.0,66985.0,20360.0,-376634.0,-18.4983,0.9107,1.242,48,31.89,-0.0913
SHA,COL,LNG_Carrier,LNG,5092.6,7.06,504869.0,74302.0,28794.0,-656231.0,-22.7903,0.9054,1.2116,54,34.53,-0.1777
NYK,HOU,Reefer,Refrigerated Goods,2277.1,3.08,70747.0,156923.0,14988.0,-258860.0,-17.2714,0.8732,1.192,18,73.43,-0.1693
SHA,KHI,LNG_Carrier,LPG,5340.0,6.48,496592.0,76687.0,25433.0,-645072.0,-25.3639,0.9923,1.2204,46,70.16,-0.3513
SHA,COL,LNG_Carrier,LPG,5092.6,6.88,556758.0,83662.0,14624.0,-729031.0,-49.8531,0.7517,0.9264,53,38.68,-0.2212
HAM,SAN,LNG_Carrier,LNG,10166.5,12.39,1065817.0,95317.0,23815.0,-1323150.0,-55.5589,0.8948,1.014,68,53.58,-0.4577
SAN,LAX,Reefer,Perishables,9942.3,12.48,314586.0,108712.0,8045.0,-602396.0,-74.8793,0.8054,0.9249,33,63.5,-0.2489
LAX,KHI,LNG_Carrier,LPG,13476.2,18.11,1253096.0,86045.0,20919.0,-1589881.0,-76.0027,0.9034,1.1027,40,64.75,-0.5958
MUM,LAX,Tanker,Chemical,14043.2,24.42,470059.0,103560.0,145257.0,-794589.0,-5.4702,0.8417,1.0151,65,32.08,-0.145
TYO,SGP,Container_Ship,Containers,5314.4,5.75,583918.0,135627.0,99052.0,-706715.0,-7.1348,0.7821,1.1727,53,85.77,-0.471
COL,BUS,LNG_Carrier,LNG,5911.7,7.11,504077.0,79706.0,24122.0,-666361.0,-27.6251,0.8126,1.1308,19,31.59,-0.1596
SHA,HAM,LNG_Carrier,LPG,8527.4,10.18,691781.0,107975.0,20895.0,-931521.0,-44.5819,0.9292,1.0708,37,36.57,-0.2333
LAG,CPT,Reefer,Perishables,4761.1,6.81,149158.0,55623.0,9941.0,-296986.0,-29.8748,0.9461,0.9729,57,55.85,-0.1319
NYK,CPT,Tanker,Chemical,12566.3,22.91,516349.0,101661.0,170908.0,-790796.0,-4.627,0.8661,1.1608,66,73.26,-0.3451
TYO,CPT,Tanker,Chemical,14727.6,24.01,479941.0,99792.0,156359.0,-783594.0,-5.0115,0.8147,1.1289,23,41.22,-0.1799
SHA,SAN,Tanker,Chemical,18568.6,33.87,671622.0,81812.0,142857.0,-1118586.0,-7.8301,0.8436,0.9962,70,42.81,-0.2391
LAG,RTM,Tanker,Crude Oil,5056.8,8.47,180322.0,87624.0,12979.0,-382056.0,-29.4358,0.7604,1.1379,59,42.8,-0.1285
HAM,SHA,Reefer,Pharmaceuticals,8527.4,11.8,248863.0,115556.0,77456.0,-463928.0,-5.9896,0.7821,1.0316,49,48.87,-0.1552
CPT,COL,Container_Ship,Machinery,7888.4,8.91,910079.0,49507.0,230629.0,-862588.0,-3.7402,0.9979,1.2037,21,35.76,-0.2163
MUM,JEA,LNG_Carrier,LNG,1954.2,2.43,208071.0,64269.0,20749.0,-288057.0,-13.8827,0.7673,1.0302,61,57.04,-0.1486
HAM,NYK,Tanker,Crude Oil,6125.8,10.52,204224.0,140934.0,14371.0,-488574.0,-33.9984,0.8744,1.0957,31,49.39,-0.1813
TYO,SGP,Reefer,Perishables,5314.4,6.74,143917.0,117583.0,10823.0,-351726.0,-32.4984,0.9469,1.0583,71,63.31,-0.173
SYD,HOU,LNG_Carrier,LNG,13818.5,17.27,1395569.0,128465.0,23167.0,-1759965.0,-75.9675,0.9433,0.9356,65,44.09,-0.4444
TYO,RTM,LNG_Carrier,LPG,9345.2,11.39,897936.0,140402.0,23895.0,-1185267.0,-49.6033,0.9804,1.1606,23,47.05,-0.3706
SGP,JEA,Bulk_Carrier,Coal,5858.9,10.27,150713.0,88874.0,27037.0,-366595.0,-13.5593,0.8813,1.2174,68,38.29,-0.1066
SYD,HAM,Bulk_Carrier,Grain,16284.4,28.54,386330.0,111932.0,59376.0,-867059.0,-14.6029,0.983,1.1984,59,88.3,-0.4074
MUM,SGP,LNG_Carrier,LNG,3906.7,5.39,428461.0,83078.0,26213.0,-566209.0,-21.6007,0.8481,1.1775,47,53.96,-0.2523
CPT,LAG,Bulk_Carrier,Coal,4761.1,8.72,131795.0,57288.0,28056.0,-291813.0,-10.4013,0.9039,1.2317,58,48.44,-0.1125
KHI,LAX,Bulk_Carrier,Bauxite,13476.2,27.35,363249.0,80795.0,7412.0,-846879.0,-114.2563,0.7672,1.0735,39,38.29,-0.1877
BUS,ANT,LNG_Carrier,LNG,8997.1,11.88,934407.0,103820.0,27871.0,-1188589.0,-42.6466,0.9817,1.0815,22,37.4,-0.2992
TYO,LAG,Reefer,Frozen Fish,13474.1,19.11,413179.0,120180.0,19056.0,-800977.0,-42.0324,0.8655,1.2232,46,62.19,-0.2883
HAM,NYK,Bulk_Carrier,Iron Ore,6125.8,11.14,174269.0,125155.0,17835.0,-448744.0,-25.1614,0.8606,1.0467,53,84.28,-0.2842
NYK,SAN,Tanker,Fuel Oil,7737.9,13.55,288953.0,103890.0,75827.0,-520284.0,-6.8614,0.7628,1.1834,54,35.68,-0.1309
HOU,SHA,Reefer,Refrigerated Goods,12195.4,16.24,360618.0,129136.0,16628.0,-716709.0,-43.1015,0.9947,1.1609,70,86.79,-0.3751
SAN,HAM,Reefer,Perishables,10166.5,13.96,324979.0,92071.0,11167.0,-615351.0,-55.1046,0.8459,1.2224,40,63.52,-0.2523
COL,BUS,Tanker,Chemical,5911.7,9.97,198249.0,80929.0,156447.0,-272328.0,-1.7407,0.7765,1.1852,59,72.32,-0.1493
ANT,CPT,LNG_Carrier,LNG,9566.7,11.51,790024.0,86860.0,24025.0,-1025542.0,-42.6864,0.958,0.9554,57,66.0,-0.4463
RTM,KHI,Tanker,Fuel Oil,5993.9,10.58,212995.0,91580.0,77337.0,-385959.0,-4.9906,0.9991,0.9215,47,78.65,-0.2293
SAN,NYK,Tanker,Fuel Oil,7737.9,13.13,293556.0,111511.0,76037.0,-525923.0,-6.9167,0.751,1.2053,45,46.45,-0.1723
RTM,NYK,Tanker,Chemical,5858.2,9.86,185109.0,144535.0,173911.0,-303558.0,-1.7455,0.9485,1.0786,44,41.98,-0.0968
COL,HAM,Tanker,Chemical,8074.9,14.57,313638.0,91378.0,172792.0,-450775.0,-2.6088,0.883,1.151,60,74.5,-0.2338
MUM,LAG,LNG_Carrier,LPG,7617.6,9.44,791293.0,66926.0,20294.0,-979535.0,-48.2666,0.928,1.0414,69,81.66,-0.5668
CPT,COL,Reefer,Frozen Fish,7888.4,10.68,256267.0,56189.0,15797.0,-456820.0,-28.9173,0.8919,0.984,65,66.18,-0.212
HOU,SGP,Container_Ship,Machinery,16004.8,18.94,2237729.0,116920.0,207551.0,-2431215.0,-11.7138,0.9492,1.1388,64,56.88,-0.7418
SYD,LAX,LNG_Carrier,LNG,12054.8,16.64,1250067.0,123309.0,23365.0,-1599661.0,-68.4626,0.9119,0.9762,52,87.82,-0.851
MUM,LAG,Bulk_Carrier,Grain,7617.6,14.66,197797.0,66010.0,44641.0,-439066.0,-9.8356,0.8812,1.0051,33,76.73,-0.2387
HAM,LAG,Bulk_Carrier,Bauxite,5272.3,10.6,145957.0,83230.0,6737.0,-381436.0,-56.6163,0.7782,0.9619,32,72.38,-0.2149
LAX,JEA,Tanker,Crude Oil,13447.6,22.2,480759.0,101593.0,16095.0,-899194.0,-55.8689,0.914,1.174,19,43.44,-0.2263
KHI,SGP,Container_Ship,Electronics,4744.0,5.08,604720.0,65556.0,341435.0,-405014.0,-1.1862,0.9402,1.2104,40,69.8,-0.2251
LAG,ANT,Tanker,Chemical,4978.7,9.36,195487.0,84968.0,176731.0,-244081.0,-1.3811,0.8523,1.2197,21,84.47,-0.1625
KHI,LAG,Tanker,Fuel Oil,7048.8,13.26,266321.0,53644.0,81853.0,-437038.0,-5.3393,0.7897,1.2339,25,65.01,-0.2058
JEA,KHI,Bulk_Carrier,Bauxite,1207.1,2.24,34444.0,57687.0,8173.0,-117524.0,-14.3804,0.8184,1.1095,50,65.73,-0.0725
ANT,MUM,Reefer,Frozen Fish,6885.8,9.79,243339.0,82131.0,12704.0,-459628.0,-36.1812,0.765,0.9225,25,35.17,-0.1179
SGP,COL,Container_Ship,Machinery,2732.3,3.2,363567.0,64728.0,179694.0,-296625.0,-1.6507,0.8586,1.0901,40,75.95,-0.1963
COL,NYK,Reefer,Frozen Fish,14086.8,19.55,492728.0,91742.0,13683.0,-864083.0,-63.1489,0.8391,0.906,54,77.48,-0.3803
HAM,SAN,Reefer,Refrigerated Goods,10166.5,14.53,314141.0,104494.0,12158.0,-624377.0,-51.3568,0.9238,0.9139,64,68.95,-0.278
SGP,MUM,Reefer,Refrigerated Goods,3906.7,5.12,127783.0,74335.0,12975.0,-265960.0,-20.4973,0.9243,0.9749,33,38.53,-0.0846
COL,JEA,LNG_Carrier,LNG,3316.6,4.01,278884.0,67685.0,31227.0,-375435.0,-12.0226,0.9519,1.2498,50,46.86,-0.1492
HOU,ANT,LNG_Carrier,LPG,8102.1,9.91,733568.0,136371.0,18701.0,-999882.0,-53.4654,0.7531,1.1825,53,35.12,-0.2443
HOU,ANT,Container_Ship,Electronics,8102.1,8.3,937214.0,140564.0,316740.0,-885559.0,-2.7959,0.9309,1.1342,64,30.3,-0.1866
CPT,MUM,Container_Ship,Containers,8227.2,9.14,996483.0,54501.0,96356.0,-1091736.0,-11.3303,0.9464,0.9427,61,71.16,-0.5379
KHI,HOU,Container_Ship,Containers,13656.9,14.54,1688203.0,92601.0,101744.0,-1897220.0,-18.6471,0.7639,1.2333,57,82.7,-0.9031
NYK,LAG,LNG_Carrier,LPG,8481.1,10.65,897741.0,114185.0,18658.0,-1152961.0,-61.7932,0.759,1.1705,63,52.24,-0.4131
COL,LAG,Tanker,Crude Oil,8435.8,14.6,339438.0,56123.0,14831.0,-599772.0,-40.4398,0.99,0.9987,23,85.73,-0.3533
KHI,SGP,LNG_Carrier,LNG,4744.0,6.46,545869.0,69195.0,31471.0,-680538.0,-21.6242,0.9612,1.2473,39,87.15,-0.4722
SGP,RTM,Reefer,Frozen Fish,10534.9,13.32,354880.0,116481.0,17135.0,-653983.0,-38.1656,0.9761,0.9753,51,87.36,-0.3642
LAG,TYO,Container_Ship,Electronics,13474.1,15.0,1534531.0,114227.0,286159.0,-1587658.0,-5.5482,0.8272,1.1532,23,77.36,-0.711
KHI,SHA,Reefer,Pharmaceuticals,5340.0,6.94,163915.0,78878.0,92557.0,-254293.0,-2.7474,0.9887,0.9752,32,57.05,-0.1126
SHA,SGP,Container_Ship,Electronics,3810.3,4.42,512987.0,92314.0,213864.0,-457726.0,-2.1403,0.7838,0.9095,44,42.52,-0.1614
SYD,SAN,Container_Ship,Electronics,13322.4,14.04,1639484.0,90282.0,297800.0,-1642637.0,-5.5159,0.848,1.1706,36,87.59,-0.8368
SGP,SHA,Container_Ship,Containers,3810.3,3.97,407274.0,102859.0,97976.0,-471692.0,-4.8144,0.8636,1.0504,37,66.3,-0.2594
SHA,COL,Reefer,Perishables,5092.6,6.39,169303.0,75330.0,9733.0,-330716.0,-33.9787,0.8627,1.0446,60,32.02,-0.0831
CPT,MUM,Container_Ship,Electronics,8227.2,9.88,1103320.0,64384.0,319839.0,-996044.0,-3.1142,0.9568,1.1142,58,50.02,-0.345
SGP,SYD,Container_Ship,Machinery,6299.1,6.8,731435.0,101601.0,163057.0,-772037.0,-4.7348,0.8385,1.0128,66,42.03,-0.2421
ANT,SGP,Tanker,Chemical,10551.1,19.2,360442.0,110553.0,152092.0,-606947.0,-3.9907,0.98,0.9129,29,62.81,-0.2429
RTM,SYD,Bulk_Carrier,Iron Ore,16689.6,30.05,473016.0,119390.0,17585.0,-1025514.0,-58.3171,0.9836,0.9029,51,61.66,-0.3326
CPT,SGP,Container_Ship,Electronics,9665.9,11.47,1084549.0,78046.0,221322.0,-1113330.0,-5.0304,0.8138,0.9066,49,78.61,-0.5751
JEA,SGP,Bulk_Carrier,Bauxite,5858.9,11.07,170099.0,83459.0,7073.0,-412462.0,-58.3189,0.8354,0.9406,21,44.04,-0.138
SAN,KHI,Bulk_Carrier,Iron Ore,13337.2,26.38,429049.0,54973.0,20531.0,-859198.0,-41.8479,0.8938,1.1602,60,40.25,-0.201
SAN,SGP,Container_Ship,Containers,15934.4,18.54,1866768.0,84729.0,85979.0,-2143577.0,-24.9315,0.7732,1.0296,55,88.96,-1.0
JEA,HOU,Container_Ship,Machinery,13157.3,13.88,1474919.0,112759.0,164976.0,-1630961.0,-9.886,0.8192,1.0489,43,49.94,-0.4762
SYD,RTM,Tanker,Fuel Oil,16689.6,30.14,619107.0,128729.0,75750.0,-1124223.0,-14.8412,0.8758,1.0297,31,48.36,-0.286
LAG,RTM,Container_Ship,Containers,5056.8,5.53,583354.0,99186.0,91243.0,-674218.0,-7.3893,0.9251,0.9133,40,57.95,-0.3069
RTM,SGP,LNG_Carrier,LNG,10534.9,12.5,971736.0,115863.0,32061.0,-1243068.0,-38.7723,0.9906,1.233,25,34.1,-0.2702
JEA,NYK,Reefer,Frozen Fish,11017.6,15.33,363155.0,106661.0,16616.0,-683104.0,-41.111,0.8349,1.1056,69,59.32,-0.2541
LAG,BUS,Bulk_Carrier,Grain,12692.5,25.0,348042.0,77105.0,48144.0,-751965.0,-15.6191,0.8534,1.1193,22,52.07,-0.2323
ANT,SAN,LNG_Carrier,LPG,9716.8,12.73,1064026.0,99176.0,18351.0,-1335765.0,-72.7891,0.775,1.1275,41,56.77,-0.4973
TYO,ANT,LNG_Carrier,LPG,9411.9,12.53,992288.0,139304.0,20851.0,-1298680.0,-62.2846,0.9237,1.075,18,57.16,-0.4922
MUM,CPT,Container_Ship,Machinery,8227.2,9.1,1048394.0,62942.0,170705.0,-1077165.0,-6.3101,0.8773,1.0134,52,68.59,-0.5116
HAM,SHA,Reefer,Pharmaceuticals,8527.4,11.55,273521.0,125511.0,107722.0,-464489.0,-4.3119,0.9962,1.1264,28,72.74,-0.2314
KHI,COL,LNG_Carrier,LNG,2418.3,3.23,240280.0,43068.0,24954.0,-306882.0,-12.2979,0.8537,1.1136,58,82.56,-0.2241
CPT,JEA,LNG_Carrier,LPG,7606.3,9.13,658061.0,66640.0,25795.0,-835921.0,-32.4069,0.984,1.2483,18,78.58,-0.4656
BUS,COL,Bulk_Carrier,Bauxite,5911.7,11.79,188509.0,69951.0,8218.0,-427088.0,-51.9726,0.9631,0.9481,68,31.48,-0.1019
BUS,SAN,Bulk_Carrier,Grain,18691.4,35.85,518040.0,78037.0,47157.0,-1086716.0,-23.0444,0.9749,0.9598,38,63.22,-0.342
BUS,RTM,Container_Ship,Electronics,8936.6,9.22,937708.0,122722.0,245512.0,-953165.0,-3.8824,0.764,1.0712,55,31.39,-0.2018
RTM,KHI,LNG_Carrier,LPG,5993.9,8.34,579689.0,83287.0,20605.0,-767405.0,-37.2443,0.9566,1.0257,40,48.81,-0.283
ANT,SAN,Container_Ship,Electronics,9716.8,10.4,988599.0,99042.0,290080.0,-953564.0,-3.2872,0.8409,1.1499,55,43.11,-0.2696
JEA,SAN,Container_Ship,Electronics,12181.9,13.33,1551569.0,79913.0,338837.0,-1492591.0,-4.405,0.9782,1.1546,44,36.07,-0.3247
KHI,COL,Bulk_Carrier,Grain,2418.3,4.41,67774.0,43479.0,48612.0,-128861.0,-2.6508,0.9064,1.0641,53,68.1,-0.0776
KHI,HOU,Reefer,Pharmaceuticals,13656.9,19.99,422700.0,88389.0,82525.0,-728355.0,-8.8259,0.8507,1.0105,28,59.92,-0.2512
SHA,SGP,LNG_Carrier,LNG,3810.3,5.16,392223.0,93987.0,19121.0,-544414.0,-28.4717,0.7988,0.9119,46,88.83,-0.4011
TYO,KHI,Container_Ship,Auto Parts,6926.4,8.26,918085.0,102633.0,242511.0,-902094.0,-3.7198,0.924,0.972,21,39.66,-0.2604
BUS,COL,Container_Ship,Machinery,5911.7,6.6,784440.0,78776.0,220930.0,-741212.0,-3.355,0.9876,1.1651,36,31.67,-0.1779
SHA,SYD,Reefer,Pharmaceuticals,7881.4,10.88,230747.0,119862.0,102839.0,-411005.0,-3.9966,0.8678,1.2344,20,75.6,-0.218
JEA,RTM,Container_Ship,Electronics,5176.2,5.58,611535.0,94901.0,227881.0,-562220.0,-2.4672,0.7799,0.974,23,38.63,-0.1697
SAN,SGP,Tanker,Crude Oil,15934.4,25.77,552551.0,86407.0,14010.0,-1011546.0,-72.1997,0.8025,1.1638,22,80.65,-0.4385
ANT,SHA,Reefer,Pharmaceuticals,8980.7,11.49,260053.0,109600.0,92459.0,-449587.0,-4.8626,0.9401,1.0245,49,36.4,-0.1102
MUM,LAX,LNG_Carrier,LNG,14043.2,17.81,1308741.0,100661.0,30127.0,-1646409.0,-54.6496,0.9369,1.225,31,74.59,-0.6985
KHI,JEA,LNG_Carrier,LPG,1207.1,1.46,121163.0,54664.0,17321.0,-180478.0,-10.4194,0.7777,1.0606,45,40.82,-0.0692
RTM,HAM,Tanker,Chemical,406.5,0.77,16876.0,110716.0,182354.0,43279.0,0.2373,0.8583,1.2498,44,47.81,0.0202
RTM,KHI,Container_Ship,Auto Parts,5993.9,6.49,671502.0,81100.0,194819.0,-655138.0,-3.3628,0.7706,0.9364,59,73.84,-0.3655
HOU,JEA,Reefer,Refrigerated Goods,13157.3,18.06,401678.0,106263.0,12950.0,-765944.0,-59.1464,0.7809,1.1517,56,32.34,-0.1448
NYK,HAM,LNG_Carrier,LPG,6125.8,7.58,526388.0,123147.0,18826.0,-744415.0,-39.5426,0.7725,1.1605,55,67.45,-0.3773
LAG,LAX,Container_Ship,Electronics,12430.0,13.57,1323846.0,102309.0,220331.0,-1409383.0,-6.3967,0.8067,0.9104,47,57.18,-0.4823
LAG,MUM,Container_Ship,Machinery,7617.6,8.11,785542.0,61578.0,162343.0,-806401.0,-4.9673,0.7841,1.0783,21,69.51,-0.3972
CPT,BUS,LNG_Carrier,LNG,13800.1,17.03,1368778.0,72560.0,25231.0,-1671626.0,-66.2541,0.8307,1.157,24,49.68,-0.4758
JEA,ANT,Reefer,Pharmaceuticals,5160.9,6.72,143246.0,94899.0,74086.0,-264889.0,-3.5754,0.7695,1.0028,47,68.49,-0.1419
SHA,CPT,Tanker,Chemical,12978.3,21.77,407129.0,86439.0,148636.0,-671513.0,-4.5179,0.9575,0.9132,66,63.01,-0.2488
RTM,SYD,Reefer,Perishables,16689.6,22.86,564642.0,115731.0,7884.0,-1015415.0,-128.7928,0.7995,0.9131,21,86.41,-0.4615
TYO,ANT,LNG_Carrier,LPG,9411.9,11.72,968368.0,133951.0,19172.0,-1258974.0,-65.6657,0.8163,1.1184,34,61.75,-0.5154
MUM,ANT,Container_Ship,Auto Parts,6885.8,8.15,929859.0,89082.0,259046.0,-882190.0,-3.4055,0.847,1.1328,65,68.3,-0.4392
RTM,TYO,LNG_Carrier,LPG,9345.2,11.16,956362.0,150727.0,22931.0,-1251521.0,-54.5784,0.9912,1.1016,22,42.91,-0.3569
SHA,SGP,LNG_Carrier,LPG,3810.3,4.93,345025.0,103304.0,20142.0,-502183.0,-24.9327,0.8153,1.1764,58,69.96,-0.2914
SGP,SHA,Tanker,Fuel Oil,3810.3,6.88,150993.0,96995.0,84679.0,-266577.0,-3.1481,0.8348,1.2075,38,32.87,-0.0727
JEA,NYK,LNG_Carrier,LPG,11017.6,14.68,1041345.0,122903.0,17009.0,-1367483.0,-80.3964,0.8016,1.0104,56,61.04,-0.5234
KHI,MUM,Reefer,Pharmaceuticals,893.2,1.23,29450.0,58351.0,90391.0,-15850.0,-0.1754,0.8989,1.0475,28,80.89,-0.0122
JEA,SAN,Reefer,Frozen Fish,12181.9,17.34,389147.0,74466.0,18496.0,-705170.0,-38.1255,0.98,1.0485,38,54.68,-0.2326
BUS,TYO,Reefer,Pharmaceuticals,959.3,1.24,25941.0,133667.0,83227.0,-94966.0,-1.1411,0.9373,0.9249,18,59.49,-0.0537
LAX,JEA,Bulk_Carrier,Bauxite,13447.6,24.29,324455.0,103874.0,8356.0,-784341.0,-93.8692,0.8722,1.0645,26,31.27,-0.1421
SYD,TYO,Container_Ship,Machinery,7825.8,8.59,966769.0,139444.0,166204.0,-1068787.0,-6.4306,0.8336,1.0385,55,61.1,-0.4591
TYO,CPT,Bulk_Carrier,Iron Ore,14727.6,26.95,405835.0,106624.0,16446.0,-900251.0,-54.7384,0.8357,0.9939,21,50.41,-0.2528
LAG,KHI,Bulk_Carrier,Coal,7048.8,13.49,178136.0,54994.0,21399.0,-414007.0,-19.3466,0.7908,1.0738,40,51.89,-0.1556
MUM,SAN,Reefer,Pharmaceuticals,13740.7,18.64,493795.0,70092.0,89410.0,-754011.0,-8.4332,0.8662,1.0753,65,84.9,-0.3675
JEA,CPT,LNG_Carrier,LPG,7606.3,10.3,777605.0,61791.0,24364.0,-969518.0,-39.7934,0.9676,1.1991,44,39.06,-0.2684
RTM,CPT,Reefer,Frozen Fish,9642.1,13.87,302254.0,82659.0,21778.0,-571135.0,-26.225,0.9993,1.2108,40,43.48,-0.1633
SYD,ANT,Reefer,Refrigerated Goods,16725.3,22.24,576855.0,112614.0,15857.0,-1007153.0,-63.5154,0.9132,1.2059,24,62.55,-0.331
MUM,TYO,Bulk_Carrier,Grain,6733.0,12.92,208182.0,119070.0,35611.0,-485495.0,-13.6334,0.7843,0.9009,69,33.12,-0.1179
SAN,HAM,LNG_Carrier,LNG,10166.5,12.77,970483.0,85994.0,24463.0,-1223581.0,-50.0172,0.8984,1.0373,37,53.19,-0.4202
NYK,LAG,Bulk_Carrier,Grain,8481.1,14.7,219598.0,94812.0,46201.0,-488679.0,-10.5771,0.7519,1.2192,49,60.96,-0.2043
HAM,KHI,LNG_Carrier,LPG,5660.0,6.93,541098.0,80419.0,16541.0,-708858.0,-42.8559,0.7558,1.0422,39,59.97,-0.3256
COL,NYK,LNG_Carrier,LNG,14086.8,17.47,1405438.0,109191.0,21315.0,-1755333.0,-82.3512,0.8711,0.9322,34,80.41,-0.8017
MUM,LAG,LNG_Carrier,LPG,7617.6,9.65,663889.0,55834.0,17114.0,-847425.0,-49.5156,0.8183,0.996,56,43.29,-0.2599
SHA,SAN,Reefer,Pharmaceuticals,18568.6,26.75,574757.0,91639.0,100602.0,-967098.0,-9.6131,0.9284,1.1287,58,68.04,-0.3286
TYO,LAG,Tanker,Crude Oil,13474.1,22.85,438681.0,103311.0,15169.0,-869560.0,-57.3234,0.9993,1.012,18,60.98,-0.307
SAN,SHA,LNG_Carrier,LPG,18568.6,23.22,1884671.0,86144.0,18718.0,-2300386.0,-122.8971,0.9745,0.9147,58,63.34,-0.7276
NYK,MUM,LNG_Carrier,LNG,12555.7,17.06,1308212.0,109399.0,28593.0,-1644971.0,-57.5313,0.8782,1.2404,66,62.26,-0.6103
RTM,SHA,Reefer,Refrigerated Goods,8927.2,13.04,316643.0,125828.0,12850.0,-625184.0,-48.6536,0.7614,1.172,38,60.58,-0.2556
SAN,HOU,Container_Ship,Electronics,7942.5,8.92,1067573.0,101728.0,362626.0,-940410.0,-2.5933,0.9937,1.2164,33,36.62,-0.241
KHI,JEA,LNG_Carrier,LPG,1207.1,1.62,119490.0,58172.0,16334.0,-185613.0,-11.3634,0.8079,0.9628,55,51.73,-0.0901
LAX,SGP,LNG_Carrier,LNG,14141.5,19.56,1530214.0,102900.0,23684.0,-1902782.0,-80.3398,0.7664,1.1773,21,47.14,-0.5086
SHA,NYK,Tanker,Fuel Oil,11860.8,21.47,481097.0,142239.0,81414.0,-863985.0,-10.6122,0.9971,0.972,60,75.72,-0.3988
CPT,TYO,Container_Ship,Machinery,14727.6,15.27,1815343.0,97252.0,168328.0,-1973323.0,-11.7231,0.8234,1.0647,31,65.52,-0.7202
HOU,CPT,LNG_Carrier,LPG,13853.3,17.85,1317584.0,103106.0,18453.0,-1670050.0,-90.5006,0.78,1.1266,52,79.95,-0.7639
MUM,TYO,Container_Ship,Machinery,6733.0,8.08,818407.0,101966.0,215822.0,-825709.0,-3.8259,0.9008,1.2478,67,83.0,-0.5026
HOU,ANT,Bulk_Carrier,Grain,8102.1,14.65,202843.0,116777.0,55757.0,-483601.0,-8.6733,0.903,1.2252,24,72.43,-0.2437
RTM,LAG,Reefer,Perishables,5056.8,7.02,154179.0,91749.0,12229.0,-339014.0,-27.7224,0.9653,1.173,20,42.72,-0.1138
HOU,TYO,Reefer,Frozen Fish,10740.5,15.46,393751.0,142311.0,18959.0,-748953.0,-39.5032,0.8888,1.185,61,41.66,-0.1975
LAX,ANT,Tanker,Fuel Oil,9036.9,16.17,313053.0,118508.0,83624.0,-590516.0,-7.0615,0.9529,1.0448,22,49.43,-0.1962
CPT,LAX,Reefer,Pharmaceuticals,16044.7,22.11,567205.0,86448.0,69371.0,-915894.0,-13.2028,0.7654,0.9441,32,88.83,-0.4359
NYK,TYO,Reefer,Pharmaceuticals,10853.1,15.67,328317.0,147524.0,75619.0,-635219.0,-8.4003,0.7688,1.0246,26,45.58,-0.1826
SYD,KHI,Tanker,Fuel Oil,11020.1,18.98,393793.0,74425.0,90575.0,-662373.0,-7.3129,0.9025,1.1948,21,87.33,-0.3627
MUM,SYD,Bulk_Carrier,Bauxite,10150.5,18.95,260754.0,93322.0,8831.0,-629459.0,-71.2752,0.8096,1.2121,69,60.59,-0.2464
BUS,SGP,Bulk_Carrier,Grain,4583.4,8.47,133128.0,89788.0,46105.0,-303841.0,-6.5902,0.8352,1.0953,64,66.4,-0.1617
SAN,CPT,Container_Ship,Containers,6297.2,7.05,681727.0,62093.0,100513.0,-749029.0,-7.4521,0.8296,1.1219,70,74.44,-0.4161
BUS,TYO,LNG_Carrier,LPG,959.3,1.32,107590.0,139313.0,18079.0,-248648.0,-13.7538,0.8522,1.0102,61,40.54,-0.0958
JEA,BUS,Container_Ship,Electronics,7055.4,7.62,755425.0,79294.0,277547.0,-671477.0,-2.4193,0.9389,0.9853,22,68.64,-0.3337
SAN,MUM,Tanker,Fuel Oil,13740.7,23.75,467625.0,64183.0,87019.0,-801033.0,-9.2053,0.8928,1.1604,49,49.2,-0.2263
LAG,MUM,Tanker,Chemical,7617.6,12.39,233352.0,65044.0,172731.0,-311533.0,-1.8036,0.906,1.1215,49,56.21,-0.1241
HAM,LAX,Tanker,Fuel Oil,9100.3,15.27,343204.0,123303.0,73328.0,-622233.0,-8.4856,0.7758,1.1253,28,59.87,-0.2498
RTM,KHI,Tanker,Crude Oil,5993.9,11.22,248759.0,92304.0,15470.0,-493927.0,-31.9287,0.8548,1.2066,30,32.19,-0.1201
LAG,KHI,Reefer,Refrigerated Goods,7048.8,9.87,226052.0,48653.0,13392.0,-409362.0,-30.567,0.8565,1.0859,65,52.11,-0.1545
SHA,SYD,Reefer,Frozen Fish,7881.4,10.14,254373.0,116578.0,20270.0,-502848.0,-24.8078,0.9353,1.204,44,75.43,-0.2661
COL,SYD,LNG_Carrier,LNG,8748.1,11.08,834364.0,80456.0,26380.0,-1054642.0,-39.9791,0.9344,1.0754,23,50.63,-0.3627
SAN,COL,Tanker,Chemical,13986.2,25.13,566922.0,55584.0,157074.0,-842307.0,-5.3625,0.873,1.0583,23,78.55,-0.3769
KHI,SAN,Container_Ship,Containers,13337.2,15.75,1499191.0,61913.0,119083.0,-1678320.0,-14.0937,0.9468,1.1646,34,30.07,-0.2934
HOU,SHA,Reefer,Frozen Fish,12195.4,16.08,408168.0,133243.0,15069.0,-767615.0,-50.9415,0.9179,0.912,33,85.71,-0.3967
SAN,SGP,Tanker,Crude Oil,15934.4,29.23,634581.0,85117.0,13861.0,-1144313.0,-82.5535,0.9955,0.9282,25,77.04,-0.4739
SYD,RTM,LNG_Carrier,LNG,16689.6,22.62,1607162.0,128582.0,25488.0,-2049558.0,-80.4117,0.993,0.9779,46,41.41,-0.4464
HAM,TYO,LNG_Carrier,LPG,8979.6,11.82,935262.0,135718.0,18237.0,-1230009.0,-67.4462,0.9224,0.9414,48,84.21,-0.6975
COL,NYK,Bulk_Carrier,Coal,14086.8,25.18,419581.0,96637.0,18238.0,-875703.0,-48.0165,0.7969,0.9082,26,38.05,-0.1893
MUM,HOU,Reefer,Frozen Fish,14456.2,18.63,490723.0,104695.0,17100.0,-857825.0,-50.1643,0.8152,1.1653,41,71.37,-0.3439
TYO,MUM,Tanker,Fuel Oil,6733.0,11.43,234483.0,105401.0,62114.0,-449252.0,-7.2327,0.7819,0.9457,71,53.81,-0.1773
NYK,JEA,Bulk_Carrier,Coal,11017.6,21.16,286126.0,117618.0,18298.0,-702779.0,-38.4072,0.7589,0.9568,70,31.36,-0.1382
COL,SYD,Tanker,Crude Oil,8748.1,16.25,313303.0,86110.0,12964.0,-630124.0,-48.6048,0.794,1.0886,27,48.66,-0.2083
RTM,SGP,LNG_Carrier,LPG,10534.9,14.01,1179145.0,96452.0,19447.0,-1466291.0,-75.3986,0.8202,1.1291,21,88.72,-0.8292
MUM,SHA,LNG_Carrier,LPG,5043.9,6.24,423807.0,91511.0,25057.0,-583807.0,-23.2988,0.9813,1.2159,47,52.21,-0.2396
KHI,RTM,Container_Ship,Electronics,5993.9,6.31,648854.0,82428.0,275836.0,-550054.0,-1.9941,0.8204,1.1208,44,56.71,-0.2357
TYO,NYK,Bulk_Carrier,Bauxite,10853.1,20.27,295118.0,140153.0,9800.0,-729576.0,-74.4465,0.9319,1.1685,38,39.8,-0.1831
LAX,SHA,LNG_Carrier,LNG,10457.0,12.63,956489.0,113657.0,31331.0,-1228262.0,-39.2023,0.9647,1.2373,69,75.94,-0.5961
BUS,CPT,Tanker,Fuel Oil,13800.1,22.5,464940.0,72133.0,61771.0,-812777.0,-13.158,0.788,0.9332,44,48.63,-0.2265
ANT,KHI,Reefer,Perishables,5992.6,7.97,194053.0,83984.0,9658.0,-387924.0,-40.1649,0.9065,0.9865,39,31.61,-0.0926
ANT,SAN,Tanker,Fuel Oil,9716.8,17.27,344399.0,91592.0,90138.0,-604828.0,-6.71,0.9179,1.169,29,57.51,-0.2281
KHI,SYD,Reefer,Perishables,11020.1,13.99,365620.0,87449.0,10908.0,-651986.0,-59.7734,0.9257,1.091,32,50.08,-0.2047
SAN,CPT,LNG_Carrier,LNG,6297.2,7.76,606295.0,64071.0,27479.0,-759332.0,-27.6331,0.891,1.1749,29,58.95,-0.334
MUM,CPT,Tanker,Crude Oil,8227.2,13.63,310545.0,65141.0,13297.0,-566776.0,-42.6242,0.8598,1.031,30,34.99,-0.1373
CPT,JEA,Bulk_Carrier,Iron Ore,7606.3,15.08,238685.0,61230.0,18789.0,-507369.0,-27.0036,0.9583,0.9903,31,36.05,-0.1297
SAN,BUS,LNG_Carrier,LNG,18691.4,23.6,2001971.0,85316.0,21988.0,-2419329.0,-110.0311,0.8991,0.9317,66,48.39,-0.5827
JEA,KHI,LNG_Carrier,LPG,1207.1,1.48,119485.0,62805.0,17193.0,-187304.0,-10.8942,0.8919,0.9179,70,35.94,-0.0632
HOU,HAM,Reefer,Pharmaceuticals,8306.0,11.76,277318.0,132136.0,97067.0,-488743.0,-5.0351,0.8895,1.1367,50,57.18,-0.1929
BUS,JEA,Container_Ship,Auto Parts,7055.4,7.87,776492.0,91690.0,241668.0,-744559.0,-3.0809,0.8062,1.1103,66,53.23,-0.287
CPT,KHI,Bulk_Carrier,Iron Ore,8308.9,15.62,223908.0,53487.0,19246.0,-492501.0,-25.59,0.8088,1.2017,65,85.63,-0.2911
HOU,CPT,Bulk_Carrier,Bauxite,13853.3,25.96,407711.0,93539.0,8243.0,-882404.0,-107.055,0.8798,1.0409,34,30.02,-0.1515
KHI,SHA,Tanker,Fuel Oil,5340.0,9.52,175445.0,75919.0,77149.0,-316952.0,-4.1083,0.7877,1.166,68,34.65,-0.0852
HAM,SHA,LNG_Carrier,LNG,8527.4,10.13,691516.0,113967.0,26145.0,-931276.0,-35.6198,0.9858,1.0104,36,68.06,-0.434
SAN,TYO,LNG_Carrier,LPG,18591.0,25.51,1868338.0,113718.0,15717.0,-2348916.0,-149.4503,0.7988,0.9369,37,86.71,-1.0
RTM,ANT,LNG_Carrier,LPG,78.1,0.1,7070.0,110405.0,23845.0,-95057.0,-3.9865,0.922,1.2316,49,57.01,-0.054
BUS,SHA,Bulk_Carrier,Bauxite,832.1,1.58,21402.0,99925.0,10227.0,-134848.0,-13.1851,0.9656,1.1769,49,89.06,-0.1149
KHI,SAN,Container_Ship,Electronics,13337.2,14.37,1716750.0,62113.0,315071.0,-1679367.0,-5.3301,0.9721,1.0803,39,35.78,-0.3493
SHA,MUM,Container_Ship,Auto Parts,5043.9,5.2,574745.0,90478.0,255933.0,-487341.0,-1.9042,0.9489,0.999,34,44.95,-0.1722
NYK,RTM,Tanker,Crude Oil,5858.2,10.15,234652.0,131716.0,16081.0,-502531.0,-31.2499,0.9745,1.1002,21,36.27,-0.1385
HAM,SYD,Container_Ship,Machinery,16284.4,18.55,2041707.0,124305.0,195465.0,-2248867.0,-11.5052,0.9457,1.0765,48,75.7,-0.9059
KHI,SAN,LNG_Carrier,LPG,13337.2,17.78,1235552.0,56718.0,20169.0,-1538851.0,-76.2984,0.9947,0.9656,28,86.06,-0.7699
JEA,LAX,Bulk_Carrier,Bauxite,13447.6,25.41,355966.0,102596.0,7033.0,-832614.0,-118.3823,0.8253,0.9469,46,75.67,-0.365
MUM,ANT,Reefer,Refrigerated Goods,6885.8,10.05,256755.0,85632.0,17173.0,-475892.0,-27.7116,0.9959,1.1975,48,67.29,-0.2334
SGP,KHI,LNG_Carrier,LNG,4744.0,6.15,489435.0,64324.0,29039.0,-616961.0,-21.246,0.9103,1.2153,45,35.46,-0.1741
KHI,TYO,Reefer,Refrigerated Goods,6926.4,8.68,211849.0,107190.0,13184.0,-436106.0,-33.0796,0.8076,1.1336,60,69.56,-0.2208
TYO,SAN,Reefer,Perishables,18591.0,24.59,569457.0,107510.0,9748.0,-1036132.0,-106.2901,0.8664,1.0418,27,57.59,-0.2978
SAN,ANT,Bulk_Carrier,Grain,9716.8,19.03,277757.0,85581.0,40008.0,-608805.0,-15.2172,0.8359,0.9497,35,82.4,-0.329
LAX,HAM,LNG_Carrier,LNG,9100.3,12.46,1074417.0,114970.0,29828.0,-1346408.0,-45.1395,0.9392,1.2099,18,82.13,-0.7415
TYO,LAX,LNG_Carrier,LPG,8839.0,11.35,782822.0,147960.0,20683.0,-1080340.0,-52.2323,0.8735,1.1276,59,67.41,-0.493
MUM,TYO,Tanker,Chemical,6733.0,11.07,257529.0,109317.0,127026.0,-405919.0,-3.1956,0.7554,0.9891,52,61.1,-0.1819
JEA,SYD,Container_Ship,Electronics,12058.9,13.3,1536086.0,87243.0,275118.0,-1547646.0,-5.6254,0.8945,1.0252,37,75.38,-0.7066
HAM,SHA,Container_Ship,Machinery,8527.4,9.17,918156.0,123575.0,220146.0,-959188.0,-4.3571,0.9454,1.2129,32,73.32,-0.4815
ANT,RTM,Container_Ship,Machinery,78.1,0.08,7820.0,113948.0,163653.0,40662.0,0.2485,0.9089,0.9378,23,46.16,0.0187
JEA,SAN,LNG_Carrier,LPG,12181.9,15.52,1082505.0,68030.0,16468.0,-1366887.0,-83.0024,0.7983,0.9823,43,55.87,-0.4607
JEA,RTM,LNG_Carrier,LNG,5176.2,6.3,525116.0,97415.0,26895.0,-690064.0,-25.6574,0.9919,1.0329,60,70.41,-0.3798
COL,SAN,Bulk_Carrier,Bauxite,13986.2,27.34,411914.0,59132.0,7375.0,-873825.0,-118.4853,0.9077,0.9028,29,39.81,-0.1982
SHA,HOU,Container_Ship,Auto Parts,12195.4,14.28,1651774.0,134077.0,240461.0,-1759625.0,-7.3177,0.7636,1.1663,34,65.61,-0.6961
SYD,SAN,Container_Ship,Machinery,13322.4,15.14,1814576.0,96573.0,156926.0,-1981270.0,-12.6255,0.8876,0.9208,39,65.25,-0.7519
CPT,BUS,Bulk_Carrier,Iron Ore,13800.1,25.96,419068.0,83664.0,20520.0,-871676.0,-42.4787,0.8921,1.1617,27,46.11,-0.2303
CPT,LAG,LNG_Carrier,LPG,4761.1,5.72,461008.0,62935.0,21663.0,-588088.0,-27.1469,0.8541,1.2078,60,64.22,-0.3004
SHA,CPT,Container_Ship,Containers,12978.3,14.93,1404863.0,91090.0,98381.0,-1621555.0,-16.4825,0.7902,1.1528,55,86.75,-0.8271
SGP,SHA,Reefer,Refrigerated Goods,3810.3,5.28,125317.0,91543.0,13498.0,-282552.0,-20.933,0.7507,1.2487,25,69.08,-0.1619
SGP,TYO,Tanker,Chemical,5314.4,8.66,175837.0,132690.0,176701.0,-261758.0,-1.4814,0.8787,1.183,35,87.8,-0.1786
ANT,NYK,Container_Ship,Containers,5881.5,6.2,600137.0,144819.0,100660.0,-737314.0,-7.3248,0.8306,1.1221,62,88.2,-0.4936
KHI,LAG,Tanker,Chemical,7048.8,12.6,262786.0,56563.0,138249.0,-370097.0,-2.677,0.7548,1.0774,33,49.29,-0.1321
CPT,HOU,Bulk_Carrier,Bauxite,13853.3,24.82,386650.0,107539.0,7931.0,-858552.0,-108.2468,0.7713,1.1426,60,68.15,-0.3347
KHI,HOU,Reefer,Refrigerated Goods,13656.9,18.85,411938.0,85579.0,13620.0,-766668.0,-56.2909,0.8758,1.0799,24,38.62,-0.1704
LAG,ANT,Bulk_Carrier,Iron Ore,4978.7,9.18,122479.0,88645.0,20517.0,-328374.0,-16.0046,0.8607,1.2039,60,32.8,-0.0849
MUM,RTM,Tanker,Crude Oil,6887.0,12.59,255583.0,101931.0,16181.0,-530228.0,-32.7696,0.9042,1.193,25,37.04,-0.1432
SGP,CPT,Bulk_Carrier,Coal,9665.9,19.36,271815.0,74582.0,18459.0,-618321.0,-33.4963,0.7981,0.9178,18,59.18,-0.2404
NYK,CPT,Bulk_Carrier,Coal,12566.3,25.32,383068.0,95891.0,24643.0,-834178.0,-33.8504,0.8052,1.2145,22,68.16,-0.3388
HOU,MUM,Bulk_Carrier,Bauxite,14456.2,25.72,401998.0,102193.0,8156.0,-881809.0,-108.1236,0.9522,0.9517,44,63.5,-0.3145
SYD,CPT,LNG_Carrier,LPG,11011.7,14.24,1173682.0,79971.0,21722.0,-1445516.0,-66.5471,0.8782,1.1778,36,61.68,-0.5592
COL,CPT,LNG_Carrier,LNG,7888.4,10.68,829213.0,58156.0,20538.0,-1026990.0,-50.0045,0.8377,0.934,25,71.27,-0.5133
MUM,SGP,Bulk_Carrier,Bauxite,3906.7,7.72,113794.0,84487.0,7919.0,-306171.0,-38.661,0.779,1.1295,54,34.61,-0.0875
HOU,JEA,Bulk_Carrier,Iron Ore,13157.3,24.67,330123.0,116343.0,22892.0,-793568.0,-34.6653,0.9801,1.1796,54,80.58,-0.3739
RTM,KHI,Reefer,Frozen Fish,5993.9,7.72,180121.0,89421.0,19494.0,-365884.0,-18.7691,0.966,1.1211,29,85.06,-0.2351
ANT,KHI,LNG_Carrier,LNG,5992.6,8.1,656185.0,77619.0,19022.0,-836243.0,-43.9619,0.7671,0.9446,59,76.39,-0.4826
COL,RTM,Tanker,Chemical,8401.4,15.87,296121.0,93476.0,149123.0,-478557.0,-3.2091,0.8961,0.9789,49,32.85,-0.1081
TYO,LAG,Container_Ship,Auto Parts,13474.1,14.79,1704935.0,113902.0,244075.0,-1796636.0,-7.361,0.9402,0.9615,24,43.23,-0.4496
LAG,COL,Reefer,Perishables,8435.8,12.12,308808.0,52784.0,10689.0,-532669.0,-49.8318,0.9864,1.0034,53,66.32,-0.2427
SYD,KHI,LNG_Carrier,LPG,11020.1,13.15,1136445.0,75779.0,21779.0,-1387699.0,-63.7163,0.9623,1.0777,68,65.87,-0.5731
TYO,COL,Container_Ship,Auto Parts,6846.1,7.91,848065.0,108701.0,287862.0,-787516.0,-2.7357,0.9489,1.1235,51,48.58,-0.2793
SAN,KHI,Bulk_Carrier,Iron Ore,13337.2,23.66,332203.0,55932.0,20638.0,-722442.0,-35.0061,0.9237,1.1284,18,44.04,-0.185
SGP,MUM,Bulk_Carrier,Grain,3906.7,7.85,128118.0,82912.0,42784.0,-286004.0,-6.6848,0.9419,0.9013,28,48.45,-0.1144
SHA,SGP,Tanker,Chemical,3810.3,7.03,138947.0,104614.0,174094.0,-174872.0,-1.0045,0.8194,1.2498,50,81.36,-0.118
SGP,HAM,LNG_Carrier,LNG,10154.8,12.51,946767.0,96032.0,26409.0,-1204056.0,-45.5919,0.9127,1.1023,32,61.12,-0.4753
SYD,ANT,LNG_Carrier,LNG,16725.3,21.79,1540957.0,113278.0,18987.0,-1962072.0,-103.3387,0.7615,0.9498,59,76.02,-0.7838
RTM,MUM,Container_Ship,Auto Parts,6887.0,7.05,824690.0,96791.0,227715.0,-799481.0,-3.5109,0.9342,0.9028,55,37.02,-0.2157
LAG,NYK,Container_Ship,Auto Parts,8481.1,9.94,1172457.0,107130.0,233924.0,-1194777.0,-5.1075,0.931,0.9306,71,59.25,-0.4856
HOU,ANT,Reefer,Refrigerated Goods,8102.1,10.78,247387.0,126765.0,10094.0,-525718.0,-52.0829,0.7772,0.9019,50,85.19,-0.3115
SGP,CPT,Bulk_Carrier,Coal,9665.9,18.47,286503.0,73800.0,23100.0,-614274.0,-26.5922,0.818,1.1206,20,53.02,-0.214
HOU,LAX,Reefer,Refrigerated Goods,2204.4,3.05,78481.0,136477.0,12843.0,-247904.0,-19.3033,0.8021,1.1119,39,54.24,-0.1202
LAG,MUM,Container_Ship,Machinery,7617.6,8.3,826301.0,65315.0,192828.0,-823329.0,-4.2698,0.9024,1.1129,60,47.53,-0.2773
TYO,SAN,Reefer,Frozen Fish,18591.0,23.82,616244.0,123175.0,15984.0,-1080710.0,-67.6108,0.8687,1.0223,49,87.48,-0.4718
LAG,NYK,Bulk_Carrier,Coal,8481.1,16.8,260969.0,110541.0,24638.0,-598933.0,-24.309,0.8908,1.0976,61,54.42,-0.2235
RTM,MUM,Tanker,Crude Oil,6887.0,12.14,232356.0,96162.0,13923.0,-496648.0,-35.6704,0.7508,1.2363,41,54.1,-0.1958
COL,NYK,Bulk_Carrier,Iron Ore,14086.8,25.89,426840.0,108951.0,19011.0,-905113.0,-47.6103,0.9379,1.0237,21,49.35,-0.2537
ANT,BUS,LNG_Carrier,LNG,8997.1,11.34,880370.0,104835.0,28458.0,-1126840.0,-39.5969,0.9952,1.0894,34,51.13,-0.3878
SAN,KHI,Tanker,Crude Oil,13337.2,22.81,449381.0,53456.0,12738.0,-832201.0,-65.3341,0.7796,1.0892,49,81.83,-0.3959
NYK,COL,LNG_Carrier,LPG,14086.8,19.38,1346839.0,106444.0,17629.0,-1726283.0,-97.9251,0.786,1.068,30,87.78,-0.8607
SAN,HAM,Tanker,Fuel Oil,10166.5,17.89,370365.0,86105.0,67651.0,-657115.0,-9.7133,0.8579,0.9387,53,30.8,-0.1307
HAM,SHA,Bulk_Carrier,Grain,8527.4,15.29,206250.0,104953.0,36983.0,-503506.0,-13.6147,0.7789,0.9421,66,86.37,-0.2978
HAM,LAG,Bulk_Carrier,Iron Ore,5272.3,9.28,129920.0,89063.0,19044.0,-339195.0,-17.8108,0.8235,1.168,47,68.15,-0.1799
ANT,KHI,LNG_Carrier,LNG,5992.6,7.41,583450.0,85938.0,20514.0,-760045.0,-37.0504,0.7706,1.0141,19,74.82,-0.4297
HOU,SAN,Bulk_Carrier,Grain,7942.5,15.75,214456.0,97692.0,54810.0,-493638.0,-9.0063,0.8839,1.2304,64,48.73,-0.1683
HAM,CPT,Tanker,Fuel Oil,9764.5,16.88,359308.0,94620.0,77602.0,-629476.0,-8.1115,0.7621,1.2123,30,54.06,-0.2228
SAN,CPT,Tanker,Crude Oil,6297.2,11.02,253737.0,57255.0,13087.0,-463205.0,-35.3952,0.7726,1.1292,20,39.04,-0.135
CPT,LAG,LNG_Carrier,LPG,4761.1,6.0,502195.0,55128.0,20164.0,-627187.0,-31.1046,0.8013,1.1982,55,63.24,-0.3155
SYD,KHI,LNG_Carrier,LNG,11020.1,15.07,1172305.0,74449.0,28009.0,-1444791.0,-51.5824,0.9286,1.149,48,32.4,-0.2935
RTM,BUS,Tanker,Chemical,8936.6,14.64,283447.0,117868.0,145239.0,-475722.0,-3.2754,0.9172,0.9315,67,55.58,-0.1783
CPT,TYO,LNG_Carrier,LPG,14727.6,19.68,1691928.0,113833.0,19962.0,-2081030.0,-104.2502,0.8571,1.1091,47,32.55,-0.3774
JEA,KHI,Container_Ship,Electronics,1207.1,1.43,160471.0,60796.0,283388.0,40648.0,0.1434,0.9754,0.9684,71,69.37,0.0265
LAX,SAN,LNG_Carrier,LPG,9942.3,13.49,978490.0,106235.0,21335.0,-1265676.0,-59.3245,0.8472,1.1992,18,45.81,-0.3773
JEA,LAX,Bulk_Carrier,Coal,13447.6,26.44,367779.0,98451.0,23805.0,-839068.0,-35.2475,0.8963,1.054,35,31.16,-0.1515
BUS,RTM,Tanker,Chemical,8936.6,14.74,342898.0,102034.0,143901.0,-522134.0,-3.6284,0.7722,1.0962,42,68.43,-0.241
SYD,BUS,Bulk_Carrier,Coal,8015.7,15.12,222559.0,117078.0,26608.0,-539889.0,-20.2905,0.8751,1.2066,42,52.87,-0.1992
RTM,HOU,Bulk_Carrier,Coal,8072.0,14.79,214099.0,139592.0,25852.0,-549673.0,-21.2621,0.896,1.1449,42,32.76,-0.1254
KHI,HAM,Reefer,Perishables,5660.0,7.29,155053.0,79123.0,11508.0,-332018.0,-28.8511,0.9037,1.1791,52,54.65,-0.139
NYK,TYO,Bulk_Carrier,Iron Ore,10853.1,20.83,298611.0,156012.0,14160.0,-752913.0,-53.1723,0.783,0.9133,21,61.81,-0.2934
KHI,LAX,Reefer,Frozen Fish,13476.2,17.88,456637.0,83760.0,17528.0,-791144.0,-45.1363,0.9901,0.9835,39,86.9,-0.3979
JEA,HAM,LNG_Carrier,LNG,4892.2,6.03,520899.0,104125.0,23829.0,-691687.0,-29.0277,0.7946,1.1424,21,81.82,-0.4477
JEA,RTM,Reefer,Pharmaceuticals,5176.2,7.07,167255.0,106897.0,83776.0,-296483.0,-3.539,0.8971,0.9727,27,56.88,-0.1318
SAN,LAG,Tanker,Crude Oil,6362.4,10.86,232682.0,66178.0,14615.0,-447163.0,-30.5953,0.8609,1.1318,39,51.63,-0.1718
SYD,KHI,LNG_Carrier,LNG,11020.1,13.25,1122656.0,82989.0,22341.0,-1381989.0,-61.8583,0.864,0.9851,48,56.03,-0.4855
SAN,ANT,Bulk_Carrier,Grain,9716.8,17.17,272669.0,87259.0,47042.0,-570489.0,-12.1273,0.752,1.2412,70,45.75,-0.1712
MUM,SAN,Reefer,Perishables,13740.7,17.32,428032.0,64158.0,9604.0,-742423.0,-77.3069,0.958,0.9282,69,77.64,-0.3309
LAX,TYO,LNG_Carrier,LNG,8839.0,11.1,921249.0,134410.0,23942.0,-1198276.0,-50.0498,0.8079,1.1289,52,70.12,-0.5687
SGP,ANT,Bulk_Carrier,Coal,10551.1,18.93,275177.0,106455.0,27939.0,-637578.0,-22.8204,0.9438,1.1747,63,56.49,-0.2294
SAN,SGP,LNG_Carrier,LNG,15934.4,21.15,1593832.0,75870.0,22902.0,-1964022.0,-85.7591,0.779,1.12,29,46.37,-0.4896
SGP,RTM,LNG_Carrier,LNG,10534.9,14.29,1073958.0,109795.0,27505.0,-1370527.0,-49.829,0.9359,1.1196,55,50.97,-0.4453
LAG,SYD,Bulk_Carrier,Iron Ore,15517.5,30.42,463069.0,93200.0,17382.0,-995240.0,-57.2559,0.8466,1.037,56,79.06,-0.4281
ANT,SGP,Reefer,Pharmaceuticals,10551.1,15.49,369135.0,100872.0,86839.0,-615582.0,-7.0887,0.7956,1.137,21,89.78,-0.3521
SYD,MUM,Container_Ship,Electronics,10150.5,11.35,1253476.0,94659.0,317547.0,-1200809.0,-3.7815,0.8634,1.2259,47,85.03,-0.6596
LAG,BUS,Reefer,Frozen Fish,12692.5,16.93,353495.0,79951.0,13969.0,-673411.0,-48.2058,0.7682,1.0103,47,53.69,-0.2145
SYD,JEA,Reefer,Pharmaceuticals,12058.9,17.68,469520.0,92754.0,106858.0,-720554.0,-6.7431,0.9001,1.2367,54,51.41,-0.2244
KHI,CPT,Tanker,Fuel Oil,8308.9,15.13,285618.0,50128.0,75671.0,-486960.0,-6.4352,0.8701,1.0354,46,35.24,-0.1184
ANT,LAG,Tanker,Fuel Oil,4978.7,8.78,193895.0,83235.0,74041.0,-334737.0,-4.521,0.9477,0.9301,39,88.31,-0.233
BUS,SAN,Tanker,Fuel Oil,18691.4,33.22,707101.0,85693.0,81666.0,-1209473.0,-14.81,0.98,0.992,66,50.95,-0.3067
ANT,LAG,Reefer,Pharmaceuticals,4978.7,6.43,155739.0,95917.0,81359.0,-266808.0,-3.2794,0.8803,0.9627,33,45.98,-0.0967
SYD,CPT,Reefer,Pharmaceuticals,11011.7,14.94,381029.0,92953.0,89644.0,-608409.0,-6.7869,0.9512,0.9817,65,42.95,-0.1639
BUS,NYK,Container_Ship,Containers,11254.3,11.9,1306312.0,132269.0,85223.0,-1531821.0,-17.9743,0.8397,0.9398,19,53.47,-0.5095
SYD,TYO,Container_Ship,Electronics,7825.8,8.56,1007625.0,141948.0,298321.0,-979685.0,-3.284,0.983,1.0116,34,88.53,-0.6097
HAM,CPT,Reefer,Pharmaceuticals,9764.5,13.43,289540.0,86083.0,83772.0,-493246.0,-5.8879,0.816,1.0694,49,88.61,-0.2862
KHI,MUM,Bulk_Carrier,Iron Ore,893.2,1.73,22812.0,50206.0,22322.0,-76691.0,-3.4357,0.9641,1.1694,47,73.75,-0.054
HAM,JEA,Tanker,Chemical,4892.2,7.91,170917.0,106792.0,146135.0,-250256.0,-1.7125,0.7817,1.0996,28,48.14,-0.0953
COL,SAN,Bulk_Carrier,Grain,13986.2,25.64,386553.0,65929.0,55712.0,-781368.0,-14.0252,0.9685,1.1413,68,31.67,-0.141
KHI,HOU,LNG_Carrier,LNG,13656.9,18.63,1507888.0,99135.0,20078.0,-1866449.0,-92.9588,0.8353,0.9157,70,58.13,-0.6245
MUM,TYO,Reefer,Frozen Fish,6733.0,9.33,243504.0,103554.0,16798.0,-470163.0,-27.9901,0.7509,1.2428,33,58.4,-0.2014
RTM,BUS,Container_Ship,Containers,8936.6,10.55,1065670.0,103239.0,86848.0,-1240373.0,-14.2821,0.7664,1.0492,18,55.72,-0.4662
CPT,SGP,Container_Ship,Machinery,9665.9,11.09,1194994.0,80116.0,221275.0,-1220185.0,-5.5143,0.9539,1.2081,36,43.29,-0.3471
BUS,TYO,Container_Ship,Containers,959.3,1.08,127474.0,139519.0,112733.0,-170426.0,-1.5118,0.8672,1.2037,50,63.33,-0.1026
HOU,CPT,Bulk_Carrier,Coal,13853.3,26.18,359944.0,89228.0,23703.0,-818192.0,-34.5191,0.8967,1.0489,41,80.03,-0.3746
RTM,LAX,LNG_Carrier,LNG,8985.5,11.53,911426.0,135575.0,22205.0,-1197814.0,-53.944,0.8591,0.9846,60,59.78,-0.4821
JEA,ANT,Container_Ship,Electronics,5160.9,6.05,670494.0,99757.0,250781.0,-610263.0,-2.4335,0.7521,1.1115,46,44.11,-0.2105
KHI,MUM,Container_Ship,Electronics,893.2,1.02,105499.0,56906.0,317910.0,140268.0,0.4412,0.9596,1.1043,49,38.64,0.0517
ANT,LAG,Container_Ship,Electronics,4978.7,5.46,534354.0,84464.0,293139.0,-407571.0,-1.3904,0.997,0.98,33,75.23,-0.2416
SGP,LAG,Tanker,Crude Oil,11147.2,20.55,463093.0,74395.0,16161.0,-829627.0,-51.336,0.9716,1.1089,59,30.12,-0.156
HAM,CPT,Bulk_Carrier,Coal,9764.5,18.41,291797.0,93946.0,26529.0,-635289.0,-23.9465,0.8968,1.1739,52,47.8,-0.1988
CPT,SYD,Reefer,Refrigerated Goods,11011.7,15.6,348537.0,85550.0,13679.0,-654356.0,-47.8368,0.9396,1.011,49,78.44,-0.3219
CPT,RTM,Reefer,Pharmaceuticals,9642.1,12.16,317201.0,97228.0,104417.0,-492398.0,-4.7157,0.8772,1.2399,37,36.52,-0.1183
HOU,SHA,Container_Ship,Machinery,12195.4,13.96,1397143.0,136836.0,175556.0,-1567791.0,-8.9304,0.9014,1.0144,25,73.6,-0.6957
SGP,RTM,Bulk_Carrier,Bauxite,10534.9,18.68,307583.0,113310.0,7268.0,-693880.0,-95.4682,0.8076,1.0,62,40.52,-0.1792
HAM,CPT,Bulk_Carrier,Coal,9764.5,19.52,290844.0,85065.0,25058.0,-643704.0,-25.6887,0.9566,1.0394,44,83.78,-0.3531
COL,SGP,Container_Ship,Electronics,2732.3,2.87,343791.0,73230.0,297967.0,-162154.0,-0.5442,0.9445,1.0516,28,75.42,-0.1066
TYO,JEA,LNG_Carrier,LPG,7963.6,9.63,672802.0,116613.0,16560.0,-917327.0,-55.3942,0.7767,1.0153,40,51.3,-0.3291
TYO,ANT,Tanker,Crude Oil,9411.9,15.48,315005.0,124444.0,13037.0,-658540.0,-50.515,0.9034,0.962,45,80.29,-0.3506
COL,JEA,Tanker,Chemical,3316.6,5.68,120891.0,67387.0,144653.0,-128860.0,-0.8908,0.7505,1.1337,25,86.74,-0.0948
HAM,LAX,Container_Ship,Containers,9100.3,9.31,988957.0,120986.0,104871.0,-1144745.0,-10.9158,0.9202,1.0552,42,52.3,-0.4015
COL,MUM,Reefer,Perishables,1535.0,2.09,48579.0,62373.0,11034.0,-131299.0,-11.8999,0.9243,1.1053,28,60.01,-0.0728
SAN,LAG,Reefer,Frozen Fish,6362.4,7.98,200964.0,62217.0,20452.0,-362430.0,-17.7207,0.9529,1.1924,57,48.34,-0.1304
MUM,COL,Tanker,Chemical,1535.0,2.57,52252.0,57021.0,155234.0,7430.0,0.0479,0.7574,1.2055,61,38.88,0.0027
SAN,NYK,Tanker,Chemical,7737.9,14.5,335678.0,103994.0,128559.0,-528594.0,-4.1117,0.7706,0.9813,51,44.67,-0.1666
COL,CPT,Tanker,Chemical,7888.4,12.72,252123.0,55534.0,191840.0,-306647.0,-1.5984,0.9864,1.1441,28,71.99,-0.1548
LAG,SHA,Container_Ship,Machinery,12229.8,13.73,1600816.0,87658.0,176174.0,-1718214.0,-9.7529,0.776,1.1825,56,33.95,-0.3513
JEA,HOU,Bulk_Carrier,Grain,13157.3,24.22,326569.0,111185.0,44234.0,-756827.0,-17.1098,0.8892,0.987,46,53.22,-0.2355
HOU,SHA,Reefer,Perishables,12195.4,15.59,366515.0,137309.0,9915.0,-727738.0,-73.3992,0.79,1.1621,33,66.63,-0.2924
JEA,HAM,Reefer,Refrigerated Goods,4892.2,6.28,148879.0,101797.0,13180.0,-331694.0,-25.1673,0.9569,0.9564,65,36.66,-0.0962
CPT,SYD,Reefer,Pharmaceuticals,11011.7,14.6,324756.0,90434.0,89245.0,-544888.0,-6.1055,0.8727,1.0652,63,73.08,-0.2497
BUS,JEA,LNG_Carrier,LNG,7055.4,9.38,721096.0,83526.0,26547.0,-918700.0,-34.6072,0.9883,1.0233,19,60.64,-0.4034
COL,RTM,Reefer,Pharmaceuticals,8401.4,11.39,249521.0,82899.0,86932.0,-416305.0,-4.7889,0.9656,0.9378,18,41.31,-0.1183
HAM,ANT,Container_Ship,Machinery,453.6,0.47,45997.0,121676.0,172564.0,-2143.0,-0.0124,0.8256,1.0886,24,52.95,-0.0011
JEA,HOU,Bulk_Carrier,Iron Ore,13157.3,23.65,328837.0,98762.0,22903.0,-759418.0,-33.158,0.9736,1.1881,48,56.84,-0.2524
NYK,SAN,LNG_Carrier,LNG,7737.9,9.96,682290.0,113743.0,28213.0,-917196.0,-32.5092,0.9545,1.1261,58,40.67,-0.2631
TYO,KHI,LNG_Carrier,LNG,6926.4,8.67,623251.0,100160.0,24146.0,-829317.0,-34.3455,0.914,1.0064,29,65.82,-0.3973
SHA,HAM,Tanker,Fuel Oil,8527.4,13.9,291356.0,113613.0,67888.0,-545529.0,-8.0357,0.7717,1.0474,64,79.75,-0.2979
SYD,CPT,LNG_Carrier,LNG,11011.7,13.66,1058311.0,93584.0,19348.0,-1337456.0,-69.1266,0.8049,0.9158,64,75.08,-0.6297
CPT,MUM,Reefer,Frozen Fish,8227.2,11.97,318154.0,56213.0,14669.0,-539250.0,-36.7622,0.8913,0.9143,21,67.44,-0.2518
HOU,NYK,Bulk_Carrier,Bauxite,2277.1,4.24,56448.0,146852.0,9976.0,-256893.0,-25.7506,0.9544,1.1614,28,84.19,-0.1926
ANT,SAN,LNG_Carrier,LNG,9716.8,12.69,884185.0,92878.0,22595.0,-1144850.0,-50.6675,0.928,0.9275,47,34.6,-0.2598
HOU,RTM,Tanker,Chemical,8072.0,14.37,262907.0,126330.0,169506.0,-435213.0,-2.5675,0.936,1.0653,18,64.17,-0.1945
HOU,ANT,Reefer,Perishables,8102.1,11.9,314261.0,128799.0,10021.0,-611518.0,-61.0214,0.9593,0.9673,71,72.31,-0.3076
TYO,RTM,Tanker,Chemical,9345.2,16.05,316038.0,138090.0,173997.0,-520867.0,-2.9935,0.9735,1.0514,41,65.0,-0.225
LAX,CPT,LNG_Carrier,LNG,16044.7,21.87,1558706.0,90029.0,27623.0,-1949215.0,-70.5656,0.9364,1.1237,64,45.61,-0.4763
SAN,LAX,Bulk_Carrier,Iron Ore,9942.3,18.94,283025.0,103732.0,17675.0,-653214.0,-36.9579,0.8282,1.0778,54,82.33,-0.3499
NYK,ANT,Container_Ship,Containers,5881.5,6.49,772552.0,134397.0,103198.0,-901116.0,-8.7319,0.9547,1.0009,71,52.44,-0.3586
SHA,LAX,Tanker,Crude Oil,10457.0,18.59,430255.0,129541.0,13277.0,-825315.0,-62.1604,0.944,0.9377,53,64.97,-0.3427
SGP,SYD,Tanker,Fuel Oil,6299.1,10.13,210745.0,95472.0,80554.0,-377566.0,-4.6871,0.9175,1.0452,36,70.54,-0.1987
SGP,COL,Tanker,Fuel Oil,2732.3,4.84,100371.0,69392.0,75364.0,-167068.0,-2.2168,0.7537,1.1904,19,80.17,-0.1167
JEA,LAG,LNG_Carrier,LNG,5856.7,7.48,513071.0,74161.0,25515.0,-673871.0,-26.4108,0.9196,1.0569,65,34.47,-0.1765
LAX,HAM,Bulk_Carrier,Coal,9100.3,16.68,268420.0,121390.0,21838.0,-618108.0,-28.3037,0.8417,1.0296,47,83.94,-0.3479
LAG,LAX,Bulk_Carrier,Grain,12430.0,24.7,326446.0,99074.0,35817.0,-760190.0,-21.2242,0.7671,0.9265,48,31.17,-0.1418
CPT,LAX,LNG_Carrier,LPG,16044.7,19.75,1437423.0,96357.0,20927.0,-1809132.0,-86.4482,0.9504,1.0485,26,73.72,-0.7146
JEA,ANT,Bulk_Carrier,Bauxite,5160.9,10.13,146031.0,97906.0,9415.0,-386418.0,-41.0448,0.8908,1.1742,35,43.63,-0.1318
NYK,SHA,Bulk_Carrier,Coal,11860.8,23.52,389724.0,136719.0,19608.0,-859680.0,-43.8431,0.8621,0.9026,50,61.27,-0.3211
SHA,NYK,Container_Ship,Machinery,11860.8,12.88,1489273.0,131989.0,173696.0,-1640831.0,-9.4466,0.8244,1.0974,41,74.08,-0.741
HAM,KHI,Tanker,Fuel Oil,5660.0,10.32,201372.0,88871.0,88215.0,-356786.0,-4.0445,0.9074,1.1574,29,41.99,-0.1147
TYO,SHA,Reefer,Refrigerated Goods,1754.3,2.35,51721.0,129023.0,9959.0,-206068.0,-20.692,0.7602,0.9098,45,30.4,-0.0572
MUM,NYK,LNG_Carrier,LPG,12555.7,15.89,1091136.0,107606.0,22387.0,-1414713.0,-63.1943,0.9632,1.1067,57,37.04,-0.3123
KHI,LAG,Tanker,Chemical,7048.8,11.63,254877.0,50094.0,143049.0,-336402.0,-2.3517,0.857,0.9819,44,50.13,-0.1222
JEA,KHI,Bulk_Carrier,Coal,1207.1,2.35,32894.0,64968.0,26715.0,-106451.0,-3.9847,0.8648,1.2258,48,81.64,-0.0816
RTM,SAN,LNG_Carrier,LPG,9775.5,12.12,850568.0,88485.0,20980.0,-1099883.0,-52.4243,0.8722,1.1455,42,58.65,-0.4222
SAN,SGP,LNG_Carrier,LPG,15934.4,20.75,1722542.0,86966.0,18915.0,-2101862.0,-111.1215,0.8666,1.0394,33,55.37,-0.6256
CPT,MUM,Reefer,Pharmaceuticals,8227.2,11.3,251798.0,55282.0,94150.0,-382463.0,-4.0623,0.8535,1.149,31,51.58,-0.1366
BUS,SHA,Tanker,Fuel Oil,832.1,1.35,27931.0,108626.0,92495.0,-64312.0,-0.6953,0.9576,1.1498,32,54.53,-0.0336
RTM,NYK,Reefer,Perishables,5858.2,7.42,187285.0,134624.0,8284.0,-424928.0,-51.2951,0.7624,1.0061,46,68.91,-0.2224
MUM,NYK,LNG_Carrier,LPG,12555.7,17.39,1286830.0,112961.0,16119.0,-1644514.0,-102.0227,0.7734,0.9925,47,49.39,-0.4841
LAG,SHA,Bulk_Carrier,Grain,12229.8,24.11,365130.0,88850.0,59090.0,-756476.0,-12.8021,0.9853,1.1899,43,67.44,-0.3073
LAG,MUM,Tanker,Crude Oil,7617.6,14.22,317959.0,66901.0,13218.0,-584972.0,-44.2564,0.7725,1.1407,40,63.47,-0.2631
JEA,SHA,Bulk_Carrier,Iron Ore,6458.3,12.61,173631.0,87935.0,21594.0,-429058.0,-19.8691,0.8778,1.2425,27,31.72,-0.1009
LAX,SYD,LNG_Carrier,LNG,12054.8,15.31,1093419.0,111013.0,21228.0,-1412809.0,-66.5529,0.8062,1.0031,29,41.1,-0.3518
ANT,SHA,Bulk_Carrier,Iron Ore,8980.7,15.76,249431.0,105915.0,17925.0,-573804.0,-32.0105,0.8526,1.0618,26,49.97,-0.1931
HAM,SAN,Container_Ship,Containers,10166.5,11.47,1307786.0,104385.0,93225.0,-1490993.0,-15.9935,0.8336,1.0355,47,62.81,-0.6046
CPT,SHA,Reefer,Frozen Fish,12978.3,17.15,439225.0,86587.0,15722.0,-767320.0,-48.8069,0.9343,0.9349,47,71.38,-0.322
KHI,ANT,Bulk_Carrier,Coal,5992.6,10.47,172918.0,73731.0,23262.0,-380454.0,-16.3549,0.9971,0.9258,62,84.69,-0.2434
MUM,SHA,LNG_Carrier,LPG,5043.9,6.14,482789.0,94170.0,18666.0,-650395.0,-34.8433,0.7783,1.142,28,30.53,-0.156
RTM,SHA,Tanker,Fuel Oil,8927.2,15.23,291636.0,126714.0,76445.0,-570396.0,-7.4616,0.8203,1.1095,39,53.83,-0.2072
BUS,KHI,Bulk_Carrier,Iron Ore,5990.8,11.6,185783.0,70530.0,18462.0,-411916.0,-22.312,0.848,1.0995,65,54.0,-0.1681
ANT,KHI,Tanker,Chemical,5992.6,11.11,248885.0,86213.0,161706.0,-340046.0,-2.1029,0.8729,1.0897,48,71.11,-0.1827
TYO,SAN,Reefer,Perishables,18591.0,23.54,529679.0,113817.0,8282.0,-988258.0,-119.332,0.7935,0.9663,66,81.67,-0.4028
CPT,SHA,Bulk_Carrier,Bauxite,12978.3,25.47,358999.0,76789.0,7690.0,-810170.0,-105.3478,0.7511,1.1377,47,45.89,-0.2186
TYO,HAM,LNG_Carrier,LNG,8979.6,10.74,751359.0,127015.0,24224.0,-1015258.0,-41.9109,0.8108,1.1382,25,56.37,-0.3854
SGP,RTM,Tanker,Fuel Oil,10534.9,17.79,389984.0,105348.0,64341.0,-697899.0,-10.8469,0.7736,0.9901,69,40.27,-0.1792
LAG,SHA,Container_Ship,Auto Parts,12229.8,13.97,1656789.0,87473.0,291650.0,-1662174.0,-5.6992,0.9386,1.1509,29,72.21,-0.7229
RTM,SGP,Tanker,Crude Oil,10534.9,17.38,383406.0,108775.0,14855.0,-738097.0,-49.6874,0.8943,1.1074,51,87.71,-0.4127
SGP,BUS,Reefer,Perishables,4583.4,6.61,146911.0,101547.0,9389.0,-338200.0,-36.0206,0.8926,0.974,39,58.84,-0.1595
BUS,LAX,LNG_Carrier,LNG,9637.7,13.25,944835.0,121726.0,22451.0,-1242898.0,-55.3614,0.9126,0.9371,62,48.83,-0.3992
TYO,NYK,Tanker,Chemical,10853.1,20.02,392998.0,161048.0,196988.0,-657331.0,-3.3369,0.9686,1.1963,62,80.38,-0.3332
TYO,BUS,Reefer,Refrigerated Goods,959.3,1.29,27732.0,129972.0,12903.0,-164105.0,-12.7181,0.8777,1.0209,22,89.95,-0.1403
TYO,SAN,Bulk_Carrier,Coal,18591.0,34.73,510205.0,111362.0,25866.0,-1116623.0,-43.1691,0.9986,1.0278,22,63.23,-0.3523
BUS,HOU,Bulk_Carrier,Iron Ore,11424.5,21.36,305979.0,108913.0,14723.0,-720640.0,-48.9451,0.7608,0.9774,24,86.35,-0.3849
LAG,SYD,Bulk_Carrier,Iron Ore,15517.5,28.91,469129.0,83754.0,17499.0,-969077.0,-55.3777,0.9363,0.9439,52,75.25,-0.3968
ANT,HOU,Container_Ship,Machinery,8102.1,9.11,1044601.0,137210.0,176133.0,-1142315.0,-6.4855,0.843,1.0882,52,88.84,-0.706
SGP,RTM,Tanker,Crude Oil,10534.9,19.58,418294.0,113512.0,15216.0,-810325.0,-53.2536,0.9103,1.1144,38,63.95,-0.3303
ANT,LAX,Container_Ship,Machinery,9036.9,10.37,1070586.0,128011.0,200606.0,-1153486.0,-5.75,0.9046,1.155,65,30.07,-0.2331
LAG,TYO,Container_Ship,Containers,13474.1,15.49,1560250.0,105160.0,100504.0,-1797268.0,-17.8825,0.7555,1.2318,57,54.79,-0.57
HOU,JEA,LNG_Carrier,LNG,13157.3,16.67,1367623.0,108249.0,25204.0,-1700777.0,-67.4814,0.7989,1.2018,42,81.42,-0.8096
SHA,TYO,Container_Ship,Electronics,1754.3,1.84,186299.0,124131.0,234314.0,-103718.0,-0.4426,0.7991,0.9774,66,74.75,-0.0708
RTM,SGP,LNG_Carrier,LPG,10534.9,12.62,1080513.0,109180.0,18953.0,-1360082.0,-71.7612,0.8315,1.0854,23,80.69,-0.6995
LAX,MUM,LNG_Carrier,LNG,14043.2,18.95,1463792.0,94085.0,25306.0,-1816871.0,-71.7959,0.8504,1.1336,29,80.5,-0.8319
COL,SGP,Container_Ship,Containers,2732.3,2.91,321586.0,69399.0,83689.0,-351008.0,-4.1942,0.8411,0.9212,64,31.24,-0.0956
LAG,KHI,Reefer,Perishables,7048.8,9.13,238075.0,53344.0,9430.0,-418935.0,-44.4251,0.7956,1.0975,24,60.5,-0.1836
NYK,MUM,Tanker,Fuel Oil,12555.7,21.56,476478.0,115378.0,89925.0,-825355.0,-9.1782,0.9648,1.1096,69,51.27,-0.2522
JEA,SYD,Container_Ship,Auto Parts,12058.9,13.37,1527674.0,97379.0,252397.0,-1573188.0,-6.233,0.8711,1.0731,51,72.57,-0.6915
SGP,LAG,Container_Ship,Containers,11147.2,12.09,1356799.0,80077.0,76119.0,-1542133.0,-20.2595,0.7601,0.9272,36,55.72,-0.5365
SYD,LAX,Bulk_Carrier,Bauxite,12054.8,23.02,353837.0,128359.0,7349.0,-820182.0,-111.6069,0.8804,0.9274,21,58.1,-0.2887
RTM,ANT,Reefer,Frozen Fish,78.1,0.1,2679.0,115221.0,15024.0,-104413.0,-6.9499,0.821,1.0167,35,69.57,-0.0723
CPT,MUM,Container_Ship,Containers,8227.2,8.6,864874.0,56887.0,103199.0,-947573.0,-9.182,0.846,1.1295,18,71.39,-0.4684
MUM,SYD,Bulk_Carrier,Grain,10150.5,19.84,276554.0,98083.0,51587.0,-620695.0,-12.032,0.8634,1.1855,58,61.33,-0.2459
SHA,SYD,LNG_Carrier,LPG,7881.4,9.56,722042.0,121009.0,20179.0,-966278.0,-47.8844,0.9715,0.9891,25,35.83,-0.2429
TYO,ANT,LNG_Carrier,LNG,9411.9,11.88,1001518.0,147272.0,23590.0,-1303361.0,-55.2513,0.7881,1.1403,43,62.43,-0.5395
COL,RTM,LNG_Carrier,LNG,8401.4,11.13,808294.0,80313.0,24800.0,-1030739.0,-41.5625,0.9823,0.9618,67,70.66,-0.501
ANT,HAM,Container_Ship,Machinery,453.6,0.5,50769.0,122960.0,176981.0,-4260.0,-0.0241,0.8847,1.0419,56,80.58,-0.0034
SGP,SYD,LNG_Carrier,LPG,6299.1,8.34,659745.0,104764.0,17387.0,-872242.0,-50.166,0.8687,0.9531,42,64.46,-0.4195
JEA,NYK,Reefer,Perishables,11017.6,14.27,350188.0,121067.0,9396.0,-675921.0,-71.9347,0.843,1.0321,71,37.25,-0.1579
SYD,LAX,Container_Ship,Auto Parts,12054.8,12.46,1215274.0,112556.0,294701.0,-1220010.0,-4.1398,0.9504,1.1484,31,89.04,-0.658
HOU,SGP,LNG_Carrier,LNG,16004.8,21.36,1496784.0,115364.0,23863.0,-1908638.0,-79.9837,0.9325,0.9749,20,54.2,-0.555
SAN,MUM,LNG_Carrier,LNG,13740.7,18.14,1496260.0,66074.0,30843.0,-1803554.0,-58.4745,0.9645,1.2183,67,78.69,-0.8148
SGP,ANT,Bulk_Carrier,Bauxite,10551.1,19.01,279080.0,99885.0,7337.0,-656730.0,-89.5059,0.8599,0.9481,61,37.78,-0.1581
KHI,ANT,Bulk_Carrier,Iron Ore,5992.6,11.92,174983.0,75471.0,18798.0,-410523.0,-21.8382,0.9065,1.0473,67,72.28,-0.2242
COL,KHI,Container_Ship,Containers,2418.3,2.59,267783.0,48099.0,94451.0,-260349.0,-2.7564,0.7716,1.1334,66,40.8,-0.094
HAM,KHI,Container_Ship,Containers,5660.0,6.41,739125.0,77842.0,75599.0,-837486.0,-11.078,0.7548,0.9273,22,84.57,-0.5425
KHI,HAM,Reefer,Refrigerated Goods,5660.0,7.25,175379.0,78192.0,11908.0,-350389.0,-29.4254,0.8166,1.0127,32,48.99,-0.1315
KHI,HOU,Container_Ship,Electronics,13656.9,14.44,1672015.0,92522.0,275330.0,-1705792.0,-6.1954,0.8952,1.0252,38,42.35,-0.4158
SGP,BUS,Bulk_Carrier,Bauxite,4583.4,8.86,119108.0,87619.0,7598.0,-332032.0,-43.7022,0.8927,0.9457,67,75.24,-0.2003
LAX,SYD,Container_Ship,Auto Parts,12054.8,13.22,1276601.0,131203.0,245445.0,-1360662.0,-5.5437,0.822,1.1059,40,48.51,-0.3998
LAG,SHA,Container_Ship,Auto Parts,12229.8,13.88,1311579.0,83273.0,287063.0,-1315992.0,-4.5843,0.8548,1.2439,28,32.0,-0.2536
SHA,JEA,Container_Ship,Electronics,6458.3,7.16,712291.0,98066.0,285142.0,-632675.0,-2.2188,0.7922,1.1997,26,78.07,-0.3662
HOU,SYD,Bulk_Carrier,Coal,13818.5,24.11,339067.0,127570.0,25298.0,-802976.0,-31.7407,0.9399,1.0681,38,57.17,-0.2629
JEA,COL,Container_Ship,Auto Parts,3316.6,3.42,398205.0,62383.0,205737.0,-306136.0,-1.488,0.7533,1.0115,53,77.6,-0.2015
ANT,BUS,Bulk_Carrier,Bauxite,8997.1,16.81,277290.0,110263.0,8002.0,-631657.0,-78.9354,0.8874,1.0019,28,40.93,-0.174
BUS,MUM,LNG_Carrier,LPG,5775.4,7.26,571587.0,80831.0,19054.0,-742229.0,-38.9533,0.9818,0.9241,41,64.19,-0.3632
RTM,MUM,Reefer,Pharmaceuticals,6887.0,9.53,204468.0,85702.0,90628.0,-342541.0,-3.7796,0.7608,1.2409,66,49.39,-0.1233
SAN,HOU,Reefer,Perishables,7942.5,10.24,224281.0,98759.0,12962.0,-463747.0,-35.7776,0.9865,1.2167,37,75.81,-0.246
HAM,NYK,LNG_Carrier,LPG,6125.8,7.52,564877.0,130350.0,18716.0,-789385.0,-42.1774,0.9842,0.9055,31,85.38,-0.5065
SYD,LAX,Tanker,Crude Oil,12054.8,22.68,485008.0,112366.0,12640.0,-924981.0,-73.1809,0.8401,1.003,31,45.39,-0.2543
BUS,SAN,Bulk_Carrier,Bauxite,18691.4,37.45,506080.0,88880.0,10658.0,-1146001.0,-107.5209,0.9816,1.2064,71,53.75,-0.3066
BUS,COL,Container_Ship,Containers,5911.7,7.11,761921.0,71854.0,116928.0,-823447.0,-7.0424,0.9111,1.1883,58,84.19,-0.5255
TYO,ANT,Tanker,Crude Oil,9411.9,17.71,396289.0,125030.0,14199.0,-772836.0,-54.4293,0.8811,1.0743,67,88.24,-0.4521
HOU,NYK,LNG_Carrier,LPG,2277.1,3.07,215121.0,148453.0,17767.0,-391921.0,-22.0592,0.7647,1.1064,44,88.46,-0.3087
NYK,CPT,Container_Ship,Electronics,12566.3,13.49,1558882.0,104313.0,226524.0,-1638953.0,-7.2352,0.7891,0.9569,34,86.78,-0.8473
NYK,MUM,Bulk_Carrier,Grain,12555.7,23.23,367777.0,99105.0,54217.0,-761115.0,-14.0383,0.9033,1.1909,35,89.94,-0.408
HAM,COL,LNG_Carrier,LPG,8074.9,10.89,836486.0,89348.0,15466.0,-1073756.0,-69.4273,0.8014,0.9189,68,76.07,-0.5688
SGP,ANT,Tanker,Fuel Oil,10551.1,19.13,441563.0,109608.0,72276.0,-765811.0,-10.5957,0.7773,1.107,27,32.53,-0.1587
BUS,HAM,Container_Ship,Machinery,8550.1,10.02,963373.0,108859.0,194011.0,-1028515.0,-5.3013,0.9375,1.0778,54,40.19,-0.2828
HAM,ANT,LNG_Carrier,LPG,453.6,0.63,49075.0,127583.0,23908.0,-162128.0,-6.7814,0.9832,1.1579,40,72.05,-0.114
NYK,CPT,Bulk_Carrier,Coal,12566.3,24.56,334493.0,107611.0,22960.0,-787523.0,-34.2991,0.8988,1.0137,48,44.56,-0.209
HAM,SAN,LNG_Carrier,LNG,10166.5,13.89,1067639.0,99200.0,24249.0,-1350974.0,-55.7127,0.8148,1.1338,21,54.52,-0.4755
COL,SGP,Bulk_Carrier,Grain,2732.3,5.37,75376.0,69948.0,40002.0,-185846.0,-4.6459,0.8585,0.9245,65,56.52,-0.0915
CPT,COL,Container_Ship,Containers,7888.4,9.24,1012811.0,58098.0,101921.0,-1107593.0,-10.8672,0.9577,0.9854,56,65.0,-0.5049
RTM,COL,Reefer,Perishables,8401.4,10.94,242112.0,93234.0,11975.0,-487412.0,-40.7035,0.9165,1.2098,35,46.43,-0.1557
BUS,SGP,Bulk_Carrier,Iron Ore,4583.4,8.72,139716.0,101811.0,20348.0,-351925.0,-17.295,0.848,1.2119,49,77.08,-0.2174
LAX,BUS,Tanker,Fuel Oil,9637.7,16.7,379930.0,122556.0,83109.0,-669911.0,-8.0606,0.9214,1.0738,28,38.56,-0.1699
HOU,SGP,LNG_Carrier,LNG,16004.8,21.4,1552344.0,117736.0,25574.0,-1965580.0,-76.8576,0.8025,1.214,55,60.16,-0.6343
BUS,SYD,LNG_Carrier,LNG,8015.7,9.53,732587.0,113191.0,19893.0,-968889.0,-48.7041,0.8323,0.9105,56,65.77,-0.4448
LAG,ANT,LNG_Carrier,LNG,4978.7,6.71,564436.0,80630.0,23930.0,-721716.0,-30.1594,0.8559,1.0651,46,31.42,-0.1787
LAG,LAX,Bulk_Carrier,Grain,12430.0,22.66,310131.0,93840.0,44124.0,-699789.0,-15.8596,0.7512,1.1654,41,75.08,-0.3144
LAG,MUM,Tanker,Fuel Oil,7617.6,13.63,253500.0,66462.0,83254.0,-441109.0,-5.2983,0.8275,1.1977,48,72.34,-0.2261
KHI,NYK,Container_Ship,Machinery,11689.8,12.25,1232494.0,91540.0,215691.0,-1292098.0,-5.9905,0.9281,1.2104,65,51.57,-0.4085
ANT,JEA,Tanker,Fuel Oil,5160.9,8.88,174076.0,86874.0,86703.0,-307476.0,-3.5463,0.995,1.0373,52,86.36,-0.2077
LAX,SYD,Bulk_Carrier,Coal,12054.8,23.37,336378.0,124381.0,21231.0,-790137.0,-37.2154,0.8928,0.9437,23,32.09,-0.1536
LAG,LAX,Container_Ship,Machinery,12430.0,14.94,1437763.0,102274.0,154977.0,-1609188.0,-10.3834,0.866,0.932,62,46.85,-0.4511
HAM,KHI,Reefer,Pharmaceuticals,5660.0,7.59,193629.0,85762.0,104590.0,-288724.0,-2.7605,0.9809,1.1107,40,37.74,-0.0835
HOU,SGP,Reefer,Perishables,16004.8,20.61,541362.0,108453.0,11616.0,-947285.0,-81.55,0.8847,1.2157,39,34.49,-0.1753
BUS,TYO,Bulk_Carrier,Bauxite,959.3,1.77,25104.0,134176.0,8287.0,-177585.0,-21.4294,0.8884,1.0365,54,36.88,-0.0623
SGP,KHI,Reefer,Perishables,4744.0,6.04,135123.0,64494.0,9895.0,-280300.0,-28.3261,0.8882,1.0316,63,75.01,-0.1674
CPT,ANT,LNG_Carrier,LPG,9566.7,12.98,885720.0,94495.0,22027.0,-1152910.0,-52.3403,0.9746,1.0762,69,39.86,-0.303
JEA,KHI,Tanker,Crude Oil,1207.1,2.25,44651.0,59813.0,12560.0,-125689.0,-10.0072,0.8351,1.0026,58,56.63,-0.0668
RTM,TYO,Tanker,Chemical,9345.2,17.35,324818.0,142509.0,136537.0,-591012.0,-4.3286,0.8237,0.975,23,81.59,-0.3205
SYD,NYK,LNG_Carrier,LPG,15985.3,19.8,1561286.0,130333.0,16795.0,-1971850.0,-117.4054,0.859,0.931,43,30.48,-0.3226
SAN,BUS,Tanker,Chemical,18691.4,30.58,598301.0,81035.0,200675.0,-937422.0,-4.6713,0.9741,1.2118,70,49.5,-0.2309
HAM,SAN,Bulk_Carrier,Iron Ore,10166.5,20.06,273004.0,96582.0,15993.0,-654526.0,-40.925,0.8903,0.9073,24,43.65,-0.1844
RTM,CPT,Container_Ship,Auto Parts,9642.1,10.34,997391.0,97379.0,212354.0,-1037544.0,-4.8859,0.7695,1.022,49,39.69,-0.2708
HOU,KHI,Tanker,Crude Oil,13656.9,23.36,541186.0,90936.0,15012.0,-967460.0,-64.4471,0.8984,1.114,69,63.87,-0.3556
RTM,LAX,Tanker,Crude Oil,8985.5,14.74,283657.0,115299.0,14613.0,-605417.0,-41.4312,0.7885,1.2355,20,71.18,-0.2901
NYK,LAX,Reefer,Frozen Fish,3948.9,5.5,136674.0,137996.0,19577.0,-337554.0,-17.2424,0.8862,1.2273,18,30.52,-0.0849
HOU,LAX,Reefer,Perishables,2204.4,3.19,85095.0,124445.0,11663.0,-245779.0,-21.073,0.9005,1.1993,57,68.05,-0.1495
BUS,ANT,LNG_Carrier,LPG,8997.1,11.1,788877.0,99127.0,14304.0,-1040151.0,-72.7166,0.756,0.901,59,80.0,-0.5601
MUM,KHI,Bulk_Carrier,Iron Ore,893.2,1.68,24261.0,50201.0,16530.0,-83194.0,-5.0328,0.833,1.0022,63,34.76,-0.0276
HAM,SHA,Container_Ship,Auto Parts,8527.4,8.83,872760.0,114177.0,224108.0,-895222.0,-3.9946,0.8419,0.986,27,74.61,-0.4574
SGP,CPT,Container_Ship,Auto Parts,9665.9,11.48,1347173.0,76762.0,277287.0,-1318818.0,-4.7562,0.9309,1.1032,48,46.34,-0.4016
SAN,LAX,LNG_Carrier,LPG,9942.3,12.72,916397.0,107022.0,21467.0,-1192779.0,-55.5632,0.9191,1.1123,33,73.21,-0.5682
SAN,ANT,LNG_Carrier,LNG,9716.8,13.49,930311.0,88900.0,22322.0,-1199212.0,-53.7228,0.847,1.0039,24,80.91,-0.6364
SHA,HOU,LNG_Carrier,LNG,12195.4,16.45,1192927.0,114367.0,25504.0,-1528591.0,-59.9355,0.9605,1.0116,21,75.53,-0.6961
NYK,LAG,Container_Ship,Containers,8481.1,9.25,934673.0,107297.0,75575.0,-1105128.0,-14.6229,0.7528,0.9296,67,76.4,-0.5791
LAX,SGP,LNG_Carrier,LPG,14141.5,18.9,1371513.0,102300.0,18090.0,-1739245.0,-96.1437,0.9395,0.9169,66,76.8,-0.7574
COL,NYK,LNG_Carrier,LNG,14086.8,19.24,1548353.0,94087.0,27953.0,-1903074.0,-68.0818,0.9296,1.1456,20,35.01,-0.3784
TYO,SGP,Tanker,Crude Oil,5314.4,8.98,177388.0,119760.0,13825.0,-418028.0,-30.2367,0.821,1.1227,68,32.08,-0.1042
SYD,LAX,Reefer,Refrigerated Goods,12054.8,17.64,404344.0,131373.0,12449.0,-787884.0,-63.2907,0.7962,1.0858,57,64.13,-0.306
JEA,SYD,Tanker,Fuel Oil,12058.9,20.69,393500.0,96176.0,69479.0,-730481.0,-10.5137,0.8746,0.9458,30,64.12,-0.2837
JEA,SYD,Container_Ship,Auto Parts,12058.9,12.59,1242305.0,95054.0,247952.0,-1278314.0,-5.1555,0.8447,1.0871,42,74.09,-0.5736
JEA,SGP,LNG_Carrier,LNG,5858.9,7.08,568027.0,84049.0,23174.0,-735099.0,-31.7214,0.8781,1.0054,23,33.88,-0.1892
SYD,MUM,Bulk_Carrier,Bauxite,10150.5,17.57,235417.0,84652.0,9638.0,-574039.0,-59.5582,0.8891,1.2045,38,51.6,-0.1913
TYO,JEA,Tanker,Chemical,7963.6,13.47,261243.0,124483.0,134499.0,-453281.0,-3.3701,0.7765,1.0189,52,59.47,-0.1885
SHA,HAM,LNG_Carrier,LPG,8527.4,10.67,874890.0,126467.0,22189.0,-1139236.0,-51.3428,0.9653,1.0946,29,53.4,-0.4165
LAX,SGP,LNG_Carrier,LPG,14141.5,17.78,1415139.0,102400.0,17215.0,-1767098.0,-102.6502,0.8724,0.9397,18,34.14,-0.342
SAN,COL,Tanker,Crude Oil,13986.2,22.92,433388.0,62321.0,12084.0,-827452.0,-68.4731,0.8843,0.911,50,80.67,-0.3803
MUM,JEA,Reefer,Frozen Fish,1954.2,2.49,58793.0,76470.0,15161.0,-157439.0,-10.3844,0.8002,1.0526,47,47.3,-0.0674
HAM,HOU,Tanker,Chemical,8306.0,15.4,297806.0,118059.0,151649.0,-495199.0,-3.2654,0.9082,0.9822,56,68.43,-0.234
KHI,TYO,LNG_Carrier,LPG,6926.4,8.43,601293.0,105086.0,18314.0,-814553.0,-44.4764,0.8502,1.0257,61,88.05,-0.522
LAX,HAM,Tanker,Fuel Oil,9100.3,14.91,342074.0,130325.0,72545.0,-623578.0,-8.5958,0.7637,1.1308,49,76.0,-0.3178
CPT,MUM,Container_Ship,Electronics,8227.2,9.63,949781.0,63329.0,276416.0,-881093.0,-3.1876,0.905,1.0181,32,59.06,-0.3603
HOU,SHA,Reefer,Frozen Fish,12195.4,17.0,370576.0,122445.0,12960.0,-735099.0,-56.7226,0.7881,0.9135,48,41.62,-0.1845
BUS,KHI,Tanker,Crude Oil,5990.8,10.04,234302.0,70893.0,16162.0,-439668.0,-27.2034,0.8849,1.2176,19,46.78,-0.1554
LAX,TYO,Tanker,Fuel Oil,8839.0,15.63,296892.0,146752.0,92745.0,-585359.0,-6.3115,0.9128,1.2095,61,47.12,-0.1867
KHI,RTM,Bulk_Carrier,Iron Ore,5993.9,10.82,173247.0,81768.0,16729.0,-400524.0,-23.9423,0.766,1.103,66,59.8,-0.1809
SYD,TYO,Container_Ship,Auto Parts,7825.8,8.74,1008602.0,136195.0,236165.0,-1039768.0,-4.4027,0.8649,1.0113,70,38.84,-0.2839
LAX,SYD,Reefer,Refrigerated Goods,12054.8,17.68,418803.0,127482.0,12860.0,-798614.0,-62.1014,0.8188,1.0907,30,85.2,-0.4122
LAX,COL,Bulk_Carrier,Iron Ore,15107.0,29.84,457026.0,98739.0,22030.0,-981354.0,-44.5471,0.9712,1.1456,68,67.68,-0.3658
KHI,TYO,Container_Ship,Machinery,6926.4,8.18,774004.0,105702.0,174296.0,-828126.0,-4.7513,0.9279,0.9783,31,80.37,-0.4844
COL,SHA,Bulk_Carrier,Coal,5092.6,9.34,125992.0,75755.0,25551.0,-316313.0,-12.3796,0.9913,1.0229,64,41.73,-0.1035
HAM,BUS,Container_Ship,Machinery,8550.1,10.27,1158547.0,112224.0,151085.0,-1273670.0,-8.4302,0.8397,0.9371,38,87.94,-0.7663
TYO,LAX,Reefer,Pharmaceuticals,8839.0,12.59,333179.0,139633.0,77264.0,-584416.0,-7.5638,0.8045,1.0004,42,50.14,-0.1984
JEA,COL,Reefer,Frozen Fish,3316.6,4.19,89293.0,67292.0,15477.0,-203906.0,-13.1748,0.9004,0.9549,28,36.99,-0.064
LAG,MUM,Reefer,Pharmaceuticals,7617.6,9.64,256504.0,66050.0,78594.0,-388600.0,-4.9444,0.7805,1.0489,47,72.58,-0.1998
SAN,COL,Tanker,Crude Oil,13986.2,25.52,536705.0,64466.0,15127.0,-968836.0,-64.048,0.8185,1.2321,18,46.61,-0.2573
BUS,HOU,Reefer,Perishables,11424.5,14.92,397277.0,116591.0,9957.0,-727652.0,-73.0764,0.843,1.0936,53,43.59,-0.1962
SGP,JEA,Container_Ship,Containers,5858.9,6.02,589984.0,86763.0,95121.0,-671896.0,-7.0636,0.8873,0.9926,41,54.54,-0.2784
BUS,CPT,LNG_Carrier,LNG,13800.1,17.92,1395482.0,80084.0,23283.0,-1721039.0,-73.9191,0.975,0.9097,69,77.33,-0.7626
SAN,HOU,Reefer,Frozen Fish,7942.5,10.98,287629.0,96834.0,14182.0,-535054.0,-37.7281,0.8557,0.9208,69,52.44,-0.1964
HAM,MUM,LNG_Carrier,LPG,6551.7,8.33,576037.0,90736.0,17866.0,-773893.0,-43.3158,0.7995,1.0641,56,49.27,-0.2817
KHI,HOU,Bulk_Carrier,Iron Ore,13656.9,26.6,365422.0,94342.0,15000.0,-843797.0,-56.2532,0.8059,0.9401,48,76.22,-0.3702
HAM,SYD,Reefer,Pharmaceuticals,16284.4,21.86,474068.0,126162.0,81295.0,-846796.0,-10.4164,0.8069,1.0495,53,38.65,-0.1741
BUS,MUM,Container_Ship,Electronics,5775.4,6.68,672954.0,81913.0,324579.0,-530558.0,-1.6346,0.8676,1.247,59,35.35,-0.143
BUS,HOU,Bulk_Carrier,Iron Ore,11424.5,22.49,295442.0,108398.0,19904.0,-721255.0,-36.2369,0.8986,1.1187,59,45.56,-0.2032
TYO,LAX,Container_Ship,Electronics,8839.0,9.12,864081.0,158650.0,357083.0,-802511.0,-2.2474,0.9913,1.2007,59,51.37,-0.279
ANT,HAM,Tanker,Crude Oil,453.6,0.81,18857.0,111824.0,16684.0,-126128.0,-7.56,0.9428,1.1797,24,50.67,-0.0624
LAX,TYO,Bulk_Carrier,Grain,8839.0,16.16,262244.0,142765.0,53572.0,-593803.0,-11.0843,0.9657,1.1007,65,86.59,-0.348
SHA,ANT,Reefer,Refrigerated Goods,8980.7,12.52,318484.0,108263.0,14874.0,-599649.0,-40.3145,0.9796,1.0545,61,79.13,-0.3195
SYD,LAG,Reefer,Perishables,15517.5,20.12,441086.0,85110.0,11460.0,-816583.0,-71.2534,0.9887,1.0732,39,49.05,-0.2179
LAG,LAX,Container_Ship,Electronics,12430.0,14.24,1450134.0,93611.0,268133.0,-1489247.0,-5.5541,0.8102,1.1032,35,74.62,-0.665
JEA,TYO,LNG_Carrier,LPG,7963.6,9.99,736254.0,120187.0,21946.0,-984326.0,-44.8525,0.8786,1.1895,38,71.93,-0.4951
ANT,SGP,Tanker,Crude Oil,10551.1,17.2,328893.0,99133.0,13226.0,-672807.0,-50.8719,0.8336,1.0578,26,53.35,-0.2287
TYO,ANT,LNG_Carrier,LNG,9411.9,12.72,895736.0,126434.0,27318.0,-1185613.0,-43.4,0.9355,1.1124,29,76.37,-0.6004
COL,HAM,Bulk_Carrier,Bauxite,8074.9,15.72,241348.0,90368.0,8381.0,-559156.0,-66.7188,0.7879,1.1818,22,31.73,-0.1236
SGP,LAG,LNG_Carrier,LPG,11147.2,14.07,1104382.0,79162.0,19965.0,-1374687.0,-68.854,0.8106,1.1729,30,71.63,-0.6147
TYO,SGP,Container_Ship,Auto Parts,5314.4,6.04,655888.0,131348.0,299287.0,-578577.0,-1.9332,0.9957,1.1133,43,82.47,-0.3708
MUM,LAG,Reefer,Refrigerated Goods,7617.6,9.88,219916.0,65482.0,12833.0,-420803.0,-32.7902,0.7785,1.1448,22,54.25,-0.1617
HAM,HOU,LNG_Carrier,LPG,8306.0,10.53,833129.0,126856.0,15383.0,-1102608.0,-71.6784,0.7882,0.9293,55,61.07,-0.4649
MUM,SAN,Tanker,Fuel Oil,13740.7,22.14,486058.0,71819.0,60594.0,-829316.0,-13.6864,0.7667,0.9408,36,69.32,-0.33
SGP,JEA,Reefer,Refrigerated Goods,5858.9,7.47,165155.0,85932.0,12949.0,-350182.0,-27.0431,0.8321,1.0807,70,64.86,-0.1725
SYD,SGP,LNG_Carrier,LNG,6299.1,8.65,649656.0,100171.0,28803.0,-850699.0,-29.5346,0.8868,1.2374,67,62.11,-0.3943
SYD,SGP,Container_Ship,Containers,6299.1,6.66,733550.0,105710.0,105930.0,-833273.0,-7.8663,0.7866,1.247,64,67.98,-0.4227
LAG,SAN,Reefer,Pharmaceuticals,6362.4,8.17,196474.0,61602.0,84359.0,-296234.0,-3.5116,0.8715,1.0083,20,82.08,-0.181
LAG,COL,Container_Ship,Electronics,8435.8,8.94,923956.0,53507.0,274348.0,-837181.0,-3.0515,0.935,0.9781,30,35.7,-0.2054
MUM,LAG,LNG_Carrier,LNG,7617.6,10.22,885628.0,59353.0,19231.0,-1079037.0,-56.1086,0.7793,0.9401,29,48.7,-0.3723
MUM,SHA,Bulk_Carrier,Grain,5043.9,9.22,123985.0,92717.0,43965.0,-311018.0,-7.0742,0.8517,1.0242,71,41.54,-0.1015
JEA,BUS,Bulk_Carrier,Iron Ore,7055.4,13.42,182542.0,81347.0,18741.0,-446414.0,-23.8206,0.7874,1.2021,49,68.12,-0.2202
LAG,KHI,Bulk_Carrier,Iron Ore,7048.8,13.99,204297.0,53214.0,18111.0,-449201.0,-24.8029,0.9712,0.9418,39,73.76,-0.24
SYD,NYK,LNG_Carrier,LPG,15985.3,21.59,1729834.0,133616.0,20588.0,-2166723.0,-105.2425,0.9045,1.0839,40,41.88,-0.487
JEA,ANT,Tanker,Fuel Oil,5160.9,8.68,163988.0,103594.0,74411.0,-323438.0,-4.3466,0.7535,1.1756,67,85.89,-0.2173
LAG,CPT,Bulk_Carrier,Grain,4761.1,9.39,140554.0,57383.0,39832.0,-298959.0,-7.5054,0.8708,0.9075,23,44.51,-0.1059
SAN,LAX,LNG_Carrier,LNG,9942.3,13.48,1053285.0,108953.0,25107.0,-1339366.0,-53.3471,0.9368,1.0209,71,88.65,-0.7726
SGP,NYK,Bulk_Carrier,Bauxite,15342.9,27.1,436004.0,130970.0,9490.0,-963913.0,-101.567,0.9827,1.073,62,43.86,-0.2312
LAG,MUM,LNG_Carrier,LNG,7617.6,10.45,881637.0,55801.0,20549.0,-1073689.0,-52.2491,0.7574,1.0336,57,36.09,-0.2746
LAX,NYK,Container_Ship,Machinery,3948.9,4.73,463939.0,129948.0,185008.0,-479861.0,-2.5937,0.8983,1.0727,60,83.47,-0.3302
JEA,SAN,LNG_Carrier,LNG,12181.9,14.88,1021106.0,75904.0,20787.0,-1299421.0,-62.5113,0.8664,0.914,57,40.38,-0.3165
LAX,NYK,Bulk_Carrier,Grain,3948.9,7.76,129314.0,152036.0,54355.0,-343327.0,-6.3164,0.9227,1.1688,63,73.23,-0.2072
SYD,SAN,Tanker,Crude Oil,13322.4,24.44,552401.0,100670.0,16309.0,-1003359.0,-61.5215,0.9286,1.1709,53,65.27,-0.3809
LAX,CPT,Reefer,Refrigerated Goods,16044.7,22.75,511386.0,87079.0,12303.0,-927476.0,-75.3852,0.8942,0.9555,71,69.69,-0.3463
CPT,HOU,LNG_Carrier,LPG,13853.3,16.95,1379040.0,90355.0,20233.0,-1703418.0,-84.1914,0.9216,1.0454,21,88.51,-0.8625
SHA,BUS,Reefer,Frozen Fish,832.1,1.1,25061.0,113485.0,17196.0,-137873.0,-8.0175,0.78,1.2249,71,52.37,-0.0691
SAN,HOU,Tanker,Crude Oil,7942.5,14.66,324680.0,100336.0,17196.0,-627788.0,-36.5084,0.9993,1.1472,58,32.09,-0.141
SGP,HAM,Reefer,Frozen Fish,10154.8,13.54,324447.0,103438.0,16916.0,-614142.0,-36.3057,0.7686,1.2227,53,30.93,-0.1227
JEA,TYO,Tanker,Chemical,7963.6,13.45,275598.0,111469.0,149844.0,-439045.0,-2.93,0.9241,0.9538,44,79.98,-0.2456
ANT,NYK,Bulk_Carrier,Bauxite,5881.5,10.76,149462.0,129762.0,7437.0,-433242.0,-58.2528,0.813,1.0164,20,75.21,-0.2473
SYD,HAM,Tanker,Chemical,16284.4,28.99,566619.0,113154.0,176742.0,-937927.0,-5.3068,0.9653,1.077,50,43.73,-0.2182
COL,SAN,LNG_Carrier,LNG,13986.2,17.95,1382120.0,61289.0,28148.0,-1684463.0,-59.8434,0.9213,1.1638,38,48.31,-0.4636
HAM,HOU,LNG_Carrier,LPG,8306.0,9.86,772736.0,138160.0,15426.0,-1043435.0,-67.6425,0.7599,0.9667,36,44.74,-0.3223
RTM,KHI,LNG_Carrier,LNG,5993.9,8.16,568073.0,77396.0,21369.0,-746567.0,-34.9362,0.8428,0.9659,52,32.11,-0.1811
TYO,HOU,Container_Ship,Containers,10740.5,11.79,1272669.0,147262.0,85141.0,-1511707.0,-17.7553,0.8361,0.9429,19,47.99,-0.4592
HAM,KHI,LNG_Carrier,LPG,5660.0,7.47,529329.0,84388.0,17923.0,-707870.0,-39.4944,0.8099,1.0538,19,46.28,-0.2509
HAM,MUM,LNG_Carrier,LNG,6551.7,8.22,688089.0,93143.0,26456.0,-878049.0,-33.1885,0.9125,1.1046,65,87.76,-0.5692
LAG,JEA,Tanker,Crude Oil,5856.7,10.03,189331.0,61232.0,14983.0,-385982.0,-25.7609,0.8169,1.2228,52,83.05,-0.2435
CPT,SHA,Container_Ship,Containers,12978.3,15.32,1542343.0,85476.0,96040.0,-1761610.0,-18.3425,0.7712,1.1531,68,32.65,-0.3382
NYK,HOU,Reefer,Frozen Fish,2277.1,3.14,80665.0,159007.0,14961.0,-271823.0,-18.1684,0.7732,1.075,20,88.23,-0.2136
RTM,NYK,Tanker,Crude Oil,5858.2,10.48,193905.0,128438.0,18277.0,-461326.0,-25.2401,0.9964,1.2229,49,46.88,-0.1643
SAN,KHI,LNG_Carrier,LNG,13337.2,17.88,1256426.0,59393.0,23114.0,-1560844.0,-67.5277,0.8688,1.0135,19,37.37,-0.339
LAX,HOU,Container_Ship,Containers,2204.4,2.55,262631.0,135216.0,97833.0,-338278.0,-3.4577,0.9143,0.9908,47,42.02,-0.127
JEA,RTM,LNG_Carrier,LNG,5176.2,6.84,526032.0,107940.0,19137.0,-717499.0,-37.4923,0.8068,0.9036,59,53.12,-0.2979
KHI,LAG,Tanker,Crude Oil,7048.8,12.13,278114.0,47324.0,14022.0,-493439.0,-35.191,0.781,1.1969,60,75.77,-0.2708
BUS,SAN,Reefer,Frozen Fish,18691.4,24.41,636802.0,86607.0,15530.0,-1074064.0,-69.1598,0.8713,0.9902,24,85.58,-0.4575
TYO,JEA,Tanker,Fuel Oil,7963.6,14.03,262711.0,111434.0,76333.0,-508298.0,-6.659,0.8526,1.0659,48,46.27,-0.1645
SHA,KHI,Container_Ship,Containers,5340.0,5.97,570042.0,79738.0,120285.0,-619041.0,-5.1465,0.9613,1.1586,30,51.39,-0.2469
LAX,KHI,Bulk_Carrier,Grain,13476.2,25.85,373793.0,90354.0,45664.0,-806169.0,-17.6542,0.912,0.9934,20,42.87,-0.2001
CPT,LAG,Reefer,Perishables,4761.1,6.09,157489.0,56040.0,8695.0,-296246.0,-34.0721,0.8456,0.9521,36,84.83,-0.1999
RTM,HOU,Container_Ship,Containers,8072.0,8.83,900112.0,140567.0,94443.0,-1078749.0,-11.4222,0.9096,0.9613,66,40.56,-0.3047
ANT,NYK,LNG_Carrier,LPG,5881.5,7.01,515107.0,125863.0,20732.0,-725418.0,-34.9903,0.9012,1.0955,35,72.23,-0.3977
HAM,NYK,Tanker,Crude Oil,6125.8,11.04,251537.0,139859.0,13773.0,-543282.0,-39.446,0.8729,1.0519,62,78.4,-0.3201
TYO,RTM,Reefer,Refrigerated Goods,9345.2,13.42,284105.0,133581.0,13428.0,-605630.0,-45.1028,0.8897,1.0481,53,59.92,-0.2412
SAN,BUS,LNG_Carrier,LPG,18691.4,22.92,1640531.0,87898.0,17314.0,-2054962.0,-118.6853,0.8676,0.9503,64,59.33,-0.6068
LAX,COL,Reefer,Pharmaceuticals,15107.0,22.1,570183.0,92955.0,96360.0,-898275.0,-9.322,0.8591,1.1684,34,45.99,-0.2275
MUM,CPT,Container_Ship,Auto Parts,8227.2,8.57,992903.0,61112.0,298096.0,-884396.0,-2.9668,0.9279,1.1898,24,46.45,-0.2845
NYK,LAG,Reefer,Frozen Fish,8481.1,11.05,285976.0,108003.0,17960.0,-541701.0,-30.1607,0.8708,1.1458,33,67.27,-0.2499
SAN,MUM,Tanker,Fuel Oil,13740.7,24.15,539401.0,71585.0,83655.0,-889544.0,-10.6335,0.8495,1.1723,59,86.8,-0.4433
MUM,TYO,Container_Ship,Auto Parts,6733.0,8.04,806326.0,120863.0,204643.0,-843141.0,-4.1201,0.7744,0.9787,30,63.02,-0.3897
RTM,ANT,LNG_Carrier,LNG,78.1,0.09,6456.0,129980.0,18659.0,-119176.0,-6.387,0.765,0.9292,38,79.09,-0.0939
SGP,RTM,Tanker,Fuel Oil,10534.9,18.37,385202.0,98462.0,78920.0,-680270.0,-8.6197,0.8953,1.0494,52,58.82,-0.255
COL,NYK,Reefer,Pharmaceuticals,14086.8,18.31,474890.0,108725.0,113545.0,-744675.0,-6.5584,0.9754,1.2126,37,82.93,-0.3507
SHA,KHI,Tanker,Crude Oil,5340.0,9.02,199168.0,70027.0,13296.0,-391232.0,-29.4245,0.9344,0.9486,65,48.84,-0.1483
LAG,JEA,Reefer,Refrigerated Goods,5856.7,7.69,181644.0,70949.0,15943.0,-352019.0,-22.0793,0.989,1.1195,27,89.09,-0.2383
HOU,COL,Tanker,Chemical,15903.9,27.84,633048.0,97715.0,187767.0,-960550.0,-5.1156,0.9106,1.2129,24,82.67,-0.4272
HOU,SAN,Reefer,Pharmaceuticals,7942.5,10.78,238578.0,99534.0,95122.0,-404658.0,-4.2541,0.9553,1.0372,55,42.26,-0.1197
TYO,ANT,Reefer,Perishables,9411.9,12.03,273630.0,140503.0,12072.0,-582568.0,-48.2558,0.9052,1.2349,42,32.02,-0.1237
COL,HAM,LNG_Carrier,LPG,8074.9,10.32,870431.0,92297.0,23523.0,-1094021.0,-46.5085,0.9198,1.2179,39,41.36,-0.3151
COL,LAG,LNG_Carrier,LPG,8435.8,9.99,840849.0,49906.0,24607.0,-1015992.0,-41.2881,0.9471,1.2373,48,73.3,-0.5116
MUM,ANT,Container_Ship,Auto Parts,6885.8,7.59,776516.0,81828.0,193661.0,-778600.0,-4.0204,0.7931,0.9044,68,59.45,-0.3374
RTM,JEA,Reefer,Perishables,5176.2,6.74,147502.0,96033.0,12046.0,-332563.0,-27.607,0.9044,1.2334,71,80.04,-0.208
KHI,LAX,Bulk_Carrier,Grain,13476.2,24.54,344325.0,78317.0,45460.0,-745234.0,-16.3933,0.9688,0.931,45,50.76,-0.219
KHI,NYK,LNG_Carrier,LPG,11689.8,15.56,1283735.0,95911.0,20898.0,-1592159.0,-76.1884,0.9294,1.0708,28,63.52,-0.62
SAN,KHI,LNG_Carrier,LPG,13337.2,16.06,1349621.0,59943.0,24813.0,-1625616.0,-65.515,0.9523,1.2407,48,49.39,-0.4668
MUM,COL,Reefer,Pharmaceuticals,1535.0,1.99,48986.0,55758.0,98952.0,-35580.0,-0.3596,0.8404,1.2265,38,79.82,-0.0262
ANT,HAM,Tanker,Fuel Oil,453.6,0.79,17330.0,120540.0,88501.0,-61179.0,-0.6913,0.9368,1.1246,64,71.28,-0.0426
COL,TYO,Tanker,Fuel Oil,6846.1,11.81,264080.0,99480.0,92087.0,-448689.0,-4.8724,0.945,1.1601,34,85.62,-0.2805
SYD,BUS,Reefer,Refrigerated Goods,8015.7,10.19,253395.0,100909.0,13863.0,-493353.0,-35.589,0.7804,1.2336,32,60.29,-0.2076
LAX,SAN,LNG_Carrier,LNG,9942.3,12.81,1077805.0,106368.0,28674.0,-1347602.0,-46.9966,0.9282,1.1768,20,80.23,-0.7035
SAN,HAM,Bulk_Carrier,Coal,10166.5,18.9,250134.0,98155.0,22303.0,-609437.0,-27.3249,0.8773,1.0089,48,55.07,-0.2167
COL,LAG,Tanker,Fuel Oil,8435.8,13.82,305528.0,53556.0,66131.0,-500268.0,-7.5648,0.811,0.9708,19,34.26,-0.1177
ANT,TYO,Container_Ship,Auto Parts,9411.9,11.15,1238372.0,134164.0,285406.0,-1254370.0,-4.395,0.8988,1.176,70,77.59,-0.6454
SYD,ANT,LNG_Carrier,LNG,16725.3,22.81,1734222.0,119378.0,29951.0,-2165855.0,-72.3133,0.9415,1.2119,70,43.29,-0.4927
SAN,NYK,Tanker,Crude Oil,7737.9,14.21,299487.0,102134.0,13373.0,-601347.0,-44.9682,0.7663,1.1634,62,64.55,-0.2738
SGP,SYD,Reefer,Frozen Fish,6299.1,8.21,212372.0,95739.0,19850.0,-411369.0,-20.7238,0.9175,1.202,38,46.77,-0.1436
SAN,BUS,Bulk_Carrier,Coal,18691.4,33.68,462775.0,92698.0,26308.0,-1034391.0,-39.3178,0.8533,1.2235,58,45.15,-0.2324
ANT,LAX,LNG_Carrier,LPG,9036.9,10.98,818223.0,115580.0,16063.0,-1082446.0,-67.3882,0.7512,1.0182,43,73.33,-0.5335
KHI,LAX,Bulk_Carrier,Coal,13476.2,25.91,362575.0,88555.0,22275.0,-817505.0,-36.7001,0.9328,0.9476,48,88.21,-0.4174
RTM,SGP,Reefer,Perishables,10534.9,14.99,368505.0,116900.0,9681.0,-700517.0,-72.3602,0.8763,1.023,44,65.93,-0.2944
SYD,KHI,Container_Ship,Electronics,11020.1,13.05,1398969.0,84135.0,332220.0,-1346607.0,-4.0534,0.9302,1.1905,44,57.76,-0.4877
LAG,COL,Container_Ship,Containers,8435.8,9.84,1031952.0,58761.0,94111.0,-1144170.0,-12.1576,0.8375,1.0405,39,87.87,-0.6908
SGP,SYD,Reefer,Pharmaceuticals,6299.1,7.92,195936.0,104077.0,96129.0,-322674.0,-3.3567,0.9137,1.0959,70,70.59,-0.17
SYD,TYO,Container_Ship,Auto Parts,7825.8,8.18,788651.0,147044.0,214393.0,-843981.0,-3.9366,0.8179,0.9709,49,53.52,-0.3176
SYD,JEA,Tanker,Chemical,12058.9,20.8,413879.0,97495.0,163959.0,-659351.0,-4.0214,0.9934,0.9709,63,75.86,-0.3029
CPT,NYK,Container_Ship,Electronics,12566.3,14.06,1665858.0,94989.0,221301.0,-1750519.0,-7.9101,0.8191,0.9006,41,35.36,-0.3687
JEA,SYD,Reefer,Frozen Fish,12058.9,15.15,359765.0,105597.0,14057.0,-678569.0,-48.2737,0.7561,1.0328,50,49.76,-0.2045
JEA,SGP,Container_Ship,Auto Parts,5858.9,6.42,665926.0,75115.0,208451.0,-628851.0,-3.0168,0.7813,0.9881,47,31.99,-0.1528
BUS,SGP,Container_Ship,Containers,4583.4,4.77,517489.0,93427.0,107174.0,-575251.0,-5.3675,0.9703,1.0227,19,54.45,-0.2511
CPT,LAX,LNG_Carrier,LPG,16044.7,21.23,1707776.0,85353.0,19174.0,-2092460.0,-109.1274,0.7855,1.1624,48,73.78,-0.8272
LAX,CPT,Reefer,Refrigerated Goods,16044.7,21.32,457217.0,86983.0,14222.0,-849778.0,-59.7511,0.8771,1.126,37,34.49,-0.157
COL,ANT,Reefer,Frozen Fish,8396.7,12.19,292328.0,88497.0,13636.0,-550094.0,-40.3406,0.8166,0.9277,54,45.33,-0.1716
LAG,KHI,Tanker,Fuel Oil,7048.8,11.95,238363.0,52068.0,73950.0,-395799.0,-5.3522,0.9729,0.9049,40,49.54,-0.142
LAX,NYK,LNG_Carrier,LPG,3948.9,5.16,382473.0,146767.0,22057.0,-584643.0,-26.5061,0.8832,1.1893,59,82.99,-0.3999
KHI,LAG,Bulk_Carrier,Iron Ore,7048.8,14.09,190519.0,52478.0,19652.0,-434746.0,-22.1224,0.9335,1.0632,69,81.79,-0.2576
RTM,TYO,Tanker,Fuel Oil,9345.2,16.98,342428.0,140594.0,66724.0,-670928.0,-10.0553,0.8289,0.9583,48,65.19,-0.2907
LAG,SAN,Reefer,Perishables,6362.4,8.81,210235.0,64466.0,8925.0,-397943.0,-44.5891,0.8189,1.0091,61,48.86,-0.1447
COL,SAN,Tanker,Crude Oil,13986.2,26.18,596356.0,56662.0,12356.0,-1033390.0,-83.6345,0.8515,0.9674,39,81.97,-0.4826
HAM,KHI,Bulk_Carrier,Grain,5660.0,11.5,173978.0,75886.0,53820.0,-368496.0,-6.8469,0.8628,1.2377,62,51.16,-0.1444
KHI,COL,Reefer,Refrigerated Goods,2418.3,3.55,87830.0,42327.0,14042.0,-169317.0,-12.0576,0.9924,0.9826,58,78.69,-0.1178
ANT,KHI,Tanker,Crude Oil,5992.6,9.91,224410.0,77944.0,13490.0,-437473.0,-32.4296,0.8166,1.1013,69,63.6,-0.2102
MUM,TYO,Reefer,Frozen Fish,6733.0,8.49,224025.0,112807.0,19041.0,-445192.0,-23.3813,0.9348,1.1316,56,82.52,-0.2694
HOU,JEA,Container_Ship,Electronics,13157.3,14.35,1512754.0,117272.0,246166.0,-1599121.0,-6.4961,0.7659,1.0714,52,43.82,-0.4097
RTM,MUM,Container_Ship,Auto Parts,6887.0,7.41,718572.0,91734.0,294654.0,-626752.0,-2.1271,0.9541,1.1438,23,36.59,-0.1672
MUM,HOU,Tanker,Chemical,14456.2,23.47,543280.0,94227.0,162824.0,-826679.0,-5.0771,0.7806,1.227,43,57.13,-0.2653
MUM,KHI,Tanker,Fuel Oil,893.2,1.66,33380.0,59091.0,74904.0,-42499.0,-0.5674,0.8785,1.0151,30,39.84,-0.0162
SYD,LAG,Tanker,Crude Oil,15517.5,26.82,585212.0,84417.0,14410.0,-1057510.0,-73.3848,0.8667,1.1085,36,62.16,-0.3577
ANT,CPT,LNG_Carrier,LPG,9566.7,11.59,899253.0,93541.0,15273.0,-1151426.0,-75.3899,0.7684,0.9464,38,87.13,-0.6615
CPT,LAX,Bulk_Carrier,Bauxite,16044.7,28.84,447419.0,99280.0,9693.0,-969646.0,-100.0372,0.8868,1.2144,42,33.41,-0.1736
CPT,KHI,Tanker,Fuel Oil,8308.9,14.31,330876.0,52857.0,84796.0,-513529.0,-6.056,0.9202,1.097,61,41.83,-0.1483
COL,SYD,Bulk_Carrier,Coal,8748.1,16.48,241372.0,86292.0,22318.0,-552606.0,-24.7609,0.8483,1.0441,28,40.3,-0.1513
HOU,BUS,Bulk_Carrier,Grain,11424.5,21.72,295976.0,126897.0,56831.0,-691905.0,-12.1747,0.916,1.2309,47,78.21,-0.3347
TYO,HOU,Bulk_Carrier,Bauxite,10740.5,19.33,305329.0,163362.0,9488.0,-749087.0,-78.9527,0.8526,1.2364,60,88.13,-0.4179
SYD,HAM,Container_Ship,Machinery,16284.4,17.64,1864154.0,111169.0,140910.0,-2099027.0,-14.8962,0.7531,0.9745,46,62.3,-0.6959
RTM,ANT,LNG_Carrier,LNG,78.1,0.1,7489.0,108328.0,22360.0,-94924.0,-4.2453,0.8427,1.0108,21,48.34,-0.0457
MUM,CPT,LNG_Carrier,LPG,8227.2,10.04,838798.0,57221.0,16488.0,-1030104.0,-62.4756,0.821,0.9563,37,67.45,-0.4811
ANT,HOU,Container_Ship,Electronics,8102.1,8.9,993098.0,139964.0,302908.0,-963590.0,-3.1811,0.8485,1.19,61,46.84,-0.314
SAN,KHI,Bulk_Carrier,Coal,13337.2,25.21,385135.0,60555.0,29993.0,-793873.0,-26.4689,0.9949,1.1962,53,41.51,-0.1916
COL,SYD,Container_Ship,Machinery,8748.1,9.87,1005824.0,86675.0,228292.0,-1012315.0,-4.4343,0.9658,1.2311,22,83.43,-0.5736
MUM,CPT,LNG_Carrier,LPG,8227.2,10.37,739438.0,55058.0,18937.0,-931052.0,-49.1667,0.7604,1.1859,71,37.93,-0.2445
SGP,TYO,Container_Ship,Electronics,5314.4,5.44,573367.0,116274.0,230645.0,-540608.0,-2.3439,0.8034,0.9569,41,77.76,-0.3266
BUS,JEA,Bulk_Carrier,Iron Ore,7055.4,12.55,191185.0,92413.0,21020.0,-450795.0,-21.4464,0.9571,1.1092,61,30.27,-0.0988
RTM,TYO,LNG_Carrier,LPG,9345.2,12.98,1073469.0,155842.0,24255.0,-1399793.0,-57.7119,0.9617,1.201,62,89.73,-0.8348
KHI,TYO,Bulk_Carrier,Iron Ore,6926.4,13.17,205341.0,104743.0,23653.0,-484034.0,-20.4636,0.9825,1.216,34,37.82,-0.1332
LAX,CPT,Tanker,Crude Oil,16044.7,27.48,622422.0,95328.0,17621.0,-1112330.0,-63.1237,0.9795,1.1993,71,82.91,-0.4941
LAX,TYO,Tanker,Crude Oil,8839.0,15.15,319536.0,157508.0,14178.0,-690140.0,-48.6761,0.8112,1.1651,39,52.56,-0.2456
KHI,SAN,Tanker,Chemical,13337.2,24.86,475718.0,56026.0,186315.0,-718385.0,-3.8558,0.9772,1.1216,30,64.34,-0.2687
CPT,COL,LNG_Carrier,LNG,7888.4,10.05,812083.0,56742.0,20883.0,-998735.0,-47.8263,0.8162,0.9747,26,81.75,-0.5726
KHI,SGP,LNG_Carrier,LPG,4744.0,5.83,490016.0,71525.0,17689.0,-631233.0,-35.6848,0.7623,1.105,50,34.32,-0.1724
SHA,KHI,Tanker,Crude Oil,5340.0,8.65,177574.0,78963.0,17475.0,-368792.0,-21.1038,0.9808,1.1878,24,77.52,-0.2219
KHI,HAM,Tanker,Fuel Oil,5660.0,10.04,202246.0,88265.0,75373.0,-365664.0,-4.8514,0.9164,0.9792,68,89.21,-0.2499
SYD,HAM,LNG_Carrier,LPG,16284.4,19.51,1631120.0,108401.0,16840.0,-2015401.0,-119.6775,0.8253,0.9716,56,89.43,-0.9591
CPT,ANT,Reefer,Pharmaceuticals,9566.7,12.08,321662.0,92425.0,103100.0,-492180.0,-4.7738,0.8697,1.2348,45,41.65,-0.1352
JEA,COL,Container_Ship,Containers,3316.6,3.55,337129.0,59533.0,81881.0,-368093.0,-4.4955,0.8411,0.9013,66,43.87,-0.137
LAX,CPT,Container_Ship,Containers,16044.7,17.7,1830004.0,99044.0,92726.0,-2101798.0,-22.6668,0.8499,1.0103,59,39.4,-0.4437
SHA,MUM,LNG_Carrier,LPG,5043.9,6.45,548440.0,88722.0,19342.0,-714540.0,-36.9417,0.9973,0.9236,29,85.46,-0.4799
BUS,LAX,Reefer,Frozen Fish,9637.7,12.41,281235.0,105318.0,16692.0,-556034.0,-33.3114,0.9339,0.9929,22,80.8,-0.2955
SAN,NYK,Reefer,Frozen Fish,7737.9,10.5,224816.0,100887.0,21078.0,-462098.0,-21.9232,0.9997,1.1713,64,57.63,-0.1878
TYO,ANT,Bulk_Carrier,Iron Ore,9411.9,17.42,248397.0,142934.0,20257.0,-632343.0,-31.2161,0.9851,1.0386,43,59.56,-0.2497
SAN,NYK,LNG_Carrier,LPG,7737.9,9.19,792746.0,109503.0,21476.0,-1018562.0,-47.4287,0.8249,1.2397,26,36.93,-0.2653
NYK,KHI,Container_Ship,Machinery,11689.8,12.63,1394784.0,95766.0,218807.0,-1461136.0,-6.6777,0.9244,1.2329,48,54.5,-0.4882
LAX,SYD,Tanker,Crude Oil,12054.8,20.37,467099.0,123796.0,13844.0,-882613.0,-63.7558,0.8658,1.066,29,44.24,-0.2365
HOU,MUM,Container_Ship,Machinery,14456.2,16.64,1761018.0,105082.0,180053.0,-1935717.0,-10.7508,0.7724,1.2141,41,38.01,-0.4133
SHA,COL,LNG_Carrier,LPG,5092.6,6.1,505148.0,73498.0,18143.0,-652054.0,-35.939,0.7983,1.0823,26,53.45,-0.2734
LAX,KHI,Tanker,Crude Oil,13476.2,22.16,445162.0,93462.0,13262.0,-857799.0,-64.6804,0.8546,1.0346,26,75.72,-0.3759
HOU,LAX,Bulk_Carrier,Bauxite,2204.4,4.37,72793.0,123928.0,7710.0,-254493.0,-33.0097,0.8018,1.0683,26,75.81,-0.1724
RTM,NYK,Container_Ship,Auto Parts,5858.2,6.27,672549.0,149133.0,290423.0,-625272.0,-2.153,0.9876,1.0891,48,86.08,-0.4089
SGP,SAN,LNG_Carrier,LPG,15934.4,20.37,1383943.0,84969.0,19730.0,-1754695.0,-88.9344,0.8897,1.0561,55,82.72,-0.7802
SAN,COL,Reefer,Frozen Fish,13986.2,18.28,445613.0,61039.0,15885.0,-765015.0,-48.1587,0.7994,1.104,48,51.15,-0.2229
SYD,HOU,Container_Ship,Machinery,13818.5,15.17,1554425.0,131595.0,178177.0,-1735435.0,-9.74,0.9779,0.949,45,82.87,-0.8236
HAM,SGP,Container_Ship,Auto Parts,10154.8,10.98,1186400.0,112729.0,319166.0,-1144600.0,-3.5862,0.9969,1.1858,29,85.85,-0.6346
SHA,NYK,Tanker,Crude Oil,11860.8,19.14,405266.0,132543.0,11494.0,-813424.0,-70.767,0.7977,0.9606,62,31.91,-0.1582
RTM,HOU,Tanker,Chemical,8072.0,13.5,248895.0,140215.0,150363.0,-441287.0,-2.9348,0.8237,1.0738,67,31.14,-0.0957
LAX,NYK,Container_Ship,Electronics,3948.9,4.29,492085.0,140944.0,345022.0,-352308.0,-1.0211,0.9947,1.1562,30,41.88,-0.1216
HAM,BUS,Bulk_Carrier,Coal,8550.1,16.02,257122.0,110405.0,26847.0,-580979.0,-21.6401,0.9053,1.1768,41,51.24,-0.2037
SAN,HOU,LNG_Carrier,LNG,7942.5,10.13,775416.0,96807.0,23369.0,-1000848.0,-42.8276,0.7621,1.1682,57,40.38,-0.2828
RTM,SAN,Reefer,Frozen Fish,9775.5,13.83,301509.0,104076.0,17649.0,-595423.0,-33.7365,0.9599,1.0215,31,61.8,-0.2409
HOU,ANT,LNG_Carrier,LPG,8102.1,10.49,877647.0,139165.0,25034.0,-1149089.0,-45.9002,0.994,1.1993,68,78.71,-0.6292
LAX,LAG,Container_Ship,Containers,12430.0,13.66,1630091.0,96299.0,125369.0,-1805874.0,-14.4044,0.9488,1.2234,19,61.45,-0.6641
SGP,KHI,Reefer,Perishables,4744.0,5.99,125232.0,65563.0,9863.0,-270753.0,-27.4523,0.9368,0.9748,46,34.32,-0.074
CPT,HAM,Reefer,Perishables,9764.5,12.88,318253.0,96226.0,7757.0,-599858.0,-77.336,0.757,0.9488,39,39.95,-0.1569
ANT,MUM,LNG_Carrier,LPG,6885.8,9.15,715168.0,92891.0,18228.0,-927106.0,-50.8608,0.9041,0.9601,25,66.37,-0.4486
LAX,SHA,Bulk_Carrier,Grain,10457.0,21.0,294980.0,130872.0,38788.0,-702038.0,-18.0992,0.7738,0.9946,53,69.18,-0.3104
HOU,LAX,LNG_Carrier,LPG,2204.4,2.76,213285.0,122111.0,17024.0,-359713.0,-21.1294,0.8198,0.9889,27,51.4,-0.1652
CPT,HOU,LNG_Carrier,LNG,13853.3,18.47,1471798.0,103662.0,27161.0,-1825416.0,-67.2083,0.8786,1.1777,61,43.91,-0.4585
RTM,ANT,Bulk_Carrier,Coal,78.1,0.15,2211.0,120528.0,27665.0,-97324.0,-3.5179,0.9545,1.1502,46,31.24,-0.0303
JEA,TYO,Bulk_Carrier,Bauxite,7963.6,14.25,234072.0,115160.0,8708.0,-554211.0,-63.6424,0.8937,1.0826,65,88.24,-0.342
TYO,LAG,Reefer,Pharmaceuticals,13474.1,17.57,437771.0,104274.0,76820.0,-728808.0,-9.4872,0.7606,1.0521,45,65.6,-0.2767
TYO,HOU,Tanker,Fuel Oil,10740.5,20.02,414705.0,153382.0,77755.0,-790655.0,-10.1686,0.9008,1.0276,23,83.26,-0.4167
TYO,MUM,Bulk_Carrier,Bauxite,6733.0,13.69,181618.0,115696.0,6861.0,-495744.0,-72.2593,0.8255,0.9235,65,33.45,-0.1216
NYK,LAX,Reefer,Perishables,3948.9,5.28,119263.0,131994.0,10357.0,-320140.0,-30.9099,0.7774,1.2335,64,49.26,-0.13
TYO,SAN,LNG_Carrier,LPG,18591.0,22.53,1873815.0,123033.0,19017.0,-2315765.0,-121.7751,0.7911,1.1447,38,48.29,-0.558
TYO,HOU,LNG_Carrier,LNG,10740.5,13.17,1100340.0,135675.0,23872.0,-1409685.0,-59.0508,0.9318,0.976,54,71.58,-0.6387
COL,MUM,Reefer,Frozen Fish,1535.0,2.01,47008.0,53094.0,21056.0,-109219.0,-5.1871,0.9928,1.1783,64,72.72,-0.0733
SAN,KHI,LNG_Carrier,LPG,13337.2,15.87,1216870.0,59655.0,16273.0,-1498252.0,-92.0708,0.7842,0.9881,40,52.23,-0.4549
HOU,NYK,Bulk_Carrier,Coal,2277.1,4.63,67059.0,135148.0,26185.0,-245544.0,-9.3774,0.87,1.1944,48,59.39,-0.1299
KHI,ANT,Tanker,Chemical,5992.6,9.79,194122.0,77564.0,170524.0,-247951.0,-1.454,0.8066,1.2435,32,76.01,-0.1424
LAX,SAN,Tanker,Crude Oil,9942.3,16.64,340202.0,102683.0,11280.0,-681271.0,-60.3943,0.7642,0.9841,40,53.0,-0.235
LAX,RTM,Container_Ship,Electronics,8985.5,9.45,908668.0,127939.0,267854.0,-910509.0,-3.3993,0.8327,1.0722,54,86.41,-0.5298
MUM,SYD,Reefer,Pharmaceuticals,10150.5,12.77,293527.0,94381.0,80030.0,-499410.0,-6.2403,0.7657,1.0887,71,75.5,-0.2435
SHA,TYO,Bulk_Carrier,Iron Ore,1754.3,3.08,44069.0,132148.0,18029.0,-204321.0,-11.3327,0.9789,0.9302,30,72.13,-0.1346
BUS,SHA,LNG_Carrier,LNG,832.1,1.11,83173.0,102045.0,24229.0,-177671.0,-7.3328,0.9887,0.9335,65,40.69,-0.0692
SAN,SGP,Container_Ship,Auto Parts,15934.4,17.28,1756582.0,75560.0,218588.0,-1872810.0,-8.5677,0.8121,0.9969,69,49.88,-0.5021
ANT,HAM,Bulk_Carrier,Grain,453.6,0.82,12479.0,123853.0,44130.0,-104458.0,-2.367,0.8865,0.9877,48,54.18,-0.0552
SHA,LAG,Tanker,Chemical,12229.8,21.46,483151.0,92497.0,155976.0,-741619.0,-4.7547,0.782,1.1733,65,65.56,-0.2928
MUM,TYO,Tanker,Fuel Oil,6733.0,12.71,283606.0,121814.0,79866.0,-516275.0,-6.4643,0.9403,1.0111,20,46.57,-0.1763
HOU,LAG,Bulk_Carrier,Grain,10488.9,18.89,276690.0,99304.0,50392.0,-609019.0,-12.0857,0.8068,1.2393,54,46.64,-0.1814
HAM,SHA,LNG_Carrier,LNG,8527.4,10.79,905809.0,105984.0,19919.0,-1153739.0,-57.9211,0.7802,0.9726,64,37.84,-0.299
BUS,HAM,Bulk_Carrier,Iron Ore,8550.1,14.97,248398.0,105114.0,19020.0,-558980.0,-29.3895,0.9446,1.0169,21,43.61,-0.1668
SAN,KHI,Bulk_Carrier,Iron Ore,13337.2,27.13,386570.0,58975.0,15706.0,-836733.0,-53.2742,0.8264,0.9599,64,43.93,-0.2137
HOU,KHI,Bulk_Carrier,Grain,13656.9,24.12,357251.0,91640.0,51527.0,-759113.0,-14.7322,0.8265,1.237,37,34.85,-0.1523
SYD,JEA,Reefer,Perishables,12058.9,15.25,322341.0,99571.0,8516.0,-642073.0,-75.3957,0.7524,1.0481,25,57.43,-0.2233
CPT,SGP,Reefer,Pharmaceuticals,9665.9,12.62,317578.0,73817.0,91891.0,-488780.0,-5.3191,0.8824,1.0848,21,83.79,-0.2691
LAG,TYO,Bulk_Carrier,Bauxite,13474.1,23.68,370973.0,117412.0,8287.0,-835277.0,-100.7879,0.8888,1.036,55,66.61,-0.322
HAM,SGP,LNG_Carrier,LPG,10154.8,12.94,898803.0,110155.0,22374.0,-1180683.0,-52.77,0.9399,1.1335,56,86.4,-0.6589
LAX,KHI,Reefer,Refrigerated Goods,13476.2,18.93,494888.0,82583.0,12412.0,-848937.0,-68.3975,0.9209,0.9359,42,40.12,-0.1971
NYK,TYO,Reefer,Pharmaceuticals,10853.1,15.87,397183.0,141397.0,82878.0,-693820.0,-8.3716,0.7963,1.0842,35,68.11,-0.2979
HAM,BUS,LNG_Carrier,LNG,8550.1,10.85,902796.0,112748.0,24539.0,-1153811.0,-47.0197,0.8444,1.1071,56,61.73,-0.4872
LAX,CPT,Container_Ship,Machinery,16044.7,18.33,2182713.0,102178.0,158032.0,-2401786.0,-15.1981,0.9137,0.9008,57,87.52,-1.0
HOU,LAX,Tanker,Crude Oil,2204.4,4.14,79403.0,145701.0,15193.0,-272077.0,-17.9075,0.8704,1.1637,20,62.16,-0.1511
NYK,LAX,Bulk_Carrier,Bauxite,3948.9,7.69,115155.0,138912.0,7957.0,-361465.0,-45.4266,0.8528,1.0367,51,83.43,-0.2486
TYO,ANT,Reefer,Frozen Fish,9411.9,13.56,317948.0,146751.0,16156.0,-651991.0,-40.3569,0.8608,1.0427,68,69.16,-0.299
BUS,SAN,LNG_Carrier,LPG,18691.4,25.31,1930614.0,87205.0,18186.0,-2379348.0,-130.8376,0.7662,1.1303,38,36.6,-0.4334
TYO,SAN,Tanker,Crude Oil,18591.0,34.59,660703.0,117243.0,14296.0,-1282473.0,-89.7072,0.9725,0.98,43,34.67,-0.2219
SAN,SYD,Tanker,Chemical,13322.4,24.73,452993.0,97388.0,146248.0,-775089.0,-5.2998,0.8424,1.0212,20,30.23,-0.1363
RTM,HOU,Reefer,Pharmaceuticals,8072.0,11.38,262564.0,136371.0,89489.0,-480078.0,-5.3646,0.851,1.0954,41,50.31,-0.1682
COL,SAN,LNG_Carrier,LNG,13986.2,17.84,1308804.0,55260.0,29314.0,-1602413.0,-54.6632,0.9277,1.2038,35,53.34,-0.487
COL,KHI,LNG_Carrier,LPG,2418.3,3.17,235742.0,47810.0,18301.0,-312871.0,-17.0955,0.7729,1.1276,25,76.51,-0.2117
ANT,SGP,Reefer,Perishables,10551.1,13.74,319071.0,95227.0,12912.0,-607495.0,-47.0487,0.9839,1.2152,36,82.15,-0.3179
HAM,BUS,Bulk_Carrier,Bauxite,8550.1,16.64,268094.0,116242.0,7847.0,-626117.0,-79.7903,0.966,0.9026,46,60.99,-0.2613
BUS,ANT,Tanker,Crude Oil,8997.1,16.49,312977.0,110011.0,15433.0,-654920.0,-42.4351,0.8448,1.2179,42,73.98,-0.3261
SYD,HOU,Bulk_Carrier,Bauxite,13818.5,26.34,389446.0,137545.0,8640.0,-913408.0,-105.7209,0.9132,1.0512,38,75.85,-0.3967
LAG,NYK,Bulk_Carrier,Iron Ore,8481.1,16.29,261055.0,112306.0,20145.0,-597553.0,-29.6629,0.9525,1.0682,67,56.4,-0.2311
SYD,SHA,Bulk_Carrier,Iron Ore,7881.4,14.07,216543.0,110532.0,18332.0,-519802.0,-28.3545,0.8682,1.0665,19,86.85,-0.3167
TYO,LAG,Tanker,Chemical,13474.1,22.88,494697.0,112509.0,165992.0,-784389.0,-4.7255,0.985,0.9913,56,70.99,-0.3223
HOU,SGP,Tanker,Fuel Oil,16004.8,29.12,637648.0,105105.0,92431.0,-1087090.0,-11.7611,0.9458,1.1634,45,32.19,-0.1877
LAG,KHI,LNG_Carrier,LNG,7048.8,9.25,711108.0,56299.0,24840.0,-881270.0,-35.4776,0.8233,1.1494,37,41.81,-0.2669
RTM,BUS,Container_Ship,Containers,8936.6,10.52,1243194.0,115823.0,110214.0,-1406548.0,-12.762,0.848,1.2034,28,45.54,-0.4321
RTM,SHA,Reefer,Refrigerated Goods,8927.2,12.52,304759.0,115089.0,12672.0,-595026.0,-46.9556,0.9537,0.9227,52,50.29,-0.2019
BUS,HOU,Tanker,Fuel Oil,11424.5,20.41,433730.0,112698.0,81059.0,-771464.0,-9.5174,0.9482,1.0177,33,53.66,-0.256
ANT,HOU,Tanker,Fuel Oil,8102.1,13.97,269465.0,129611.0,81472.0,-527225.0,-6.4713,0.8411,1.1531,66,31.28,-0.1147
COL,JEA,Bulk_Carrier,Grain,3316.6,6.65,109652.0,69138.0,50154.0,-228450.0,-4.555,0.926,1.0746,48,30.51,-0.0591
TYO,KHI,Tanker,Chemical,6926.4,11.8,273304.0,110964.0,181049.0,-380196.0,-2.1,0.9309,1.1441,64,89.98,-0.249
ANT,HOU,Tanker,Crude Oil,8102.1,15.09,314682.0,135743.0,17820.0,-658984.0,-36.9799,0.9977,1.1907,59,88.11,-0.4039
SYD,NYK,Tanker,Crude Oil,15985.3,25.95,520192.0,121382.0,13889.0,-1016897.0,-73.218,0.7832,1.1822,19,86.61,-0.4727
HOU,HAM,Bulk_Carrier,Coal,8306.0,14.98,196413.0,124608.0,24475.0,-521255.0,-21.2975,0.9667,1.0046,20,84.76,-0.305
JEA,RTM,LNG_Carrier,LNG,5176.2,6.19,450687.0,101104.0,24636.0,-620055.0,-25.1683,0.7812,1.2013,49,40.0,-0.1938
HOU,SYD,LNG_Carrier,LPG,13818.5,19.2,1618853.0,117414.0,15979.0,-2008323.0,-125.6876,0.8106,0.9387,70,58.04,-0.6676
LAX,BUS,Tanker,Chemical,9637.7,18.18,422963.0,119188.0,156918.0,-657915.0,-4.1927,0.877,1.0525,36,44.87,-0.1942
MUM,SYD,Bulk_Carrier,Coal,10150.5,19.07,308358.0,88313.0,26366.0,-656365.0,-24.8947,0.8511,1.2294,40,66.91,-0.2837
MUM,HOU,Reefer,Frozen Fish,14456.2,21.19,465668.0,104260.0,15272.0,-872502.0,-57.131,0.7586,1.1185,29,89.24,-0.4373
SHA,RTM,Reefer,Frozen Fish,8927.2,12.06,308851.0,119542.0,15798.0,-593468.0,-37.5672,0.7819,1.1225,60,87.37,-0.3499
RTM,MUM,Bulk_Carrier,Iron Ore,6887.0,12.94,174096.0,84976.0,22885.0,-430293.0,-18.8024,0.928,1.2455,55,84.85,-0.2661
COL,NYK,Container_Ship,Containers,14086.8,15.48,1615908.0,102716.0,99843.0,-1850935.0,-18.5384,0.9976,0.9267,52,73.46,-0.7723
SAN,ANT,LNG_Carrier,LPG,9716.8,12.94,913022.0,90692.0,24903.0,-1172923.0,-47.099,0.9502,1.248,45,82.13,-0.6318
MUM,CPT,Reefer,Perishables,8227.2,10.56,246106.0,55441.0,11858.0,-448106.0,-37.7903,0.9329,1.1769,20,75.74,-0.235
SGP,SYD,Bulk_Carrier,Grain,6299.1,12.51,167856.0,110256.0,54474.0,-411259.0,-7.5497,0.9298,1.1625,43,42.87,-0.1316
NYK,HOU,Bulk_Carrier,Iron Ore,2277.1,4.26,61119.0,139367.0,18851.0,-245480.0,-13.0224,0.8935,1.0655,47,83.95,-0.1835
SYD,SGP,LNG_Carrier,LPG,6299.1,8.03,621552.0,94181.0,15528.0,-820627.0,-52.8484,0.7598,0.9732,56,58.66,-0.3592
SHA,NYK,Tanker,Fuel Oil,11860.8,21.18,435464.0,132636.0,69639.0,-816150.0,-11.7196,0.8416,0.985,64,61.25,-0.3047
TYO,HAM,Bulk_Carrier,Iron Ore,8979.6,18.11,291456.0,151079.0,23419.0,-690784.0,-29.4973,0.9465,1.2495,38,41.88,-0.1948
ANT,TYO,Reefer,Pharmaceuticals,9411.9,11.79,285526.0,150080.0,101314.0,-511070.0,-5.0444,0.9616,1.0975,20,72.37,-0.2452
ANT,NYK,Bulk_Carrier,Iron Ore,5881.5,11.68,155167.0,120039.0,15714.0,-434719.0,-27.6649,0.8481,0.9357,51,74.54,-0.2459
NYK,SHA,Reefer,Perishables,11860.8,14.94,348124.0,130153.0,11690.0,-690643.0,-59.0778,0.9804,1.1041,38,60.82,-0.2561
SAN,LAG,Bulk_Carrier,Coal,6362.4,11.29,161180.0,70292.0,19149.0,-381661.0,-19.9308,0.8173,0.9298,20,57.38,-0.163
SYD,JEA,Reefer,Pharmaceuticals,12058.9,16.33,348698.0,95533.0,80202.0,-609011.0,-7.5934,0.8726,0.9574,66,31.84,-0.1174
SHA,COL,Reefer,Pharmaceuticals,5092.6,6.46,144488.0,80334.0,85703.0,-236048.0,-2.7543,0.8247,1.0824,31,88.74,-0.1643
SAN,CPT,LNG_Carrier,LNG,6297.2,8.72,597106.0,63000.0,25508.0,-765411.0,-30.0064,0.9555,1.017,48,69.64,-0.3978
KHI,HAM,LNG_Carrier,LNG,5660.0,6.88,490206.0,85965.0,25255.0,-654095.0,-25.8992,0.9928,0.9691,52,79.94,-0.4005
LAG,SAN,Container_Ship,Containers,6362.4,6.9,674503.0,67263.0,98454.0,-746779.0,-7.585,0.968,0.9418,39,36.42,-0.2025
SAN,CPT,Container_Ship,Machinery,6297.2,6.7,652948.0,65466.0,153535.0,-665362.0,-4.3336,0.8103,0.9869,41,88.36,-0.4387
NYK,HOU,Tanker,Crude Oil,2277.1,4.21,92934.0,139304.0,14738.0,-280577.0,-19.0371,0.9105,1.0792,59,42.5,-0.1062
SGP,NYK,Reefer,Pharmaceuticals,15342.9,21.74,579340.0,116216.0,83955.0,-937718.0,-11.1693,0.775,1.1285,45,65.83,-0.3376
LAX,HOU,Container_Ship,Electronics,2204.4,2.43,233061.0,134113.0,324323.0,-79242.0,-0.2443,0.9591,1.1272,64,85.47,-0.0605
COL,SGP,LNG_Carrier,LPG,2732.3,3.73,256827.0,74075.0,20521.0,-366362.0,-17.8532,0.8954,1.0914,64,32.58,-0.104
KHI,NYK,Reefer,Refrigerated Goods,11689.8,15.52,374228.0,87433.0,11608.0,-682836.0,-58.8257,0.7867,1.0246,38,59.61,-0.2495
KHI,MUM,LNG_Carrier,LPG,893.2,1.23,88227.0,53985.0,21800.0,-138806.0,-6.3673,0.9696,1.0707,37,85.18,-0.1128
BUS,KHI,Container_Ship,Auto Parts,5990.8,6.78,690346.0,75631.0,282205.0,-585414.0,-2.0744,0.8903,1.174,29,69.82,-0.3088
HAM,NYK,Reefer,Refrigerated Goods,6125.8,8.98,225499.0,136551.0,10860.0,-485942.0,-44.7444,0.7795,0.9675,18,68.55,-0.2503
SYD,MUM,Tanker,Fuel Oil,10150.5,17.83,387460.0,95867.0,87980.0,-662773.0,-7.5333,0.9867,1.0615,57,72.01,-0.3083
COL,BUS,LNG_Carrier,LPG,5911.7,7.46,614151.0,80355.0,15773.0,-790666.0,-50.1288,0.7699,0.9756,26,77.73,-0.4659
JEA,TYO,Tanker,Fuel Oil,7963.6,13.28,256431.0,122294.0,70475.0,-507512.0,-7.2013,0.8882,0.9446,70,44.56,-0.1581
SHA,NYK,Tanker,Chemical,11860.8,21.01,451988.0,139110.0,187278.0,-719012.0,-3.8393,0.9666,1.1397,65,43.54,-0.1908
RTM,LAX,Container_Ship,Auto Parts,8985.5,9.98,1121573.0,121024.0,269912.0,-1122406.0,-4.1584,0.9478,1.0548,27,70.91,-0.5359
HOU,SYD,LNG_Carrier,LPG,13818.5,17.74,1392346.0,123136.0,19256.0,-1762332.0,-91.5206,0.9587,0.9564,23,34.17,-0.3448
NYK,HAM,Bulk_Carrier,Grain,6125.8,12.41,178187.0,125375.0,51201.0,-438515.0,-8.5646,0.9041,1.1237,71,30.64,-0.101
HOU,ANT,LNG_Carrier,LNG,8102.1,11.02,766415.0,123058.0,28413.0,-1026291.0,-36.1205,0.9834,1.1006,51,59.03,-0.4215
SYD,ANT,Container_Ship,Auto Parts,16725.3,19.37,1986795.0,119280.0,199444.0,-2197147.0,-11.0163,0.7523,0.9819,30,39.5,-0.4561
KHI,BUS,Container_Ship,Auto Parts,5990.8,6.49,722906.0,68353.0,280064.0,-608474.0,-2.1726,0.9871,1.0509,44,39.72,-0.1826
MUM,ANT,Tanker,Fuel Oil,6885.8,11.53,215063.0,96337.0,88797.0,-395519.0,-4.4542,0.9637,1.0969,25,61.94,-0.1786
TYO,JEA,LNG_Carrier,LPG,7963.6,10.22,807044.0,128144.0,21955.0,-1066481.0,-48.575,0.9434,1.1082,32,89.13,-0.6647
TYO,JEA,Reefer,Frozen Fish,7963.6,11.3,279799.0,122063.0,18981.0,-552326.0,-29.0993,0.8519,1.2378,18,73.8,-0.285
CPT,KHI,LNG_Carrier,LPG,8308.9,11.01,782151.0,46688.0,18397.0,-975543.0,-53.0261,0.8626,1.0156,28,39.8,-0.268
LAG,HAM,Bulk_Carrier,Iron Ore,5272.3,9.65,148053.0,93782.0,16980.0,-369569.0,-21.7654,0.931,0.9212,50,68.4,-0.1968
BUS,COL,Tanker,Chemical,5911.7,11.13,226504.0,71409.0,162031.0,-302796.0,-1.8688,0.9187,1.0375,58,78.46,-0.1801
JEA,HOU,Reefer,Perishables,13157.3,18.82,403601.0,104466.0,8929.0,-781384.0,-87.514,0.7731,1.0693,43,78.35,-0.3579
SHA,MUM,Reefer,Refrigerated Goods,5043.9,6.39,144963.0,84109.0,14913.0,-309985.0,-20.7861,0.9022,1.1479,20,45.5,-0.1109
ANT,RTM,LNG_Carrier,LPG,78.1,0.1,8208.0,116578.0,16142.0,-110127.0,-6.8225,0.7864,0.9775,32,58.59,-0.0643
TYO,LAX,Reefer,Perishables,8839.0,11.81,297911.0,159458.0,9397.0,-625158.0,-66.528,0.8473,1.0269,37,45.6,-0.193
ANT,RTM,Reefer,Refrigerated Goods,78.1,0.11,2607.0,108768.0,16726.0,-96286.0,-5.7568,0.9865,1.1773,25,68.72,-0.0659
SYD,KHI,Reefer,Perishables,11020.1,15.45,376407.0,79620.0,8822.0,-678925.0,-76.959,0.8287,0.9857,56,75.67,-0.3221
SAN,RTM,LNG_Carrier,LPG,9775.5,11.9,936626.0,96935.0,23023.0,-1189022.0,-51.644,0.9609,1.1409,52,64.05,-0.4985
HOU,ANT,Reefer,Refrigerated Goods,8102.1,10.5,229836.0,129426.0,14330.0,-502412.0,-35.0599,0.92,1.0817,29,77.59,-0.2712
ANT,HAM,Reefer,Refrigerated Goods,453.6,0.58,12429.0,119301.0,13209.0,-127194.0,-9.6294,0.9033,1.0155,59,68.21,-0.0847
COL,SGP,Tanker,Chemical,2732.3,4.95,97799.0,68120.0,153279.0,-86830.0,-0.5665,0.9658,0.9335,51,42.08,-0.0318
MUM,RTM,Container_Ship,Containers,6887.0,7.74,762619.0,101183.0,83809.0,-896080.0,-10.6919,0.7949,0.9762,29,48.16,-0.3146
COL,BUS,Tanker,Fuel Oil,5911.7,10.48,205626.0,80285.0,76436.0,-366618.0,-4.7964,0.7797,1.1671,31,49.08,-0.1364
SYD,KHI,Container_Ship,Machinery,11020.1,12.98,1330010.0,82095.0,180710.0,-1426122.0,-7.8917,0.858,1.097,64,35.39,-0.3165
LAG,BUS,Bulk_Carrier,Coal,12692.5,23.75,357718.0,72863.0,23779.0,-763115.0,-32.0921,0.7827,1.2056,50,86.82,-0.3931
JEA,COL,Reefer,Frozen Fish,3316.6,4.45,95153.0,58707.0,17391.0,-203175.0,-11.6824,0.8349,1.1572,70,47.66,-0.0821
NYK,SYD,Reefer,Frozen Fish,15985.3,21.39,515829.0,129573.0,16101.0,-950081.0,-59.008,0.778,1.1498,38,37.53,-0.1914
SYD,COL,Reefer,Perishables,8748.1,12.77,334341.0,89455.0,8239.0,-607177.0,-73.6965,0.7633,0.9995,49,54.14,-0.2233
RTM,SHA,Bulk_Carrier,Grain,8927.2,15.51,233820.0,118537.0,52260.0,-532713.0,-10.1935,0.8429,1.2302,66,51.13,-0.1838
ANT,SGP,Reefer,Pharmaceuticals,10551.1,13.5,295920.0,103207.0,91576.0,-509999.0,-5.5692,0.9655,0.988,48,81.91,-0.2661
SGP,SYD,Container_Ship,Machinery,6299.1,7.27,786280.0,108425.0,198362.0,-805405.0,-4.0603,0.9157,1.1282,54,32.35,-0.1944
KHI,TYO,Reefer,Frozen Fish,6926.4,9.2,233086.0,107668.0,16698.0,-462101.0,-27.6743,0.9584,0.9679,59,64.79,-0.2179
LAX,LAG,Reefer,Pharmaceuticals,12430.0,15.78,410125.0,88228.0,84337.0,-650721.0,-7.7157,0.7932,1.1076,60,43.78,-0.1705
JEA,TYO,LNG_Carrier,LNG,7963.6,10.23,756464.0,128099.0,28698.0,-1009372.0,-35.1725,0.971,1.1259,43,58.65,-0.414
SAN,JEA,Tanker,Crude Oil,12181.9,21.42,437929.0,68980.0,13835.0,-814388.0,-58.8642,0.9116,1.0117,66,86.41,-0.4245
BUS,LAX,Tanker,Fuel Oil,9637.7,15.93,357850.0,114660.0,69775.0,-641740.0,-9.1973,0.9138,0.909,43,57.31,-0.2419
ANT,KHI,Bulk_Carrier,Iron Ore,5992.6,10.52,167223.0,80681.0,19300.0,-386340.0,-20.0178,0.7905,1.233,40,48.39,-0.1412
CPT,LAX,Bulk_Carrier,Iron Ore,16044.7,30.03,500548.0,85601.0,16608.0,-1020038.0,-61.4174,0.7847,1.0689,69,81.93,-0.4478
LAG,SYD,Reefer,Frozen Fish,15517.5,20.55,518994.0,95980.0,17237.0,-906057.0,-52.5654,0.8532,1.1224,46,80.29,-0.3958
KHI,MUM,Reefer,Frozen Fish,893.2,1.15,27894.0,50855.0,17994.0,-77965.0,-4.3327,0.98,1.02,51,40.9,-0.0304
SAN,KHI,Bulk_Carrier,Coal,13337.2,23.4,340956.0,58930.0,19612.0,-731230.0,-37.285,0.828,0.9399,60,65.84,-0.2799
LAX,TYO,Reefer,Refrigerated Goods,8839.0,11.41,253168.0,140786.0,13059.0,-552061.0,-42.2729,0.9471,0.9576,24,44.78,-0.1674
ANT,SHA,Tanker,Chemical,8980.7,15.19,330032.0,123431.0,143906.0,-537412.0,-3.7345,0.8791,0.9629,43,59.92,-0.2169
CPT,MUM,Reefer,Refrigerated Goods,8227.2,12.01,268592.0,54991.0,13916.0,-489785.0,-35.1969,0.9698,0.9964,28,44.55,-0.1511
SAN,SYD,LNG_Carrier,LPG,13322.4,16.53,1310443.0,90178.0,18708.0,-1629873.0,-87.1212,0.9143,0.9744,67,31.61,-0.2996
TYO,HOU,Tanker,Crude Oil,10740.5,20.21,371093.0,139281.0,17045.0,-796455.0,-46.727,0.9271,1.2257,23,38.19,-0.1925
RTM,HAM,Bulk_Carrier,Grain,406.5,0.74,10098.0,112899.0,58726.0,-75319.0,-1.2825,0.9508,1.2255,45,42.84,-0.0316
LAG,SAN,Tanker,Fuel Oil,6362.4,10.45,218877.0,60688.0,82596.0,-353695.0,-4.2822,0.8993,1.0933,59,75.28,-0.1982
LAX,SAN,Reefer,Perishables,9942.3,13.46,324534.0,103912.0,9565.0,-620835.0,-64.9037,0.8978,0.9865,26,55.7,-0.225
HOU,HAM,Bulk_Carrier,Iron Ore,8306.0,15.38,218362.0,142693.0,18416.0,-573379.0,-31.1349,0.7942,1.1712,27,52.57,-0.2081
SGP,HAM,LNG_Carrier,LPG,10154.8,12.94,890440.0,108064.0,21097.0,-1171524.0,-55.5291,0.9187,1.0935,55,49.11,-0.3716
SHA,SAN,Bulk_Carrier,Coal,18568.6,36.03,505417.0,90404.0,24397.0,-1111906.0,-45.5754,0.8363,1.1577,32,89.29,-0.4958
NYK,MUM,Bulk_Carrier,Grain,12555.7,22.63,351857.0,112993.0,60846.0,-743387.0,-12.2175,0.9912,1.218,42,66.54,-0.2948
HAM,BUS,Bulk_Carrier,Bauxite,8550.1,16.35,231237.0,99878.0,8544.0,-567835.0,-66.4617,0.9656,0.9832,26,53.3,-0.2071
TYO,ANT,Container_Ship,Auto Parts,9411.9,11.27,1065330.0,143613.0,225708.0,-1152290.0,-5.1052,0.7505,1.1139,50,57.99,-0.443
SHA,JEA,LNG_Carrier,LNG,6458.3,8.87,742993.0,101190.0,30275.0,-946905.0,-31.277,0.9573,1.2047,25,78.21,-0.5491
LAX,NYK,Tanker,Chemical,3948.9,7.11,130166.0,137355.0,153546.0,-220650.0,-1.437,0.8354,1.0811,29,50.55,-0.0919
KHI,BUS,Bulk_Carrier,Iron Ore,5990.8,10.57,169192.0,78503.0,19526.0,-386771.0,-19.8079,0.8658,1.139,39,60.63,-0.1772
JEA,HOU,Tanker,Crude Oil,13157.3,22.6,521073.0,113476.0,12815.0,-960766.0,-74.9725,0.8982,0.9511,51,71.31,-0.4005
SYD,KHI,Reefer,Perishables,11020.1,13.82,307782.0,77887.0,10877.0,-582152.0,-53.5204,0.9838,1.0237,32,64.47,-0.2353
COL,SYD,LNG_Carrier,LNG,8748.1,11.43,952354.0,81122.0,26493.0,-1178455.0,-44.4814,0.9304,1.0848,47,47.77,-0.3823
NYK,SHA,Reefer,Perishables,11860.8,16.92,429494.0,117054.0,9016.0,-791353.0,-87.7719,0.8427,0.9906,69,57.29,-0.2764
SYD,JEA,Reefer,Perishables,12058.9,15.28,405980.0,87782.0,10162.0,-712746.0,-70.1349,0.8877,1.0601,55,75.12,-0.3243
LAG,TYO,Bulk_Carrier,Bauxite,13474.1,26.94,356657.0,114193.0,10297.0,-864600.0,-83.9643,0.9606,1.1911,36,58.73,-0.2939
SYD,TYO,Bulk_Carrier,Iron Ore,7825.8,15.3,209247.0,146470.0,14907.0,-570373.0,-38.2614,0.8011,0.9398,44,46.33,-0.1858
KHI,JEA,Bulk_Carrier,Coal,1207.1,2.25,36452.0,65593.0,20915.0,-114915.0,-5.4944,0.849,0.9775,66,59.48,-0.0642
LAX,RTM,Reefer,Frozen Fish,8985.5,12.6,325848.0,130683.0,14799.0,-630689.0,-42.6173,0.8098,1.0152,42,31.12,-0.1322
NYK,COL,LNG_Carrier,LNG,14086.8,16.81,1389010.0,108715.0,24137.0,-1725765.0,-71.4992,0.8336,1.103,36,70.99,-0.6959
SAN,SGP,Container_Ship,Machinery,15934.4,18.69,1945468.0,72567.0,186107.0,-2112280.0,-11.3498,0.9427,1.0283,27,32.87,-0.3732
LAX,SYD,LNG_Carrier,LNG,12054.8,15.88,1099666.0,132274.0,25226.0,-1444940.0,-57.2806,0.8127,1.1825,24,63.79,-0.5583
LAX,HOU,LNG_Carrier,LPG,2204.4,2.95,214285.0,134728.0,19831.0,-373472.0,-18.8331,0.8682,1.0877,52,89.6,-0.299
MUM,NYK,Container_Ship,Electronics,12555.7,13.27,1551200.0,102675.0,288464.0,-1564503.0,-5.4236,0.962,0.9996,32,44.57,-0.4156
LAG,JEA,Reefer,Pharmaceuticals,5856.7,7.63,160932.0,70602.0,76698.0,-269336.0,-3.5116,0.839,0.9523,65,66.99,-0.1371
KHI,ANT,Reefer,Refrigerated Goods,5992.6,8.72,195454.0,82088.0,14955.0,-393434.0,-26.3078,0.8872,1.1705,19,57.69,-0.1715
JEA,SYD,Container_Ship,Containers,12058.9,12.38,1231660.0,98957.0,86203.0,-1430088.0,-16.5897,0.8205,0.9728,23,34.96,-0.3028
NYK,SGP,Bulk_Carrier,Coal,15342.9,28.1,385963.0,121265.0,23981.0,-904799.0,-37.7304,0.8429,1.1289,62,78.72,-0.3896
RTM,LAX,Bulk_Carrier,Bauxite,8985.5,17.56,241579.0,120873.0,11157.0,-614647.0,-55.0909,0.9956,1.2452,67,71.58,-0.2962
SHA,ANT,LNG_Carrier,LPG,8980.7,10.85,796872.0,108223.0,23632.0,-1044221.0,-44.1869,0.9008,1.2493,47,68.25,-0.4799
ANT,MUM,Bulk_Carrier,Grain,6885.8,12.26,182259.0,97430.0,42799.0,-420771.0,-9.8313,0.8819,0.9629,20,78.41,-0.2405
JEA,LAX,Bulk_Carrier,Coal,13447.6,26.39,430960.0,101596.0,27975.0,-900452.0,-32.1882,0.9032,1.229,66,74.12,-0.3867
SHA,SYD,LNG_Carrier,LPG,7881.4,10.08,763791.0,107921.0,14738.0,-1008121.0,-68.4018,0.7729,0.908,71,65.76,-0.465
KHI,NYK,Tanker,Chemical,11689.8,19.45,440485.0,96717.0,190231.0,-638743.0,-3.3577,0.915,1.2229,19,57.93,-0.2269
LAG,MUM,Tanker,Crude Oil,7617.6,12.61,277313.0,63767.0,16162.0,-514059.0,-31.8057,0.8663,1.2437,45,89.52,-0.3261
SHA,SGP,LNG_Carrier,LPG,3810.3,4.73,378922.0,107524.0,21005.0,-536448.0,-25.5395,0.8296,1.2056,58,35.77,-0.1591
HOU,CPT,Reefer,Frozen Fish,13853.3,17.84,413120.0,96463.0,16982.0,-760129.0,-44.7621,0.9397,1.0039,62,59.97,-0.2608
KHI,MUM,Tanker,Chemical,893.2,1.44,26972.0,53447.0,138648.0,36617.0,0.2641,0.8331,0.979,63,34.46,0.012
HOU,HAM,Reefer,Perishables,8306.0,12.16,292265.0,133786.0,9580.0,-598857.0,-62.5114,0.8639,1.0267,27,39.69,-0.1641
ANT,LAX,Container_Ship,Containers,9036.9,9.34,936537.0,113787.0,108985.0,-1081468.0,-9.9231,0.9023,1.1184,23,43.84,-0.3186
NYK,LAG,Bulk_Carrier,Coal,8481.1,14.71,217394.0,99528.0,19961.0,-517598.0,-25.9301,0.8493,0.9326,31,44.0,-0.1562
HAM,LAX,LNG_Carrier,LPG,9100.3,11.7,913133.0,123623.0,18958.0,-1193331.0,-62.9454,0.8585,1.0516,52,74.5,-0.5961
JEA,SHA,Reefer,Perishables,6458.3,8.63,191091.0,91947.0,8610.0,-403856.0,-46.9041,0.7896,1.0096,26,65.43,-0.1959
SYD,BUS,Bulk_Carrier,Iron Ore,8015.7,16.28,252115.0,105040.0,20276.0,-581115.0,-28.6605,0.9776,1.0475,71,84.83,-0.344
NYK,CPT,Bulk_Carrier,Grain,12566.3,23.77,391099.0,107945.0,53203.0,-802336.0,-15.0808,0.8642,1.2215,59,69.91,-0.3342
HOU,SYD,LNG_Carrier,LNG,13818.5,16.97,1195241.0,137035.0,19932.0,-1566892.0,-78.6109,0.7637,0.9943,64,59.84,-0.537
NYK,MUM,Container_Ship,Machinery,12555.7,13.76,1575646.0,113695.0,174326.0,-1721462.0,-9.8749,0.804,1.1294,59,56.28,-0.5774
HOU,HAM,Reefer,Perishables,8306.0,10.69,250130.0,126514.0,9502.0,-527434.0,-55.5076,0.889,0.9896,51,67.21,-0.2447
SAN,JEA,Tanker,Fuel Oil,12181.9,20.31,373999.0,67161.0,73712.0,-672074.0,-9.1175,0.7522,1.1666,61,51.62,-0.2093
LAG,ANT,Bulk_Carrier,Grain,4978.7,8.82,129024.0,79203.0,54416.0,-286094.0,-5.2575,0.975,1.1074,49,44.44,-0.1002
COL,BUS,Reefer,Perishables,5911.7,7.49,166962.0,81193.0,8519.0,-352005.0,-41.3216,0.8609,0.9162,27,52.87,-0.1411
BUS,SAN,Tanker,Chemical,18691.4,33.57,715697.0,92361.0,164026.0,-1147609.0,-6.9965,0.8066,1.1963,36,62.38,-0.3563
MUM,SHA,Bulk_Carrier,Bauxite,5043.9,9.59,150567.0,93362.0,8706.0,-379037.0,-43.5359,0.9015,1.0731,28,35.41,-0.1055
COL,HAM,Bulk_Carrier,Iron Ore,8074.9,15.74,220960.0,91333.0,20653.0,-527695.0,-25.5508,0.9855,1.0584,35,67.78,-0.2491
HAM,SYD,Tanker,Chemical,16284.4,30.16,598719.0,123945.0,144553.0,-1030518.0,-7.129,0.7773,1.0939,68,44.85,-0.2459
SAN,CPT,Tanker,Chemical,6297.2,10.84,232579.0,68371.0,142844.0,-320738.0,-2.2454,0.9078,0.9256,50,87.06,-0.2084
RTM,SGP,Reefer,Perishables,10534.9,15.48,324172.0,117045.0,11023.0,-662357.0,-60.0887,0.9851,1.0361,30,48.36,-0.2042
SAN,HAM,Bulk_Carrier,Grain,10166.5,17.72,244955.0,96306.0,57926.0,-549166.0,-9.4804,0.9278,1.2387,58,85.15,-0.3019
NYK,COL,Bulk_Carrier,Iron Ore,14086.8,26.89,416891.0,97419.0,21678.0,-896052.0,-41.335,0.9834,1.1134,50,69.44,-0.3534
BUS,COL,Container_Ship,Machinery,5911.7,6.52,749901.0,68821.0,180092.0,-736458.0,-4.0894,0.7959,1.1785,56,66.88,-0.3734
SHA,BUS,Reefer,Perishables,832.1,1.18,26941.0,97807.0,9143.0,-133262.0,-14.5745,0.8656,0.9781,21,30.45,-0.0388
LAX,SYD,Reefer,Frozen Fish,12054.8,15.28,333214.0,113911.0,15565.0,-660742.0,-42.4511,0.7682,1.1256,53,70.37,-0.2816
NYK,JEA,Reefer,Pharmaceuticals,11017.6,15.43,391194.0,108662.0,108658.0,-622703.0,-5.7309,0.9702,1.1666,28,38.86,-0.1517
COL,CPT,LNG_Carrier,LNG,7888.4,10.2,737560.0,48138.0,26448.0,-912257.0,-34.4928,0.9875,1.0203,28,60.98,-0.3901
COL,CPT,Container_Ship,Containers,7888.4,8.29,832324.0,51122.0,94270.0,-913536.0,-9.6906,0.7884,1.1071,51,88.39,-0.5663
LAX,SHA,Container_Ship,Containers,10457.0,11.68,1270828.0,116255.0,116751.0,-1445515.0,-12.3812,0.9689,1.1157,28,83.74,-0.7736
RTM,SYD,LNG_Carrier,LNG,16689.6,21.44,1693006.0,109979.0,31748.0,-2092894.0,-65.9224,0.9679,1.2495,70,62.55,-0.6886
HOU,RTM,Bulk_Carrier,Bauxite,8072.0,14.11,184671.0,137249.0,8696.0,-524940.0,-60.3642,0.7904,1.2225,66,70.54,-0.2579
KHI,NYK,LNG_Carrier,LNG,11689.8,14.88,1247527.0,103931.0,24846.0,-1549739.0,-62.3736,0.7984,1.1855,34,77.16,-0.733
ANT,SHA,Bulk_Carrier,Iron Ore,8980.7,16.67,261944.0,103261.0,19551.0,-595669.0,-30.4678,0.9197,1.0736,42,83.52,-0.335
HAM,JEA,Bulk_Carrier,Bauxite,4892.2,8.72,135264.0,107077.0,8894.0,-364253.0,-40.957,0.9937,0.9944,63,41.6,-0.1199
LAX,CPT,Tanker,Chemical,16044.7,29.07,585252.0,86335.0,136593.0,-971066.0,-7.1092,0.8403,0.9562,51,38.64,-0.201
SGP,JEA,Reefer,Frozen Fish,5858.9,7.46,167896.0,90059.0,16406.0,-353478.0,-21.546,0.8248,1.1051,70,83.72,-0.2248
SGP,LAX,Tanker,Chemical,14141.5,24.88,567262.0,99497.0,151576.0,-888334.0,-5.8606,0.9219,0.9672,55,89.73,-0.452
SGP,JEA,LNG_Carrier,LNG,5858.9,6.99,514779.0,79366.0,29862.0,-669066.0,-22.4053,0.9745,1.1674,33,77.47,-0.3938
JEA,SHA,LNG_Carrier,LPG,6458.3,8.02,692767.0,94026.0,16131.0,-890890.0,-55.2272,0.7799,0.9849,29,31.52,-0.2082
SHA,HOU,Tanker,Fuel Oil,12195.4,23.03,432066.0,113749.0,68452.0,-822888.0,-12.0214,0.7561,1.0777,69,66.74,-0.3311
LAX,SYD,Container_Ship,Auto Parts,12054.8,12.37,1460347.0,132939.0,222358.0,-1556434.0,-6.9997,0.8314,0.9905,26,41.68,-0.393
RTM,COL,Container_Ship,Auto Parts,8401.4,8.77,874810.0,84800.0,306804.0,-784374.0,-2.5566,0.9431,1.2049,41,35.74,-0.1929
LAG,SAN,LNG_Carrier,LPG,6362.4,7.86,655668.0,70812.0,21846.0,-822493.0,-37.65,0.8756,1.1881,34,53.19,-0.3256
ANT,KHI,Reefer,Pharmaceuticals,5992.6,8.03,184202.0,85438.0,95148.0,-294980.0,-3.1002,0.8996,1.1018,44,39.57,-0.0882
BUS,LAX,Reefer,Refrigerated Goods,9637.7,13.72,319859.0,124506.0,14131.0,-636062.0,-45.0103,0.9068,1.0822,50,48.09,-0.2012
CPT,NYK,Bulk_Carrier,Bauxite,12566.3,23.84,355660.0,99326.0,10203.0,-802367.0,-78.6431,0.9845,1.1515,39,75.28,-0.3599
SYD,NYK,LNG_Carrier,LPG,15985.3,19.63,1598847.0,145196.0,19275.0,-2019217.0,-104.7607,0.9143,1.0039,35,43.53,-0.4718
CPT,HOU,Reefer,Pharmaceuticals,13853.3,18.18,418224.0,92962.0,77921.0,-705954.0,-9.0598,0.8353,0.9717,20,39.47,-0.1594
BUS,NYK,Tanker,Fuel Oil,11254.3,20.3,402815.0,123745.0,70322.0,-760700.0,-10.8174,0.8595,0.9741,22,67.15,-0.3177
JEA,HOU,Bulk_Carrier,Grain,13157.3,23.16,379777.0,107560.0,40970.0,-793729.0,-19.3733,0.8415,0.9661,40,32.14,-0.1491
MUM,SHA,Bulk_Carrier,Grain,5043.9,9.0,138343.0,84285.0,42810.0,-314855.0,-7.3548,0.8487,1.0008,60,83.72,-0.2072
JEA,HAM,Tanker,Crude Oil,4892.2,8.32,171007.0,100239.0,12468.0,-383524.0,-30.7614,0.8,1.039,38,87.79,-0.2663
SYD,ANT,Tanker,Crude Oil,16725.3,28.65,552406.0,120669.0,14010.0,-1088796.0,-77.7148,0.9745,0.9584,50,78.42,-0.4486
JEA,LAX,LNG_Carrier,LNG,13447.6,16.85,1297838.0,98877.0,27098.0,-1622296.0,-59.8679,0.9977,1.0347,43,62.75,-0.5898
HOU,KHI,Container_Ship,Containers,13656.9,15.04,1739694.0,94147.0,121458.0,-1937916.0,-15.9555,0.9634,1.1673,30,48.85,-0.5449
SGP,LAX,Bulk_Carrier,Grain,14141.5,24.65,408920.0,117784.0,50788.0,-845670.0,-16.6511,0.8979,1.1223,69,35.78,-0.1716
RTM,CPT,Tanker,Crude Oil,9642.1,15.77,346027.0,82565.0,16574.0,-648593.0,-39.1341,0.917,1.2048,53,63.76,-0.272
SHA,KHI,Tanker,Fuel Oil,5340.0,9.73,224436.0,71339.0,76591.0,-365089.0,-4.7668,0.8447,1.0794,20,48.47,-0.1374
ANT,LAX,Tanker,Crude Oil,9036.9,15.85,365052.0,134534.0,13865.0,-723399.0,-52.1733,0.7872,1.1742,61,49.88,-0.2425
MUM,NYK,Bulk_Carrier,Bauxite,12555.7,25.45,337071.0,104029.0,10378.0,-812452.0,-78.2896,0.9259,1.2453,51,58.33,-0.2824
JEA,NYK,Tanker,Chemical,11017.6,20.3,461192.0,119610.0,145311.0,-739988.0,-5.0924,0.8839,0.967,20,35.8,-0.1661
NYK,LAX,Tanker,Chemical,3948.9,7.43,153175.0,141742.0,154012.0,-252375.0,-1.6387,0.9332,0.9708,22,88.53,-0.1842
HAM,SYD,Tanker,Chemical,16284.4,26.5,517785.0,129517.0,149881.0,-894893.0,-5.9707,0.8169,1.0792,21,47.56,-0.2265
TYO,SHA,Reefer,Frozen Fish,1754.3,2.41,60022.0,127200.0,16207.0,-207230.0,-12.7862,0.9106,0.9888,25,70.2,-0.1329
HAM,LAX,Bulk_Carrier,Grain,9100.3,17.66,258783.0,126731.0,54060.0,-596297.0,-11.0302,0.8992,1.1928,71,86.6,-0.3463
RTM,JEA,Container_Ship,Machinery,5176.2,5.35,632281.0,102393.0,175494.0,-639394.0,-3.6434,0.8946,1.0218,48,87.55,-0.4375
SHA,SGP,Tanker,Fuel Oil,3810.3,6.88,137287.0,95593.0,78641.0,-257454.0,-3.2738,0.8605,1.088,42,38.49,-0.0822
JEA,SYD,Container_Ship,Auto Parts,12058.9,14.24,1337821.0,98060.0,225400.0,-1424006.0,-6.3177,0.883,0.9454,49,87.67,-0.7561
HOU,ANT,Container_Ship,Electronics,8102.1,8.44,959864.0,119335.0,284472.0,-921361.0,-3.2388,0.7654,1.2389,29,41.98,-0.2691
HOU,ANT,Reefer,Pharmaceuticals,8102.1,11.06,256307.0,138230.0,77713.0,-482732.0,-6.2117,0.8207,0.9863,30,40.83,-0.1371
LAX,SGP,Tanker,Crude Oil,14141.5,26.01,503253.0,111452.0,14895.0,-990017.0,-66.4646,0.9861,1.007,67,63.41,-0.356
SHA,CPT,Reefer,Pharmaceuticals,12978.3,18.97,441267.0,87754.0,91903.0,-721708.0,-7.8529,0.9247,1.0353,34,64.23,-0.2725
COL,CPT,Tanker,Fuel Oil,7888.4,12.88,255710.0,57707.0,100925.0,-405712.0,-4.0199,0.9716,1.2366,55,31.42,-0.0894
TYO,MUM,Tanker,Fuel Oil,6733.0,12.32,255813.0,115513.0,100557.0,-455610.0,-4.5309,0.9888,1.2107,50,88.49,-0.2957
CPT,SHA,Tanker,Fuel Oil,12978.3,21.29,452531.0,88634.0,90026.0,-770482.0,-8.5585,0.8802,1.2176,55,75.91,-0.3439
HOU,SGP,Reefer,Frozen Fish,16004.8,22.35,549216.0,111948.0,21246.0,-975217.0,-45.901,0.9633,1.2253,48,62.43,-0.3266
LAG,SYD,Bulk_Carrier,Coal,15517.5,28.38,469742.0,94290.0,20931.0,-968792.0,-46.2845,0.8125,1.0223,48,79.54,-0.4193
MUM,CPT,LNG_Carrier,LNG,8227.2,10.36,768511.0,61255.0,26476.0,-958735.0,-36.2117,0.9386,1.0746,36,62.4,-0.4142
KHI,MUM,Tanker,Chemical,893.2,1.67,31654.0,49671.0,133602.0,27180.0,0.2034,0.8576,0.9164,41,49.38,0.0128
JEA,CPT,LNG_Carrier,LPG,7606.3,10.49,872881.0,64470.0,21882.0,-1072816.0,-49.0283,0.8522,1.2226,60,82.04,-0.6239
LAX,SAN,Bulk_Carrier,Grain,9942.3,18.78,276066.0,98818.0,48445.0,-608104.0,-12.5524,0.8525,1.1276,41,48.03,-0.19
HAM,LAG,Container_Ship,Auto Parts,5272.3,5.66,616822.0,92511.0,248908.0,-545267.0,-2.1906,0.855,1.0782,49,48.41,-0.2055
SYD,MUM,Container_Ship,Machinery,10150.5,10.94,1168229.0,84795.0,208894.0,-1208230.0,-5.7839,0.9265,1.1743,47,75.5,-0.5892
MUM,BUS,Bulk_Carrier,Coal,5775.4,10.97,165311.0,89538.0,23629.0,-395781.0,-16.7495,0.9005,1.0413,29,55.08,-0.1662
JEA,TYO,Reefer,Pharmaceuticals,7963.6,10.71,227431.0,108360.0,99100.0,-397300.0,-4.0091,0.9608,1.0744,31,63.85,-0.1774
SYD,RTM,LNG_Carrier,LNG,16689.6,21.27,1750069.0,130847.0,26124.0,-2173834.0,-83.2121,0.8829,1.1272,21,78.63,-0.899
NYK,LAG,LNG_Carrier,LPG,8481.1,10.78,797088.0,103797.0,23004.0,-1039597.0,-45.1927,0.8959,1.2227,34,86.21,-0.6147
COL,SHA,Container_Ship,Containers,5092.6,5.27,598196.0,78586.0,98444.0,-657358.0,-6.6775,0.7564,1.205,41,85.59,-0.4413
RTM,CPT,Bulk_Carrier,Bauxite,9642.1,17.94,244021.0,93090.0,7650.0,-598610.0,-78.2479,0.8862,0.9591,66,87.93,-0.3461
JEA,SAN,Reefer,Frozen Fish,12181.9,16.8,404516.0,73474.0,19927.0,-710014.0,-35.6314,0.9827,1.1265,63,80.07,-0.343
LAX,SHA,Container_Ship,Containers,10457.0,11.75,1400221.0,128797.0,113947.0,-1591318.0,-13.9655,0.941,1.1212,47,71.4,-0.7262
JEA,SAN,Tanker,Chemical,12181.9,21.72,439275.0,68135.0,128244.0,-704980.0,-5.4972,0.8049,0.9372,46,61.78,-0.2627
SYD,SGP,Reefer,Perishables,6299.1,8.56,194376.0,96330.0,10706.0,-408406.0,-38.1468,0.9717,1.0202,40,53.9,-0.1643
RTM,CPT,Container_Ship,Electronics,9642.1,10.23,1018460.0,82302.0,255039.0,-999143.0,-3.9176,0.8934,0.9516,58,58.5,-0.3844
SAN,SGP,LNG_Carrier,LPG,15934.4,20.84,1577279.0,84662.0,20328.0,-1954197.0,-96.1312,0.8952,1.0814,59,40.41,-0.4245
SYD,SGP,Container_Ship,Auto Parts,6299.1,6.64,710361.0,108418.0,216220.0,-702196.0,-3.2476,0.7831,1.0226,70,40.01,-0.2097
KHI,LAX,Bulk_Carrier,Bauxite,13476.2,24.09,375099.0,84772.0,7817.0,-813353.0,-104.0513,0.92,0.9441,31,61.91,-0.2915
SHA,JEA,Reefer,Frozen Fish,6458.3,8.77,184696.0,101058.0,20457.0,-396918.0,-19.4023,0.9171,1.2392,21,36.66,-0.1079
NYK,MUM,Container_Ship,Auto Parts,12555.7,14.77,1769095.0,117307.0,254678.0,-1853278.0,-7.2769,0.8972,1.0513,44,76.43,-0.8441
JEA,HOU,Container_Ship,Auto Parts,13157.3,14.41,1628595.0,118575.0,224058.0,-1739201.0,-7.7623,0.7853,1.0567,44,76.8,-0.7809
BUS,SGP,Tanker,Fuel Oil,4583.4,7.46,136867.0,90059.0,78441.0,-260373.0,-3.3193,0.8038,1.1617,33,35.18,-0.0734
KHI,ANT,Reefer,Perishables,5992.6,8.01,197937.0,76381.0,10105.0,-384353.0,-38.037,0.9883,0.9467,63,30.0,-0.0871
JEA,MUM,Container_Ship,Auto Parts,1954.2,2.04,205738.0,65064.0,313309.0,11902.0,0.038,0.9964,1.1646,19,79.49,0.0086
HOU,CPT,LNG_Carrier,LNG,13853.3,19.25,1500034.0,97592.0,23046.0,-1863266.0,-80.8498,0.7792,1.1268,56,58.57,-0.6244
JEA,COL,Bulk_Carrier,Coal,3316.6,6.68,91212.0,65582.0,24125.0,-232837.0,-9.6512,0.9141,1.0473,33,83.67,-0.1652
SGP,KHI,Bulk_Carrier,Bauxite,4744.0,8.79,133652.0,63404.0,10686.0,-318173.0,-29.7757,0.9546,1.2438,23,53.51,-0.1355
MUM,KHI,Tanker,Crude Oil,893.2,1.63,34480.0,49365.0,10741.0,-97555.0,-9.0825,0.7771,0.9215,23,42.5,-0.0395
BUS,CPT,Container_Ship,Containers,13800.1,15.03,1590475.0,79915.0,116457.0,-1779402.0,-15.2795,0.8677,1.2427,29,48.46,-0.4941
SGP,MUM,Tanker,Crude Oil,3906.7,6.64,125602.0,82576.0,16332.0,-291497.0,-17.8477,0.9481,1.1484,19,75.14,-0.1809
HAM,TYO,Tanker,Fuel Oil,8979.6,16.1,343367.0,140782.0,78491.0,-647149.0,-8.2449,0.827,1.1298,46,58.2,-0.2537
CPT,JEA,Reefer,Pharmaceuticals,7606.3,10.67,283502.0,69453.0,79606.0,-433354.0,-5.4438,0.836,0.9919,34,45.27,-0.1391
HOU,SHA,Bulk_Carrier,Coal,12195.4,23.48,311059.0,131585.0,22759.0,-772109.0,-33.9253,0.7757,1.1642,69,75.14,-0.3498
HAM,JEA,Bulk_Carrier,Bauxite,4892.2,9.28,138318.0,103720.0,7665.0,-373627.0,-48.7453,0.7627,1.1166,51,51.58,-0.1524
ANT,SHA,Tanker,Chemical,8980.7,15.36,350069.0,111815.0,172707.0,-519649.0,-3.0089,0.9662,1.0515,49,74.17,-0.2596
SHA,NYK,Reefer,Refrigerated Goods,11860.8,15.72,357058.0,122466.0,14219.0,-701059.0,-49.3061,0.8088,1.2209,38,68.39,-0.2923
HOU,ANT,Container_Ship,Auto Parts,8102.1,9.57,1061222.0,124228.0,222614.0,-1106393.0,-4.97,0.86,0.9587,58,84.95,-0.6538
JEA,RTM,Bulk_Carrier,Grain,5176.2,9.39,153044.0,103555.0,51150.0,-346315.0,-6.7706,0.8218,1.2349,32,71.12,-0.1925
COL,ANT,Container_Ship,Machinery,8396.7,9.02,942833.0,83758.0,140784.0,-1021137.0,-7.2532,0.8128,0.9021,64,41.9,-0.2944
RTM,TYO,Tanker,Crude Oil,9345.2,16.1,342666.0,147949.0,13107.0,-719068.0,-54.8627,0.7838,1.1148,63,68.51,-0.3274
COL,CPT,Reefer,Frozen Fish,7888.4,10.88,228837.0,49292.0,20128.0,-421239.0,-20.9277,0.9365,1.1941,69,87.83,-0.2595
ANT,KHI,Reefer,Refrigerated Goods,5992.6,7.67,169082.0,82981.0,12997.0,-354071.0,-27.2432,0.835,1.0809,28,71.91,-0.1924
SGP,JEA,Container_Ship,Containers,5858.9,6.16,698791.0,88241.0,90960.0,-788440.0,-8.668,0.8965,0.9395,39,79.09,-0.4737
NYK,SYD,Tanker,Fuel Oil,15985.3,28.75,542089.0,125809.0,71645.0,-1027453.0,-14.341,0.8108,1.0519,20,65.05,-0.3588
LAX,SGP,Tanker,Crude Oil,14141.5,23.9,460886.0,106037.0,13456.0,-911950.0,-67.7715,0.869,1.0323,55,70.5,-0.3645
LAG,NYK,Container_Ship,Electronics,8481.1,9.3,975716.0,101635.0,249422.0,-967424.0,-3.8787,0.8158,1.0191,31,36.32,-0.241
ANT,SHA,Container_Ship,Auto Parts,8980.7,10.43,1034259.0,110401.0,240852.0,-1060251.0,-4.4021,0.8518,1.0472,19,49.63,-0.3544
JEA,CPT,Tanker,Crude Oil,7606.3,13.67,287698.0,60415.0,13452.0,-539698.0,-40.1201,0.8866,1.0115,40,64.69,-0.2475
SHA,KHI,Bulk_Carrier,Bauxite,5340.0,10.64,148255.0,80213.0,8414.0,-379698.0,-45.1274,0.7692,1.2154,64,69.87,-0.2059
BUS,NYK,LNG_Carrier,LNG,11254.3,13.36,1015881.0,117982.0,23516.0,-1310805.0,-55.7405,0.7816,1.1461,32,72.78,-0.5934
JEA,LAX,Reefer,Frozen Fish,13447.6,17.14,364103.0,96253.0,15475.0,-702045.0,-45.367,0.8371,1.027,52,81.04,-0.3296
SHA,RTM,Bulk_Carrier,Grain,8927.2,17.77,241216.0,107105.0,45050.0,-569870.0,-12.6497,0.812,1.1008,52,69.59,-0.2676
SHA,JEA,LNG_Carrier,LPG,6458.3,8.7,602738.0,91305.0,21647.0,-802928.0,-37.0916,0.874,1.1794,46,83.71,-0.4983
ANT,MUM,Reefer,Refrigerated Goods,6885.8,8.93,217275.0,98381.0,14862.0,-434776.0,-29.2545,0.9781,1.0552,50,89.37,-0.2832
TYO,HAM,Reefer,Refrigerated Goods,8979.6,12.1,253748.0,146482.0,16031.0,-565656.0,-35.2852,0.9663,1.1521,57,32.16,-0.1225
BUS,HOU,Bulk_Carrier,Grain,11424.5,21.0,305628.0,118201.0,43092.0,-695787.0,-16.1467,0.9489,0.901,38,40.89,-0.176
MUM,RTM,Bulk_Carrier,Iron Ore,6887.0,13.05,199671.0,86037.0,19418.0,-461988.0,-23.7915,0.9436,1.0393,30,71.74,-0.2416
SGP,TYO,Tanker,Fuel Oil,5314.4,10.01,232658.0,124596.0,71376.0,-435955.0,-6.1079,0.8521,0.9973,46,75.46,-0.2556
LAG,ANT,Tanker,Chemical,4978.7,8.29,181103.0,79288.0,167301.0,-217505.0,-1.3001,0.8939,1.1009,40,69.22,-0.1187
SHA,CPT,LNG_Carrier,LNG,12978.3,15.49,1182824.0,86886.0,22019.0,-1480078.0,-67.2195,0.8034,1.0441,56,33.26,-0.2895
JEA,BUS,Tanker,Crude Oil,7055.4,13.07,286362.0,87886.0,12323.0,-557975.0,-45.2807,0.7916,1.0378,68,78.26,-0.3162
MUM,JEA,Reefer,Perishables,1954.2,2.55,65815.0,68521.0,9515.0,-163103.0,-17.1421,0.8423,1.046,54,73.39,-0.1083
COL,HOU,Tanker,Crude Oil,15903.9,27.33,502147.0,94700.0,11079.0,-995730.0,-89.8732,0.8157,0.9055,20,83.15,-0.4454
KHI,TYO,Tanker,Fuel Oil,6926.4,11.65,222852.0,105886.0,69337.0,-434110.0,-6.2609,0.8033,1.0275,52,84.54,-0.2671
HAM,SGP,Container_Ship,Auto Parts,10154.8,11.37,1256138.0,100997.0,302596.0,-1225064.0,-4.0485,0.9941,1.1274,54,43.53,-0.3444
CPT,SYD,Container_Ship,Auto Parts,11011.7,11.8,1299484.0,88121.0,241573.0,-1323054.0,-5.4768,0.9937,0.9004,39,39.12,-0.3246
BUS,KHI,LNG_Carrier,LNG,5990.8,7.32,533056.0,75950.0,25668.0,-693143.0,-27.0039,0.8017,1.2196,42,36.67,-0.1921
HAM,LAG,Container_Ship,Electronics,5272.3,5.96,670978.0,84369.0,265198.0,-579595.0,-2.1855,0.9686,0.9127,32,64.2,-0.2896
CPT,HAM,Tanker,Crude Oil,9764.5,16.18,373202.0,85278.0,11955.0,-689299.0,-57.6572,0.8107,0.9832,59,63.29,-0.2857
LAG,KHI,Tanker,Chemical,7048.8,12.34,260968.0,50387.0,145286.0,-351218.0,-2.4174,0.927,0.9219,27,81.7,-0.2079
JEA,HOU,Bulk_Carrier,Grain,13157.3,26.43,377026.0,98487.0,41839.0,-830144.0,-19.8412,0.9127,0.9095,64,45.1,-0.2189
JEA,BUS,Container_Ship,Auto Parts,7055.4,7.57,831681.0,82277.0,257113.0,-770330.0,-2.9961,0.818,1.1642,59,51.74,-0.2886
SHA,SAN,LNG_Carrier,LPG,18568.6,25.13,1992527.0,95309.0,17988.0,-2446735.0,-136.0205,0.8502,1.0075,39,75.27,-0.9196
JEA,NYK,LNG_Carrier,LNG,11017.6,13.34,983276.0,106397.0,22740.0,-1267008.0,-55.7176,0.8313,1.0421,49,63.12,-0.5015
SAN,LAX,Tanker,Fuel Oil,9942.3,16.9,387092.0,95544.0,91964.0,-644137.0,-7.0042,0.9344,1.1717,60,78.78,-0.3302
TYO,SAN,LNG_Carrier,LNG,18591.0,23.73,1690948.0,106851.0,22242.0,-2131527.0,-95.8345,0.8168,1.0374,58,41.6,-0.4425
SYD,NYK,Bulk_Carrier,Grain,15985.3,29.27,392850.0,128082.0,48120.0,-911936.0,-18.9511,0.8006,1.1926,36,82.52,-0.4039
HAM,SYD,Tanker,Crude Oil,16284.4,29.64,544642.0,112937.0,14670.0,-1087507.0,-74.1309,0.8253,1.185,38,81.67,-0.4726
SAN,HOU,Container_Ship,Auto Parts,7942.5,9.24,1015764.0,103420.0,327384.0,-930356.0,-2.8418,0.98,1.2373,19,52.58,-0.3423
JEA,SYD,Container_Ship,Auto Parts,12058.9,12.43,1251935.0,86830.0,213050.0,-1312172.0,-6.159,0.7939,0.994,62,52.56,-0.4177
JEA,SHA,Container_Ship,Electronics,6458.3,6.7,749054.0,85280.0,281786.0,-653103.0,-2.3177,0.8194,1.1463,43,77.71,-0.3763
SYD,ANT,LNG_Carrier,LPG,16725.3,20.39,1679342.0,124913.0,20984.0,-2089065.0,-99.5563,0.9324,1.0717,37,71.52,-0.7851
LAX,LAG,Reefer,Pharmaceuticals,12430.0,15.9,354300.0,86049.0,72776.0,-606119.0,-8.3285,0.7664,0.9892,52,40.44,-0.1467
SGP,TYO,Tanker,Chemical,5314.4,8.95,165231.0,136877.0,185218.0,-251197.0,-1.3562,0.9285,1.1734,50,40.12,-0.0783
ANT,HAM,LNG_Carrier,LNG,453.6,0.57,46242.0,112272.0,25336.0,-141668.0,-5.5915,0.9686,0.9965,37,51.22,-0.0708
HOU,CPT,Container_Ship,Machinery,13853.3,15.62,1864566.0,95025.0,153119.0,-2040815.0,-13.3283,0.7695,1.0364,69,67.47,-0.7877
BUS,HOU,LNG_Carrier,LNG,11424.5,14.89,1147204.0,114527.0,24845.0,-1460235.0,-58.7742,0.931,1.0166,40,43.77,-0.3953
TYO,RTM,Bulk_Carrier,Iron Ore,9345.2,17.98,283436.0,147985.0,18242.0,-682835.0,-37.4325,0.8378,1.0997,57,80.01,-0.3631
ANT,SGP,Bulk_Carrier,Coal,10551.1,18.69,292407.0,104290.0,25648.0,-651399.0,-25.3977,0.9384,1.0846,34,67.14,-0.2786
NYK,RTM,Bulk_Carrier,Coal,5858.2,10.73,170669.0,127345.0,24254.0,-434709.0,-17.9233,0.823,1.1695,25,67.46,-0.2228
COL,HAM,Tanker,Chemical,8074.9,14.2,292652.0,85534.0,208667.0,-382498.0,-1.8331,0.9959,1.2325,45,80.94,-0.2156
NYK,COL,Tanker,Crude Oil,14086.8,22.82,434068.0,90748.0,15373.0,-851735.0,-55.4047,0.9005,1.1381,60,54.51,-0.2637
NYK,MUM,LNG_Carrier,LPG,12555.7,15.22,1279516.0,115302.0,15833.0,-1607278.0,-101.5146,0.7747,0.9732,53,41.27,-0.3953
CPT,HAM,Bulk_Carrier,Coal,9764.5,18.85,261309.0,93034.0,21779.0,-615281.0,-28.2508,0.9551,0.9049,22,72.07,-0.2904
SAN,TYO,Reefer,Perishables,18591.0,27.33,693518.0,108962.0,7487.0,-1204971.0,-160.9422,0.766,0.905,24,86.44,-0.5198
HAM,SYD,Bulk_Carrier,Coal,16284.4,28.38,381025.0,110540.0,23467.0,-893724.0,-38.0843,0.9091,1.0243,19,56.65,-0.2694
LAG,CPT,Tanker,Chemical,4761.1,8.8,163646.0,53927.0,131637.0,-217925.0,-1.6555,0.7742,1.0001,52,33.26,-0.0577
RTM,JEA,Reefer,Refrigerated Goods,5176.2,7.6,162576.0,103617.0,13349.0,-366803.0,-27.4781,0.808,1.1473,61,54.43,-0.156
NYK,SAN,Bulk_Carrier,Grain,7737.9,13.76,209006.0,110321.0,49126.0,-476586.0,-9.7013,0.8277,1.1776,52,75.24,-0.2529
CPT,HOU,LNG_Carrier,LPG,13853.3,16.6,1411828.0,102380.0,23699.0,-1739579.0,-73.4031,0.9257,1.219,37,39.37,-0.3918
COL,MUM,Reefer,Pharmaceuticals,1535.0,2.06,46325.0,55339.0,103271.0,-29300.0,-0.2837,0.9205,1.1687,68,42.16,-0.0114
HOU,JEA,LNG_Carrier,LNG,13157.3,18.15,1252183.0,105901.0,25006.0,-1605343.0,-64.1994,0.8348,1.1411,70,63.64,-0.5973
HAM,SAN,Reefer,Refrigerated Goods,10166.5,14.49,356716.0,91709.0,14736.0,-650973.0,-44.1764,0.9017,1.1349,20,71.11,-0.2989
COL,TYO,Container_Ship,Electronics,6846.1,7.4,877238.0,106986.0,224672.0,-870489.0,-3.8745,0.8059,0.9292,23,67.52,-0.4291
COL,LAG,Tanker,Fuel Oil,8435.8,15.56,315861.0,59190.0,91896.0,-516567.0,-5.6212,0.9924,1.1024,67,76.82,-0.2727
SYD,HOU,Tanker,Fuel Oil,13818.5,24.31,536770.0,119160.0,74527.0,-946022.0,-12.6936,0.7608,1.1661,45,32.77,-0.1775
SHA,SYD,Bulk_Carrier,Iron Ore,7881.4,15.16,204231.0,118507.0,21119.0,-529002.0,-25.0486,0.8753,1.2186,38,62.79,-0.233
JEA,NYK,Bulk_Carrier,Coal,11017.6,20.02,283417.0,111516.0,18798.0,-676478.0,-35.9869,0.8106,0.9202,49,68.93,-0.2924
CPT,KHI,Container_Ship,Containers,8308.9,9.4,969087.0,45812.0,109986.0,-1045921.0,-9.5095,0.8577,1.1873,26,32.7,-0.2361
HAM,LAX,Container_Ship,Electronics,9100.3,9.35,1114253.0,136140.0,231019.0,-1159670.0,-5.0198,0.8178,0.9417,31,83.93,-0.6526
NYK,LAX,Bulk_Carrier,Grain,3948.9,7.76,108176.0,143668.0,43885.0,-324308.0,-7.39,0.8285,1.051,23,58.14,-0.1554
HAM,NYK,LNG_Carrier,LPG,6125.8,8.08,569586.0,145857.0,21143.0,-815478.0,-38.5694,0.9992,1.0076,26,55.56,-0.3405
JEA,BUS,Reefer,Pharmaceuticals,7055.4,10.19,225818.0,93369.0,113161.0,-358948.0,-3.172,0.999,1.1799,25,87.6,-0.2277
NYK,HOU,Bulk_Carrier,Iron Ore,2277.1,4.14,61176.0,154372.0,15945.0,-261719.0,-16.4142,0.7589,1.0611,60,47.23,-0.1101
KHI,HOU,LNG_Carrier,LNG,13656.9,18.29,1541822.0,96357.0,23338.0,-1889173.0,-80.9492,0.8741,1.0171,22,64.76,-0.7042
CPT,ANT,Container_Ship,Machinery,9566.7,9.85,1125027.0,92952.0,168009.0,-1197651.0,-7.1285,0.7547,1.1595,41,78.35,-0.6187
CPT,JEA,Bulk_Carrier,Grain,7606.3,14.44,222697.0,71067.0,51775.0,-458620.0,-8.858,0.8852,1.1605,71,72.88,-0.2369
MUM,TYO,LNG_Carrier,LPG,6733.0,8.09,561903.0,114853.0,20424.0,-777726.0,-38.0781,0.8763,1.1099,52,44.63,-0.2546
NYK,SGP,Container_Ship,Electronics,15342.9,16.09,1727586.0,115204.0,328064.0,-1756142.0,-5.353,0.9765,1.1199,56,40.65,-0.3904
LAG,SGP,Tanker,Crude Oil,11147.2,20.83,485455.0,68848.0,12266.0,-854423.0,-69.6594,0.8191,0.9983,46,43.25,-0.2307
LAX,MUM,LNG_Carrier,LPG,14043.2,18.89,1563771.0,98215.0,22282.0,-1923041.0,-86.3038,0.8818,1.2033,59,51.59,-0.5643
ANT,SYD,Bulk_Carrier,Coal,16725.3,33.6,526811.0,120703.0,27714.0,-1123751.0,-40.5483,0.9589,1.1469,21,60.15,-0.3552
NYK,TYO,Reefer,Frozen Fish,10853.1,15.34,342270.0,148651.0,16263.0,-704813.0,-43.3397,0.9791,0.9227,46,42.86,-0.1904
KHI,TYO,Container_Ship,Containers,6926.4,7.34,875524.0,104875.0,127434.0,-963130.0,-7.5579,0.9755,1.2095,50,51.29,-0.3595
CPT,SYD,Container_Ship,Containers,11011.7,11.64,1323947.0,85824.0,112713.0,-1471669.0,-13.0568,0.9497,1.099,48,52.07,-0.4806
RTM,HAM,Reefer,Refrigerated Goods,406.5,0.57,12837.0,132550.0,13907.0,-140015.0,-10.0678,0.9158,1.0546,34,38.24,-0.0524
COL,KHI,Container_Ship,Containers,2418.3,2.9,306408.0,47648.0,102107.0,-295522.0,-2.8942,0.8901,1.0622,61,57.3,-0.1498
BUS,HAM,Container_Ship,Containers,8550.1,9.85,933823.0,103889.0,117528.0,-1067960.0,-9.0868,0.9659,1.1266,35,45.89,-0.3353
RTM,ANT,Bulk_Carrier,Bauxite,78.1,0.14,2169.0,116787.0,8419.0,-112603.0,-13.375,0.9875,0.9473,19,88.1,-0.0988
JEA,RTM,Container_Ship,Electronics,5176.2,5.75,554307.0,108297.0,230157.0,-518707.0,-2.2537,0.754,1.0175,36,64.59,-0.2619
MUM,SYD,Tanker,Crude Oil,10150.5,17.75,355963.0,97510.0,15416.0,-704372.0,-45.6907,0.8511,1.2075,54,54.55,-0.2482
JEA,SYD,Tanker,Fuel Oil,12058.9,20.18,413480.0,89607.0,93442.0,-712395.0,-7.6239,0.9244,1.2034,64,48.77,-0.2104
SHA,LAG,Container_Ship,Containers,12229.8,14.64,1540124.0,89235.0,86940.0,-1761948.0,-20.2663,0.7781,1.0345,61,75.38,-0.7999
ANT,RTM,Tanker,Fuel Oil,78.1,0.14,2704.0,131568.0,70821.0,-65535.0,-0.9254,0.7998,1.0541,25,46.34,-0.0302
LAX,LAG,Tanker,Crude Oil,12430.0,23.28,481942.0,97986.0,13312.0,-915870.0,-68.8027,0.7961,1.1147,47,78.4,-0.4296
COL,MUM,Container_Ship,Auto Parts,1535.0,1.8,187591.0,51885.0,292601.0,26108.0,0.0892,0.9816,1.104,52,55.75,0.0134
BUS,SAN,Reefer,Frozen Fish,18691.4,25.55,658164.0,82154.0,20324.0,-1103215.0,-54.2806,0.9632,1.1723,21,31.96,-0.1755
SHA,LAX,LNG_Carrier,LPG,10457.0,13.41,911293.0,121701.0,15421.0,-1218692.0,-79.0289,0.8001,0.9178,18,82.8,-0.6449
RTM,KHI,Tanker,Fuel Oil,5993.9,10.51,218154.0,77384.0,81007.0,-372122.0,-4.5937,0.8647,1.1153,39,45.22,-0.1271
CPT,MUM,Reefer,Perishables,8227.2,11.64,281630.0,59273.0,11578.0,-503942.0,-43.527,0.9642,1.1119,28,76.73,-0.2677
JEA,HAM,Bulk_Carrier,Iron Ore,4892.2,8.54,113256.0,92892.0,18467.0,-315757.0,-17.0987,0.7963,1.1712,69,35.15,-0.0878
KHI,JEA,Bulk_Carrier,Coal,1207.1,2.16,34926.0,55368.0,21171.0,-101530.0,-4.7958,0.7504,1.1196,67,58.27,-0.0555
RTM,MUM,LNG_Carrier,LPG,6887.0,9.18,681466.0,88329.0,20520.0,-886973.0,-43.2258,0.9327,1.0476,67,69.23,-0.4476
HOU,SYD,Bulk_Carrier,Bauxite,13818.5,25.56,353490.0,138076.0,7352.0,-867576.0,-117.9982,0.8452,0.9666,25,69.7,-0.3463
TYO,CPT,LNG_Carrier,LNG,14727.6,19.42,1551978.0,99557.0,31966.0,-1910938.0,-59.7803,0.9976,1.2207,30,47.02,-0.5005
MUM,SYD,Bulk_Carrier,Bauxite,10150.5,18.6,260364.0,86162.0,8156.0,-617440.0,-75.7077,0.9658,0.9382,36,49.29,-0.1966
HAM,SGP,Bulk_Carrier,Bauxite,10154.8,20.61,278808.0,113569.0,7849.0,-693673.0,-88.3798,0.7962,1.0954,49,43.99,-0.1971
JEA,RTM,Container_Ship,Auto Parts,5176.2,5.36,620557.0,108586.0,240772.0,-568828.0,-2.3625,0.8009,1.1134,59,52.54,-0.2336
CPT,COL,Tanker,Crude Oil,7888.4,13.45,269762.0,50846.0,16279.0,-506076.0,-31.0886,0.9475,1.1453,57,44.32,-0.1573
MUM,HAM,LNG_Carrier,LNG,6551.7,8.63,599532.0,93313.0,22436.0,-799886.0,-35.6523,0.7703,1.1095,35,76.62,-0.4527
COL,SAN,Container_Ship,Auto Parts,13986.2,15.45,1606151.0,55427.0,244832.0,-1648481.0,-6.7331,0.7985,1.1356,21,74.36,-0.6984
JEA,NYK,Bulk_Carrier,Grain,11017.6,19.83,298065.0,107753.0,53374.0,-649833.0,-12.1751,0.9652,1.0972,58,34.56,-0.1408
JEA,SAN,Reefer,Frozen Fish,12181.9,15.7,398350.0,74011.0,15187.0,-692690.0,-45.6108,0.8015,1.0527,48,32.08,-0.1341
HOU,KHI,Container_Ship,Containers,13656.9,14.98,1670861.0,88836.0,95490.0,-1888875.0,-19.7808,0.7601,1.1632,70,57.25,-0.6224
BUS,LAG,Container_Ship,Electronics,12692.5,14.9,1405335.0,82510.0,293684.0,-1417695.0,-4.8273,0.9936,0.9852,64,87.72,-0.7379
SGP,ANT,Bulk_Carrier,Iron Ore,10551.1,19.38,281806.0,99307.0,19169.0,-652640.0,-34.0465,0.9686,0.9996,35,47.44,-0.1972
ANT,CPT,Tanker,Crude Oil,9566.7,16.34,315795.0,83746.0,13695.0,-630895.0,-46.0684,0.8543,1.0686,49,69.43,-0.2888
CPT,JEA,LNG_Carrier,LPG,7606.3,10.44,779375.0,70987.0,17898.0,-989016.0,-55.258,0.9467,0.9003,21,52.94,-0.3711
SGP,SAN,LNG_Carrier,LNG,15934.4,21.63,1586511.0,78045.0,27205.0,-1961869.0,-72.115,0.866,1.1968,33,83.57,-0.8813
HAM,LAG,Tanker,Chemical,5272.3,8.74,176227.0,95972.0,199000.0,-204351.0,-1.0269,0.9748,1.2009,66,72.98,-0.1161
JEA,ANT,Reefer,Frozen Fish,5160.9,6.63,161752.0,104944.0,20039.0,-346079.0,-17.2702,0.9647,1.154,25,85.35,-0.231
NYK,MUM,Tanker,Fuel Oil,12555.7,22.22,485469.0,108008.0,84595.0,-842201.0,-9.9556,0.8438,1.1936,55,66.74,-0.335
JEA,CPT,LNG_Carrier,LNG,7606.3,9.76,825608.0,71237.0,25493.0,-1017749.0,-39.9231,0.9692,1.0021,51,54.08,-0.3902
COL,SGP,Bulk_Carrier,Coal,2732.3,4.9,75711.0,70972.0,21601.0,-198595.0,-9.1938,0.9273,0.9243,20,31.97,-0.0553
ANT,LAX,Bulk_Carrier,Iron Ore,9036.9,17.69,266433.0,127134.0,19646.0,-639198.0,-32.5366,0.9296,1.0673,69,82.89,-0.3561
NYK,LAG,Container_Ship,Electronics,8481.1,8.95,844582.0,114854.0,236835.0,-856899.0,-3.6181,0.7749,1.0188,69,73.38,-0.4313
LAG,LAX,Container_Ship,Electronics,12430.0,14.27,1345580.0,88373.0,281212.0,-1366744.0,-4.8602,0.7732,1.2123,65,36.82,-0.3011
KHI,SYD,LNG_Carrier,LNG,11020.1,13.85,1130394.0,75045.0,25816.0,-1387332.0,-53.7392,0.8116,1.2117,24,58.56,-0.5093
JEA,LAX,Reefer,Frozen Fish,13447.6,17.72,416965.0,111907.0,15387.0,-779284.0,-50.6457,0.7967,1.073,53,45.05,-0.2034
SHA,LAG,LNG_Carrier,LNG,12229.8,14.74,1212707.0,88842.0,31312.0,-1491371.0,-47.6293,0.9855,1.2104,48,44.36,-0.3984
ANT,NYK,Tanker,Chemical,5881.5,11.07,238118.0,141685.0,162629.0,-383213.0,-2.3564,0.8093,1.1821,18,73.25,-0.213
COL,SGP,LNG_Carrier,LNG,2732.3,3.26,230124.0,69731.0,24106.0,-324684.0,-13.4687,0.8763,1.0479,49,42.32,-0.1197
MUM,JEA,Reefer,Pharmaceuticals,1954.2,2.62,68977.0,72340.0,111915.0,-68679.0,-0.6137,0.9563,1.2191,64,41.25,-0.0256
SHA,CPT,Container_Ship,Machinery,12978.3,13.92,1371164.0,82411.0,156637.0,-1505764.0,-9.6131,0.8221,0.9924,42,69.83,-0.6182
CPT,RTM,Tanker,Chemical,9642.1,18.15,359426.0,94238.0,202408.0,-523451.0,-2.5861,0.9707,1.2266,56,37.74,-0.1299
LAX,NYK,Container_Ship,Machinery,3948.9,4.4,444965.0,133182.0,145487.0,-498592.0,-3.4271,0.8124,0.9328,22,83.9,-0.3448
HAM,CPT,Container_Ship,Auto Parts,9764.5,11.4,1108485.0,92149.0,315354.0,-1056287.0,-3.3495,0.9803,1.1915,18,48.71,-0.3369
CPT,KHI,Tanker,Crude Oil,8308.9,15.67,313891.0,54612.0,14509.0,-588976.0,-40.595,0.9039,1.0701,36,32.1,-0.1305
NYK,HAM,Tanker,Chemical,6125.8,10.47,220186.0,133883.0,168445.0,-342663.0,-2.0343,0.8558,1.1578,36,60.85,-0.1567
SAN,HOU,Reefer,Refrigerated Goods,7942.5,10.36,223940.0,114206.0,14207.0,-479318.0,-33.7377,0.8412,1.1729,48,34.82,-0.1168
LAG,LAX,Bulk_Carrier,Bauxite,12430.0,25.22,364161.0,89901.0,8780.0,-823568.0,-93.796,0.9464,1.0308,51,51.11,-0.2519
HOU,SYD,LNG_Carrier,LNG,13818.5,16.82,1185238.0,133802.0,27581.0,-1543797.0,-55.9742,0.8764,1.1988,19,59.52,-0.5262
SAN,SHA,Container_Ship,Containers,18568.6,20.32,2197675.0,97440.0,91252.0,-2508655.0,-27.4915,0.916,0.9224,30,61.62,-0.7719
JEA,COL,Tanker,Crude Oil,3316.6,5.45,104356.0,66840.0,12640.0,-240264.0,-19.0083,0.7916,1.0645,43,40.96,-0.0835
JEA,LAX,Reefer,Frozen Fish,13447.6,17.98,401561.0,109790.0,15635.0,-765472.0,-48.958,0.8529,1.0184,46,84.59,-0.3751
KHI,LAX,Reefer,Refrigerated Goods,13476.2,18.73,461999.0,79172.0,15653.0,-806418.0,-51.5187,0.9844,1.1042,25,55.77,-0.2603
SYD,HAM,Container_Ship,Auto Parts,16284.4,17.58,1843531.0,109336.0,264829.0,-1951710.0,-7.3697,0.8781,1.117,40,58.67,-0.6093
MUM,SGP,Reefer,Frozen Fish,3906.7,5.3,115641.0,71463.0,13075.0,-253553.0,-19.3923,0.7544,0.9629,36,76.86,-0.1609
JEA,NYK,Tanker,Crude Oil,11017.6,17.73,383597.0,119464.0,14274.0,-754774.0,-52.8764,0.8967,1.0612,49,40.9,-0.1935
NYK,SGP,Container_Ship,Auto Parts,15342.9,17.87,2025108.0,114197.0,284712.0,-2122680.0,-7.4555,0.9359,1.1267,36,74.29,-0.8625
SAN,NYK,LNG_Carrier,LPG,7737.9,10.57,824575.0,115148.0,22049.0,-1076290.0,-48.8126,0.9833,1.0678,40,47.66,-0.3618
MUM,SGP,Bulk_Carrier,Iron Ore,3906.7,7.87,110976.0,72174.0,17444.0,-283690.0,-16.2633,0.8258,1.0669,38,53.92,-0.1263
SYD,LAG,Tanker,Fuel Oil,15517.5,27.58,528161.0,92567.0,84533.0,-949896.0,-11.237,0.9519,1.0572,45,89.8,-0.4641
MUM,KHI,LNG_Carrier,LPG,893.2,1.14,79975.0,54456.0,17238.0,-134261.0,-7.7886,0.7674,1.0697,39,74.67,-0.0956
MUM,SHA,LNG_Carrier,LPG,5043.9,6.04,496840.0,88724.0,18569.0,-657539.0,-35.4104,0.8981,0.9846,57,38.16,-0.1972
HAM,LAX,Container_Ship,Auto Parts,9100.3,10.44,1202862.0,124628.0,236804.0,-1247353.0,-5.2675,0.8703,1.0078,63,84.69,-0.7083
NYK,HAM,Container_Ship,Containers,6125.8,6.94,771433.0,134610.0,117798.0,-892365.0,-7.5754,0.9901,1.1016,39,86.59,-0.5807
HOU,SAN,Container_Ship,Containers,7942.5,8.48,888673.0,106939.0,95427.0,-1027457.0,-10.7669,0.9702,0.9107,38,65.66,-0.4722
RTM,HAM,Bulk_Carrier,Coal,406.5,0.77,12135.0,112983.0,20641.0,-115971.0,-5.6184,0.8675,0.9442,37,59.5,-0.0675
LAX,SGP,Tanker,Chemical,14141.5,25.73,523978.0,104781.0,134472.0,-880223.0,-6.5458,0.7843,1.0085,35,47.67,-0.2379
TYO,MUM,Container_Ship,Auto Parts,6733.0,7.74,860173.0,119794.0,315125.0,-780938.0,-2.4782,0.9374,1.2451,40,77.29,-0.4426
MUM,BUS,Tanker,Fuel Oil,5775.4,9.85,229577.0,82154.0,69945.0,-389503.0,-5.5687,0.7996,1.0413,40,43.28,-0.1285
COL,TYO,LNG_Carrier,LPG,6846.1,9.13,729836.0,109647.0,17994.0,-958510.0,-53.267,0.7631,1.1229,30,73.07,-0.5114
LAG,ANT,Reefer,Refrigerated Goods,4978.7,7.31,187300.0,80960.0,15399.0,-362512.0,-23.5418,0.9269,1.1536,36,34.32,-0.0981
JEA,ANT,Container_Ship,Machinery,5160.9,6.15,714845.0,98866.0,191996.0,-713978.0,-3.7187,0.9932,1.0068,25,77.77,-0.4343
TYO,SYD,Container_Ship,Containers,7825.8,8.43,899679.0,143057.0,101388.0,-1067738.0,-10.5312,0.8698,1.0793,26,39.59,-0.2972
HAM,HOU,Reefer,Perishables,8306.0,11.21,271629.0,126032.0,8866.0,-556986.0,-62.8235,0.7811,1.0509,49,73.35,-0.282
LAG,RTM,Reefer,Frozen Fish,5056.8,6.68,172975.0,96491.0,20513.0,-349218.0,-17.0245,0.9132,1.2479,68,31.27,-0.0858
MUM,RTM,Reefer,Frozen Fish,6887.0,9.56,226832.0,92506.0,16541.0,-446156.0,-26.972,0.8009,1.1474,58,44.41,-0.1444
MUM,CPT,Reefer,Refrigerated Goods,8227.2,12.02,303977.0,61011.0,14491.0,-530761.0,-36.6281,0.9885,1.018,52,84.51,-0.3106
SGP,SAN,Reefer,Pharmaceuticals,15934.4,20.12,526219.0,79690.0,98526.0,-809216.0,-8.2132,0.9949,1.0316,58,50.74,-0.2207
SGP,SYD,LNG_Carrier,LPG,6299.1,7.94,653187.0,93759.0,18747.0,-847293.0,-45.1971,0.8838,1.0101,51,42.54,-0.269
LAG,LAX,Reefer,Pharmaceuticals,12430.0,16.11,380943.0,88244.0,75535.0,-635278.0,-8.4104,0.8694,0.905,47,62.22,-0.2365
CPT,MUM,Reefer,Pharmaceuticals,8227.2,11.99,265540.0,61033.0,78817.0,-427561.0,-5.4247,0.7925,1.036,25,61.7,-0.1827
SAN,SGP,Tanker,Fuel Oil,15934.4,27.78,580242.0,75732.0,84139.0,-988587.0,-11.7495,0.9565,1.0472,21,48.34,-0.2569
SGP,LAG,Bulk_Carrier,Iron Ore,11147.2,20.39,270288.0,73851.0,23206.0,-626748.0,-27.0085,0.9995,1.1726,35,48.54,-0.1899
RTM,SYD,Reefer,Frozen Fish,16689.6,23.1,559809.0,118162.0,12445.0,-1012060.0,-81.3242,0.7571,0.9132,46,88.04,-0.4687
SAN,SHA,Container_Ship,Electronics,18568.6,20.57,2360574.0,84306.0,300092.0,-2453309.0,-8.1752,0.9529,1.0498,25,77.31,-0.9471
CPT,SHA,Tanker,Fuel Oil,12978.3,21.04,445871.0,84967.0,73046.0,-773402.0,-10.5879,0.8491,1.0241,49,36.35,-0.1653
MUM,SHA,Container_Ship,Machinery,5043.9,5.27,628846.0,93856.0,219299.0,-582524.0,-2.6563,0.9552,1.1957,65,88.24,-0.404
MUM,HAM,Reefer,Refrigerated Goods,6551.7,8.34,174667.0,92145.0,13493.0,-378428.0,-28.0462,0.894,1.0481,60,79.92,-0.2234
BUS,NYK,Container_Ship,Auto Parts,11254.3,13.37,1312402.0,127663.0,259626.0,-1381059.0,-5.3194,0.7945,1.2102,51,37.61,-0.3231
SGP,NYK,Reefer,Frozen Fish,15342.9,21.27,493496.0,131925.0,17062.0,-927345.0,-54.3522,0.7748,1.2233,34,64.48,-0.327
SAN,CPT,Tanker,Crude Oil,6297.2,11.06,254304.0,63031.0,12853.0,-470419.0,-36.6008,0.8617,0.9944,25,56.47,-0.1982
MUM,CPT,Reefer,Frozen Fish,8227.2,11.57,263515.0,61677.0,15745.0,-482972.0,-30.6739,0.9622,0.9091,41,47.27,-0.1581
COL,CPT,LNG_Carrier,LNG,7888.4,9.35,686693.0,56748.0,28580.0,-855172.0,-29.922,0.9271,1.1744,41,42.56,-0.2552
RTM,SHA,Bulk_Carrier,Grain,8927.2,16.24,265620.0,119705.0,52378.0,-576472.0,-11.0059,0.978,1.0627,57,40.43,-0.1572
MUM,RTM,Bulk_Carrier,Iron Ore,6887.0,13.2,212833.0,102686.0,17921.0,-495644.0,-27.6564,0.8121,1.1146,60,65.85,-0.2379
HOU,ANT,LNG_Carrier,LPG,8102.1,11.26,826770.0,117973.0,19572.0,-1094090.0,-55.8997,0.8116,1.1484,34,79.25,-0.6032
LAX,SYD,Tanker,Fuel Oil,12054.8,20.01,413298.0,114274.0,64586.0,-763189.0,-11.8166,0.8301,0.9262,38,74.14,-0.3427
CPT,HOU,Tanker,Fuel Oil,13853.3,24.35,522661.0,100350.0,69464.0,-918845.0,-13.2276,0.7823,1.057,65,72.64,-0.3818
HOU,KHI,Container_Ship,Machinery,13656.9,15.06,1557677.0,85226.0,149247.0,-1719585.0,-11.5218,0.7789,0.998,27,35.43,-0.3507
LAG,COL,Tanker,Chemical,8435.8,15.32,320571.0,59693.0,160217.0,-449782.0,-2.8073,0.7723,1.2204,25,51.81,-0.1601
HAM,LAG,Bulk_Carrier,Coal,5272.3,9.25,152184.0,93988.0,25800.0,-359133.0,-13.9196,0.9821,1.0425,51,81.46,-0.2277
BUS,HAM,LNG_Carrier,LNG,8550.1,11.87,974706.0,109575.0,21156.0,-1241149.0,-58.6678,0.8612,0.9358,28,63.63,-0.5403
SAN,HOU,Tanker,Fuel Oil,7942.5,14.6,274453.0,100307.0,79263.0,-514467.0,-6.4906,0.8729,1.081,28,54.83,-0.1974
TYO,ANT,Container_Ship,Auto Parts,9411.9,10.36,1229091.0,131114.0,328063.0,-1187515.0,-3.6198,0.983,1.2361,71,35.07,-0.2762
TYO,MUM,LNG_Carrier,LNG,6733.0,8.9,711845.0,122825.0,22605.0,-945615.0,-41.8317,0.8486,1.0147,44,65.83,-0.4565
MUM,LAG,Bulk_Carrier,Grain,7617.6,15.27,201351.0,58924.0,54180.0,-435195.0,-8.0324,0.9381,1.146,70,33.81,-0.1043
ANT,HOU,Container_Ship,Machinery,8102.1,9.49,1035491.0,126861.0,209356.0,-1095297.0,-5.2317,0.9863,1.1055,44,86.49,-0.659
COL,NYK,Tanker,Chemical,14086.8,25.34,506199.0,93148.0,170070.0,-809402.0,-4.7592,0.8841,1.1316,42,56.59,-0.2601
MUM,LAX,Bulk_Carrier,Grain,14043.2,27.29,420203.0,101569.0,43418.0,-887636.0,-20.444,0.9361,0.9202,49,60.42,-0.305
MUM,SGP,Bulk_Carrier,Coal,3906.7,7.19,103952.0,73000.0,27002.0,-257760.0,-9.5459,0.9725,1.1018,41,78.86,-0.1679
JEA,TYO,LNG_Carrier,LNG,7963.6,10.0,735444.0,122107.0,27870.0,-979645.0,-35.1505,0.9903,1.0721,22,80.96,-0.5546
COL,SYD,Container_Ship,Containers,8748.1,10.26,1200751.0,77628.0,104102.0,-1328132.0,-12.758,0.9409,1.0245,26,75.15,-0.6779
KHI,COL,LNG_Carrier,LNG,2418.3,2.92,205408.0,43772.0,24600.0,-268341.0,-10.9081,0.9158,1.0233,66,76.78,-0.1822
LAX,JEA,Tanker,Chemical,13447.6,21.67,501298.0,108945.0,146750.0,-788609.0,-5.3738,0.7631,1.1313,65,30.2,-0.138
CPT,LAG,Tanker,Crude Oil,4761.1,7.8,154513.0,59179.0,17232.0,-313483.0,-18.1915,0.971,1.1832,54,63.93,-0.1594
LAG,SGP,Container_Ship,Machinery,11147.2,11.74,1369068.0,76945.0,207692.0,-1414362.0,-6.8099,0.9902,1.0924,42,35.15,-0.3104
HOU,SAN,Reefer,Frozen Fish,7942.5,11.19,235078.0,98642.0,16871.0,-484678.0,-28.7282,0.7554,1.2407,56,40.0,-0.1357
NYK,SHA,Tanker,Chemical,11860.8,19.11,355660.0,119412.0,125310.0,-636376.0,-5.0784,0.7572,0.9735,61,42.48,-0.1648
ANT,HAM,Bulk_Carrier,Bauxite,453.6,0.82,11534.0,118206.0,6822.0,-135229.0,-19.8216,0.7813,0.9702,34,47.12,-0.0622
SAN,TYO,Bulk_Carrier,Bauxite,18591.0,32.3,519313.0,108700.0,10422.0,-1102028.0,-105.7356,0.9286,1.2471,18,88.33,-0.4858
KHI,ANT,Container_Ship,Containers,5992.6,6.49,769733.0,72649.0,88920.0,-850815.0,-9.5683,0.7911,1.0408,61,71.96,-0.4626
COL,NYK,Reefer,Frozen Fish,14086.8,20.31,468119.0,98673.0,13406.0,-857968.0,-63.9967,0.7937,0.9384,51,74.09,-0.361
SGP,JEA,Tanker,Chemical,5858.9,10.46,241153.0,85954.0,146038.0,-337899.0,-2.3138,0.9089,0.9452,24,44.55,-0.1143
SGP,LAX,LNG_Carrier,LPG,14141.5,19.48,1506835.0,112313.0,20030.0,-1891259.0,-94.4231,0.7704,1.2381,45,66.05,-0.7083
RTM,SAN,Container_Ship,Containers,9775.5,10.56,1171926.0,89809.0,100700.0,-1319479.0,-13.1031,0.7746,1.2037,41,44.52,-0.3844
NYK,LAX,Tanker,Fuel Oil,3948.9,7.22,157230.0,140743.0,77188.0,-329080.0,-4.2634,0.934,0.9838,24,30.51,-0.0828
HAM,TYO,Bulk_Carrier,Grain,8979.6,16.69,268158.0,129821.0,50709.0,-597690.0,-11.7866,0.9015,1.116,56,77.46,-0.3118
MUM,RTM,Bulk_Carrier,Coal,6887.0,12.08,172769.0,94398.0,25263.0,-423121.0,-16.7483,0.8031,1.2483,41,37.73,-0.1164
SHA,HAM,Container_Ship,Machinery,8527.4,9.02,883572.0,116736.0,170252.0,-965286.0,-5.6697,0.9105,0.9739,61,31.67,-0.2093
SGP,SAN,Tanker,Crude Oil,15934.4,28.66,579130.0,79414.0,13959.0,-1074437.0,-76.9722,0.9406,0.9893,48,40.39,-0.2332
MUM,SAN,Bulk_Carrier,Iron Ore,13740.7,26.53,367208.0,69319.0,14830.0,-819664.0,-55.2695,0.7699,0.9728,56,83.2,-0.3915
SGP,ANT,LNG_Carrier,LNG,10551.1,13.33,905382.0,93322.0,22952.0,-1175649.0,-51.221,0.9554,0.9152,24,70.46,-0.5277
HAM,JEA,LNG_Carrier,LNG,4892.2,6.55,487577.0,99703.0,23606.0,-661967.0,-28.0418,0.8855,1.0156,25,48.9,-0.256
SAN,NYK,LNG_Carrier,LNG,7737.9,10.42,822181.0,112693.0,25952.0,-1065217.0,-41.0457,0.7915,1.2491,67,84.38,-0.634
TYO,BUS,Bulk_Carrier,Iron Ore,959.3,1.71,25644.0,136722.0,16262.0,-171806.0,-10.5648,0.8859,0.9271,45,62.72,-0.1025
TYO,MUM,Container_Ship,Containers,6733.0,7.04,811375.0,110126.0,101829.0,-925272.0,-9.0865,0.7921,1.1904,54,41.77,-0.2835
RTM,CPT,Container_Ship,Machinery,9642.1,10.0,1172131.0,97571.0,176140.0,-1243595.0,-7.0603,0.9869,0.9295,57,77.06,-0.6302
SHA,BUS,Reefer,Perishables,832.1,1.08,24535.0,94501.0,10423.0,-124823.0,-11.9761,0.9587,1.0066,28,49.86,-0.0596
CPT,HOU,Reefer,Perishables,13853.3,20.02,516464.0,91833.0,8800.0,-899825.0,-102.2486,0.8522,0.9562,22,78.09,-0.402
LAX,CPT,LNG_Carrier,LPG,16044.7,20.96,1741101.0,92109.0,22292.0,-2125280.0,-95.3387,0.9743,1.0895,30,78.75,-0.8968
SGP,ANT,Bulk_Carrier,Bauxite,10551.1,21.21,302171.0,100647.0,8155.0,-712740.0,-87.3938,0.8527,1.0627,26,75.83,-0.3443
LAG,SGP,Bulk_Carrier,Coal,11147.2,19.96,265450.0,76796.0,27134.0,-614527.0,-22.648,0.8989,1.1978,40,75.18,-0.2884
LAG,CPT,LNG_Carrier,LPG,4761.1,6.36,432337.0,55576.0,19136.0,-564164.0,-29.4825,0.9788,0.9309,30,30.42,-0.1365
SGP,JEA,Tanker,Chemical,5858.9,9.64,217749.0,86769.0,175249.0,-273806.0,-1.5624,0.9071,1.1364,52,63.22,-0.1315
SHA,LAX,Bulk_Carrier,Coal,10457.0,20.98,346213.0,122257.0,20670.0,-762568.0,-36.892,0.8367,0.9803,49,54.04,-0.2634
MUM,SGP,Tanker,Chemical,3906.7,7.32,160353.0,78164.0,177195.0,-171155.0,-0.9659,0.8346,1.2489,69,47.59,-0.0673
NYK,MUM,Container_Ship,Containers,12555.7,14.65,1582778.0,99670.0,108605.0,-1793527.0,-16.5143,0.8911,1.1285,52,68.74,-0.7347
COL,HOU,Tanker,Fuel Oil,15903.9,25.77,545350.0,95427.0,81414.0,-945939.0,-11.6189,0.8798,1.1016,45,51.41,-0.2616
RTM,SYD,Container_Ship,Auto Parts,16689.6,17.75,2074318.0,123261.0,234434.0,-2229389.0,-9.5097,0.9,0.9648,49,57.1,-0.6696
RTM,ANT,Reefer,Refrigerated Goods,78.1,0.1,2320.0,125997.0,13107.0,-116728.0,-8.9054,0.7749,1.1747,40,68.18,-0.0792
JEA,COL,Tanker,Fuel Oil,3316.6,5.8,125489.0,58706.0,85343.0,-185830.0,-2.1774,0.9517,1.0675,69,87.1,-0.1373
KHI,SGP,Bulk_Carrier,Coal,4744.0,9.57,157556.0,71312.0,24170.0,-348230.0,-14.4075,0.9848,0.9739,43,83.11,-0.2304
ANT,BUS,Bulk_Carrier,Iron Ore,8997.1,16.85,253077.0,103000.0,19191.0,-589581.0,-30.7213,0.9479,1.0225,28,53.12,-0.2108
LAX,TYO,Tanker,Chemical,8839.0,16.26,308084.0,138261.0,150545.0,-539677.0,-3.5848,0.8369,1.0581,21,30.5,-0.1114
SGP,TYO,Tanker,Crude Oil,5314.4,9.46,175529.0,124892.0,11876.0,-430501.0,-36.2492,0.8515,0.9298,30,53.54,-0.1791
LAX,HAM,LNG_Carrier,LNG,9100.3,11.16,959059.0,127770.0,27560.0,-1226717.0,-44.5111,0.8736,1.2017,28,81.09,-0.667
MUM,TYO,Container_Ship,Auto Parts,6733.0,7.01,728681.0,113840.0,261444.0,-686154.0,-2.6245,0.8858,1.0931,65,80.06,-0.4029
CPT,MUM,LNG_Carrier,LNG,8227.2,10.52,822614.0,62261.0,25308.0,-1017411.0,-40.2009,0.9455,1.0197,51,66.99,-0.4719
SYD,SGP,Tanker,Fuel Oil,6299.1,11.63,256433.0,108068.0,68599.0,-470342.0,-6.8564,0.7989,1.0222,39,79.61,-0.2794
SYD,MUM,Bulk_Carrier,Iron Ore,10150.5,19.89,273834.0,87797.0,16462.0,-643519.0,-39.0906,0.8731,0.9523,68,58.8,-0.2444
HOU,SGP,Container_Ship,Containers,16004.8,17.99,2081193.0,110198.0,94275.0,-2366960.0,-25.1069,0.7673,1.1377,40,58.08,-0.7375
COL,CPT,LNG_Carrier,LPG,7888.4,10.64,890286.0,57168.0,17233.0,-1089792.0,-63.2372,0.8465,0.9695,60,35.43,-0.2708
BUS,LAX,Tanker,Crude Oil,9637.7,16.43,368480.0,114655.0,12862.0,-716719.0,-55.7221,0.8201,1.0456,67,55.8,-0.2631
HAM,HOU,Container_Ship,Machinery,8306.0,9.28,879363.0,130469.0,169442.0,-979546.0,-5.781,0.9162,0.9632,61,89.69,-0.6065
CPT,TYO,Reefer,Pharmaceuticals,14727.6,20.43,493052.0,108454.0,88376.0,-819521.0,-9.2731,0.859,1.0717,36,75.13,-0.343
SYD,BUS,Tanker,Chemical,8015.7,13.53,287956.0,105307.0,184130.0,-412014.0,-2.2376,0.9161,1.1823,67,53.4,-0.1535
ANT,BUS,Bulk_Carrier,Coal,8997.1,16.72,264188.0,111173.0,25850.0,-600280.0,-23.2216,0.8283,1.2384,70,31.24,-0.1262
CPT,TYO,LNG_Carrier,LPG,14727.6,19.59,1392407.0,104834.0,19838.0,-1771311.0,-89.2894,0.895,1.0554,48,42.52,-0.4195
SGP,MUM,Tanker,Chemical,3906.7,6.6,151708.0,73889.0,155171.0,-169352.0,-1.0914,0.9396,0.9714,46,87.2,-0.122
SGP,LAX,Container_Ship,Containers,14141.5,15.82,1498658.0,113533.0,91981.0,-1757567.0,-19.1078,0.84,1.0139,35,70.87,-0.7063
BUS,COL,Tanker,Fuel Oil,5911.7,10.36,234832.0,67777.0,73013.0,-385043.0,-5.2736,0.8723,0.9965,46,46.29,-0.1351
LAG,NYK,Reefer,Refrigerated Goods,8481.1,11.55,300767.0,110566.0,11420.0,-573232.0,-50.1948,0.7638,1.0383,25,48.62,-0.1912
JEA,HOU,LNG_Carrier,LNG,13157.3,15.64,1348933.0,101918.0,29710.0,-1655720.0,-55.7302,0.9663,1.1713,64,76.02,-0.7359
HOU,RTM,Tanker,Fuel Oil,8072.0,15.02,344398.0,141953.0,71122.0,-640457.0,-9.005,0.7973,1.0619,47,88.84,-0.3963
SAN,MUM,Bulk_Carrier,Bauxite,13740.7,25.4,377623.0,69891.0,10418.0,-818115.0,-78.5302,0.9399,1.2316,19,53.76,-0.2525
LAG,ANT,Container_Ship,Containers,4978.7,5.79,658569.0,84315.0,127209.0,-702461.0,-5.5221,0.9729,1.2107,23,32.66,-0.1808
JEA,COL,Bulk_Carrier,Iron Ore,3316.6,6.44,93634.0,64146.0,21033.0,-233281.0,-11.0911,0.8899,1.1938,61,39.35,-0.0779
CPT,LAG,Bulk_Carrier,Bauxite,4761.1,9.12,125422.0,62081.0,8530.0,-315782.0,-37.0187,0.9202,1.0301,55,46.38,-0.1165
SGP,TYO,LNG_Carrier,LPG,5314.4,6.4,493140.0,132724.0,18279.0,-703573.0,-38.4912,0.8482,1.0262,35,51.11,-0.2794
HOU,KHI,Bulk_Carrier,Coal,13656.9,25.1,338137.0,87468.0,29352.0,-772823.0,-26.3299,0.9867,1.1805,71,46.81,-0.2082
NYK,JEA,LNG_Carrier,LNG,11017.6,15.29,1093599.0,109882.0,27471.0,-1405357.0,-51.1575,0.9603,1.0898,20,55.35,-0.4877
ANT,LAG,Tanker,Crude Oil,4978.7,8.63,165199.0,90460.0,12894.0,-372157.0,-28.8637,0.7823,1.0987,18,56.02,-0.1643
SHA,SAN,LNG_Carrier,LNG,18568.6,23.13,1857411.0,86674.0,26566.0,-2264443.0,-85.2392,0.9643,1.0495,65,88.49,-1.0
CPT,RTM,Tanker,Chemical,9642.1,18.21,413524.0,91313.0,178828.0,-599142.0,-3.3504,0.897,1.1728,30,57.32,-0.2258
RTM,SYD,Bulk_Carrier,Bauxite,16689.6,31.47,473822.0,125822.0,8029.0,-1063685.0,-132.4752,0.9537,0.9355,70,71.06,-0.3976
KHI,SGP,Reefer,Frozen Fish,4744.0,5.95,129541.0,68157.0,22042.0,-264841.0,-12.0151,0.9883,1.239,66,57.06,-0.1203
TYO,SGP,Reefer,Pharmaceuticals,5314.4,6.87,180685.0,122982.0,81709.0,-325074.0,-3.9784,0.877,0.9705,20,30.71,-0.0776
MUM,BUS,Tanker,Fuel Oil,5775.4,9.73,216172.0,80253.0,99099.0,-343326.0,-3.4645,0.9947,1.1861,71,75.17,-0.1967
KHI,MUM,Container_Ship,Containers,893.2,0.92,97076.0,49060.0,84335.0,-75594.0,-0.8964,0.7592,1.0285,50,52.06,-0.0375
SAN,LAG,Tanker,Chemical,6362.4,11.72,223190.0,64401.0,153616.0,-309773.0,-2.0165,0.7639,1.183,44,87.79,-0.2024
JEA,ANT,Reefer,Refrigerated Goods,5160.9,7.51,180748.0,104704.0,15989.0,-382179.0,-23.9019,0.9028,1.23,59,57.71,-0.1725
LAG,SGP,LNG_Carrier,LNG,11147.2,13.61,941722.0,67558.0,22792.0,-1190652.0,-52.2391,0.9474,0.9165,49,77.58,-0.5766
SYD,KHI,Tanker,Crude Oil,11020.1,20.54,460777.0,74521.0,14717.0,-828737.0,-56.3121,0.8819,1.1126,59,47.35,-0.246
SHA,LAG,Container_Ship,Containers,12229.8,14.64,1403524.0,83408.0,107140.0,-1599453.0,-14.9287,0.9092,1.0911,50,66.21,-0.6378
LAG,JEA,Bulk_Carrier,Bauxite,5856.7,10.35,148740.0,67158.0,8055.0,-363026.0,-45.0693,0.8573,1.0439,68,59.94,-0.1653
CPT,KHI,Bulk_Carrier,Iron Ore,8308.9,16.2,246918.0,48175.0,18657.0,-519510.0,-27.8447,0.8511,1.1072,22,45.53,-0.1633
RTM,JEA,Container_Ship,Auto Parts,5176.2,5.96,701349.0,94460.0,221261.0,-664010.0,-3.001,0.8024,1.0213,68,77.59,-0.4027
LAG,CPT,LNG_Carrier,LNG,4761.1,5.71,440745.0,58825.0,22323.0,-562955.0,-25.2186,0.848,1.0028,18,87.42,-0.3915
RTM,LAG,Container_Ship,Machinery,5056.8,5.69,574553.0,84251.0,191781.0,-552315.0,-2.8799,0.9313,1.0726,41,79.67,-0.3456
TYO,LAG,Tanker,Chemical,13474.1,24.82,574165.0,119395.0,134132.0,-931711.0,-6.9462,0.7747,1.0185,23,76.31,-0.4116
COL,LAX,Reefer,Frozen Fish,15107.0,20.35,446081.0,85116.0,16124.0,-820324.0,-50.8751,0.8444,1.0609,66,78.41,-0.3543
COL,HAM,Bulk_Carrier,Iron Ore,8074.9,16.05,215810.0,91618.0,17423.0,-530759.0,-30.4628,0.8448,1.0416,19,72.81,-0.2691
SYD,NYK,Container_Ship,Machinery,15985.3,17.87,1852418.0,134193.0,194410.0,-2060225.0,-10.5973,0.8759,1.156,21,50.48,-0.5583
LAG,TYO,Bulk_Carrier,Grain,13474.1,25.81,421733.0,112882.0,59670.0,-862071.0,-14.4473,0.9617,1.2311,41,56.68,-0.2828
CPT,LAX,Container_Ship,Electronics,16044.7,17.79,1925868.0,88885.0,284141.0,-1997455.0,-7.0298,0.7931,1.1942,25,38.1,-0.4078
SAN,KHI,LNG_Carrier,LPG,13337.2,17.57,1467645.0,53786.0,23523.0,-1761527.0,-74.8841,0.8981,1.2472,42,53.65,-0.5495
SYD,CPT,Container_Ship,Auto Parts,11011.7,12.52,1438052.0,94021.0,197973.0,-1521850.0,-7.6871,0.807,0.9086,50,84.97,-0.8109
LAG,CPT,Reefer,Perishables,4761.1,6.28,133470.0,58930.0,8545.0,-278086.0,-32.5441,0.8184,0.9668,47,52.71,-0.1166
BUS,SAN,Reefer,Refrigerated Goods,18691.4,26.23,548505.0,84931.0,15802.0,-1011037.0,-63.9827,0.9789,1.121,65,30.43,-0.1531
KHI,ANT,Tanker,Crude Oil,5992.6,9.94,206192.0,82289.0,11884.0,-425655.0,-35.8186,0.7657,1.0346,29,61.19,-0.1968
LAG,MUM,Tanker,Fuel Oil,7617.6,12.29,248514.0,59898.0,72243.0,-420593.0,-5.8219,0.8422,1.0212,21,56.99,-0.1698
SHA,KHI,Bulk_Carrier,Coal,5340.0,9.3,126752.0,84668.0,23293.0,-327675.0,-14.0678,0.8011,1.1539,63,42.57,-0.1083
LAX,TYO,Reefer,Frozen Fish,8839.0,11.52,298375.0,138159.0,15766.0,-593583.0,-37.6497,0.8522,1.0277,20,79.98,-0.3214
HOU,HAM,Reefer,Refrigerated Goods,8306.0,10.44,240412.0,140410.0,15160.0,-522214.0,-34.4475,0.8684,1.2123,51,79.56,-0.2868
KHI,CPT,Container_Ship,Electronics,8308.9,9.33,1046103.0,50886.0,261414.0,-975591.0,-3.732,0.9199,0.9473,33,67.01,-0.4513
SAN,NYK,Bulk_Carrier,Bauxite,7737.9,14.13,198547.0,120034.0,9296.0,-521184.0,-56.0634,0.8904,1.1601,30,66.33,-0.2438
SGP,LAX,Tanker,Fuel Oil,14141.5,23.28,467750.0,116114.0,71963.0,-861164.0,-11.9668,0.7604,1.1266,62,64.01,-0.3126
KHI,NYK,Bulk_Carrier,Grain,11689.8,21.02,289131.0,101687.0,45486.0,-660635.0,-14.5239,0.9744,0.9262,50,87.68,-0.3551
LAG,COL,Container_Ship,Machinery,8435.8,9.44,1103216.0,53270.0,183750.0,-1114290.0,-6.0642,0.881,1.0863,51,65.2,-0.4991
SYD,COL,Tanker,Chemical,8748.1,16.1,342254.0,83479.0,158633.0,-508526.0,-3.2057,0.898,1.0391,55,54.98,-0.1899
SYD,ANT,Bulk_Carrier,Grain,16725.3,30.23,427969.0,122877.0,39678.0,-964642.0,-24.3117,0.8121,0.9694,18,39.37,-0.1996
COL,LAX,Tanker,Crude Oil,15107.0,26.86,606724.0,82856.0,13176.0,-1079361.0,-81.9158,0.9332,0.9413,44,31.3,-0.1861
LAX,KHI,Bulk_Carrier,Iron Ore,13476.2,26.12,408244.0,92211.0,14815.0,-877371.0,-59.2225,0.8303,0.9012,54,40.9,-0.2077
NYK,COL,Tanker,Crude Oil,14086.8,24.1,529004.0,109509.0,12203.0,-987823.0,-80.948,0.8613,0.9445,47,83.2,-0.4668
KHI,SYD,Bulk_Carrier,Coal,11020.1,21.61,341945.0,83797.0,23064.0,-726760.0,-31.511,0.7645,1.1972,33,72.03,-0.3282
RTM,JEA,Container_Ship,Electronics,5176.2,5.98,564697.0,107297.0,262007.0,-499659.0,-1.907,0.7829,1.1155,60,36.36,-0.142
KHI,BUS,Bulk_Carrier,Bauxite,5990.8,10.84,149307.0,70187.0,7578.0,-374460.0,-49.4125,0.8853,0.9511,42,51.43,-0.1455
SAN,HOU,Tanker,Crude Oil,7942.5,13.99,275388.0,111583.0,12153.0,-584720.0,-48.1134,0.8855,0.9149,55,70.74,-0.2895
SAN,SYD,Reefer,Pharmaceuticals,13322.4,18.45,405054.0,83996.0,82903.0,-682960.0,-8.238,0.7576,1.1398,22,36.76,-0.146
SYD,MUM,Reefer,Perishables,10150.5,14.7,360052.0,93706.0,8729.0,-665586.0,-76.247,0.8098,0.9981,19,67.68,-0.291
ANT,RTM,Container_Ship,Containers,78.1,0.08,8247.0,109095.0,87606.0,-30940.0,-0.3532,0.8132,0.9975,27,61.47,-0.0189
KHI,HAM,Tanker,Fuel Oil,5660.0,9.47,204890.0,87465.0,84040.0,-350419.0,-4.1697,0.8635,1.1586,21,54.21,-0.1455
CPT,SGP,Bulk_Carrier,Coal,9665.9,19.58,268078.0,78941.0,23750.0,-617015.0,-25.9797,0.8252,1.1422,50,60.49,-0.2452
NYK,SAN,Tanker,Crude Oil,7737.9,13.15,302117.0,115234.0,13855.0,-600717.0,-43.3577,0.9525,0.9697,61,49.51,-0.2098
LAG,JEA,Reefer,Frozen Fish,5856.7,8.23,202316.0,70161.0,15225.0,-380762.0,-25.0095,0.8353,1.0126,37,61.22,-0.1771
CPT,SGP,Bulk_Carrier,Coal,9665.9,19.24,272736.0,68498.0,22143.0,-607734.0,-27.4463,0.8906,0.9866,40,33.54,-0.1339
SHA,NYK,Container_Ship,Containers,11860.8,12.38,1249264.0,142873.0,98728.0,-1479141.0,-14.9819,0.9054,1.0096,31,32.53,-0.2933
CPT,HAM,Reefer,Perishables,9764.5,13.05,331306.0,80882.0,9667.0,-598266.0,-61.8879,0.8405,1.0649,51,86.12,-0.3374
HOU,SHA,Container_Ship,Auto Parts,12195.4,13.99,1510511.0,121530.0,253145.0,-1588777.0,-6.2762,0.8543,1.0975,42,81.62,-0.7819
LAG,SGP,LNG_Carrier,LPG,11147.2,14.54,1247436.0,80992.0,18656.0,-1527810.0,-81.8944,0.8878,1.0007,60,51.61,-0.4922
LAX,TYO,Tanker,Fuel Oil,8839.0,15.97,334797.0,138259.0,84974.0,-627663.0,-7.3865,0.9448,1.0707,23,54.13,-0.23
TYO,SYD,Tanker,Fuel Oil,7825.8,12.59,282922.0,138323.0,79666.0,-530432.0,-6.6582,0.879,1.079,26,35.91,-0.1339
LAX,SYD,Reefer,Perishables,12054.8,16.53,373553.0,133183.0,11290.0,-743384.0,-65.8453,0.9651,1.0832,66,74.07,-0.3335
SHA,KHI,Container_Ship,Electronics,5340.0,6.25,733773.0,73021.0,245443.0,-655054.0,-2.6689,0.8649,0.946,69,50.43,-0.2564
HOU,KHI,Tanker,Chemical,13656.9,25.51,584253.0,91541.0,178108.0,-880339.0,-4.9427,0.9683,1.082,54,82.57,-0.4184
HOU,LAG,Tanker,Chemical,10488.9,17.23,363936.0,102818.0,177597.0,-547659.0,-3.0837,0.9985,1.0462,61,57.74,-0.2019
KHI,BUS,Reefer,Refrigerated Goods,5990.8,8.4,208241.0,65377.0,13997.0,-385585.0,-27.5481,0.987,0.9848,51,46.13,-0.1344
BUS,LAX,LNG_Carrier,LPG,9637.7,11.86,854536.0,115012.0,18486.0,-1128993.0,-61.0735,0.9001,0.978,65,32.06,-0.2381
MUM,LAG,Tanker,Chemical,7617.6,14.32,287904.0,65657.0,144727.0,-423667.0,-2.9273,0.7538,1.1293,69,32.31,-0.097
BUS,NYK,Tanker,Crude Oil,11254.3,21.01,431167.0,114473.0,12735.0,-848076.0,-66.5949,0.9365,0.9065,59,58.75,-0.3099
SGP,BUS,Reefer,Pharmaceuticals,4583.4,6.62,172324.0,97211.0,69202.0,-299584.0,-4.3291,0.7824,0.9213,39,42.38,-0.1018
ANT,SGP,Bulk_Carrier,Grain,10551.1,21.4,347568.0,104930.0,49308.0,-724195.0,-14.6872,0.8478,1.1539,41,65.69,-0.3031
COL,JEA,LNG_Carrier,LNG,3316.6,4.43,355863.0,59622.0,30935.0,-450928.0,-14.5768,0.948,1.2431,37,35.02,-0.1339
HOU,JEA,Container_Ship,Machinery,13157.3,14.59,1461831.0,118794.0,219638.0,-1579820.0,-7.1928,0.9967,1.1477,38,80.62,-0.7446
NYK,JEA,Tanker,Fuel Oil,11017.6,18.15,415733.0,109077.0,74228.0,-722833.0,-9.738,0.7657,1.154,59,74.98,-0.3398
MUM,SGP,Tanker,Crude Oil,3906.7,7.35,161183.0,72142.0,13649.0,-329988.0,-24.1769,0.854,1.0654,51,71.72,-0.1954
NYK,SAN,LNG_Carrier,LPG,7737.9,9.54,824178.0,107829.0,17314.0,-1057776.0,-61.0948,0.896,0.9202,53,41.3,-0.3082
LAX,TYO,Bulk_Carrier,Iron Ore,8839.0,17.81,285362.0,136314.0,15868.0,-672937.0,-42.4078,0.8813,0.9094,52,34.68,-0.158
LAX,LAG,Container_Ship,Electronics,12430.0,13.53,1440150.0,97173.0,264461.0,-1475772.0,-5.5803,0.7552,1.1673,67,82.24,-0.7263
BUS,HOU,Tanker,Fuel Oil,11424.5,20.97,481089.0,117057.0,78471.0,-834155.0,-10.6301,0.9728,0.9603,24,39.53,-0.2039
LAX,HAM,Container_Ship,Auto Parts,9100.3,9.8,1139963.0,127818.0,237075.0,-1177680.0,-4.9675,0.9366,0.9375,55,37.42,-0.2955
HOU,BUS,Reefer,Refrigerated Goods,11424.5,16.33,417985.0,119926.0,14961.0,-767889.0,-51.327,0.9792,1.061,24,85.81,-0.4075
SYD,SHA,LNG_Carrier,LNG,7881.4,9.52,700436.0,113955.0,23814.0,-933450.0,-39.1975,0.9871,0.919,64,50.77,-0.3324
MUM,RTM,Container_Ship,Auto Parts,6887.0,8.15,770611.0,99153.0,269906.0,-722132.0,-2.6755,0.8417,1.1877,54,52.64,-0.2771
LAX,BUS,Container_Ship,Containers,9637.7,10.29,1140323.0,118023.0,91191.0,-1321466.0,-14.4913,0.8705,0.97,69,60.44,-0.5253
RTM,BUS,Container_Ship,Auto Parts,8936.6,9.34,899187.0,113417.0,220243.0,-932398.0,-4.2335,0.8356,0.9762,37,53.79,-0.3383
LAX,COL,Container_Ship,Machinery,15107.0,15.45,1612416.0,94411.0,176559.0,-1762085.0,-9.9801,0.8359,1.1001,25,63.05,-0.6119
ANT,SHA,Reefer,Frozen Fish,8980.7,12.06,314964.0,101754.0,15627.0,-581998.0,-37.2421,0.7845,1.1067,55,69.61,-0.2728
LAG,SYD,Reefer,Perishables,15517.5,21.87,568852.0,85412.0,7562.0,-974741.0,-128.8918,0.7646,0.9158,40,76.96,-0.4082
COL,BUS,Reefer,Perishables,5911.7,8.43,206982.0,72110.0,9463.0,-396010.0,-41.847,0.9658,0.9072,44,42.44,-0.1274
HOU,MUM,LNG_Carrier,LNG,14456.2,17.82,1484262.0,111206.0,23647.0,-1839172.0,-77.7761,0.9454,0.9529,35,31.83,-0.3288
ANT,LAG,Bulk_Carrier,Grain,4978.7,9.99,164017.0,89031.0,45487.0,-357442.0,-7.8582,0.9482,0.9518,66,31.02,-0.0874
MUM,HOU,Container_Ship,Machinery,14456.2,15.47,1577311.0,91806.0,178632.0,-1722551.0,-9.643,0.8762,1.0619,59,64.92,-0.628
SGP,HAM,LNG_Carrier,LPG,10154.8,12.23,957453.0,101037.0,21451.0,-1220474.0,-56.8966,0.8846,1.1547,18,60.29,-0.4752
JEA,SAN,Reefer,Perishables,12181.9,17.31,425360.0,70695.0,10141.0,-745565.0,-73.5167,0.9532,0.9851,69,64.66,-0.2908
CPT,BUS,LNG_Carrier,LNG,13800.1,17.09,1310448.0,76090.0,24928.0,-1617921.0,-64.9038,0.8287,1.146,33,67.98,-0.6303
SHA,LAX,Bulk_Carrier,Grain,10457.0,19.08,292418.0,120952.0,43103.0,-656460.0,-15.2299,0.8635,0.9904,25,44.56,-0.1869
SHA,JEA,LNG_Carrier,LNG,6458.3,8.45,689968.0,97949.0,23835.0,-890862.0,-37.3757,0.9526,0.9532,62,45.56,-0.301
LAX,COL,Bulk_Carrier,Bauxite,15107.0,30.69,486913.0,96240.0,7518.0,-1036004.0,-137.8082,0.763,1.0947,25,48.4,-0.2761
SGP,NYK,LNG_Carrier,LNG,15342.9,21.18,1528421.0,120265.0,29989.0,-1936383.0,-64.5708,0.9521,1.1999,54,35.82,-0.3793
LAX,SYD,Container_Ship,Auto Parts,12054.8,13.69,1417119.0,124956.0,308376.0,-1439036.0,-4.6665,0.9954,1.1474,24,31.37,-0.2734
LAX,SAN,Reefer,Refrigerated Goods,9942.3,13.3,336337.0,98498.0,12372.0,-621991.0,-50.2729,0.8507,1.01,30,44.66,-0.1807
LAG,SGP,Tanker,Crude Oil,11147.2,17.98,385676.0,68587.0,13536.0,-710369.0,-52.4799,0.8244,1.0947,30,79.13,-0.3509
BUS,SYD,Container_Ship,Containers,8015.7,8.27,910091.0,116595.0,100786.0,-1049974.0,-10.4179,0.8575,1.0883,27,31.82,-0.2332
LAX,SGP,Tanker,Chemical,14141.5,25.06,524192.0,115445.0,163468.0,-851999.0,-5.212,0.7831,1.2279,47,55.32,-0.2673
MUM,ANT,Tanker,Fuel Oil,6885.8,12.14,277996.0,95518.0,63172.0,-492436.0,-7.7952,0.81,0.9285,35,80.2,-0.2879
ANT,HOU,LNG_Carrier,LPG,8102.1,11.22,829903.0,115724.0,20308.0,-1093649.0,-53.8523,0.7751,1.2476,23,52.68,-0.4008
NYK,MUM,Tanker,Chemical,12555.7,20.46,375045.0,110900.0,124979.0,-667804.0,-5.3433,0.7946,0.9252,44,78.15,-0.311
MUM,RTM,Container_Ship,Machinery,6887.0,7.24,757182.0,85046.0,194655.0,-756234.0,-3.885,0.9636,1.0522,57,42.37,-0.2336
NYK,COL,LNG_Carrier,LNG,14086.8,16.98,1180390.0,109517.0,29957.0,-1514684.0,-50.5626,0.9492,1.2022,47,57.27,-0.4927
COL,KHI,Tanker,Crude Oil,2418.3,4.38,93498.0,46375.0,11629.0,-193894.0,-16.6736,0.824,0.9409,25,73.34,-0.1258
TYO,COL,Reefer,Perishables,6846.1,8.92,196649.0,105342.0,11875.0,-423906.0,-35.6961,0.9061,1.2136,61,37.04,-0.1146
MUM,CPT,LNG_Carrier,LPG,8227.2,11.12,823501.0,62524.0,24690.0,-1028128.0,-41.6423,0.9726,1.2089,23,89.28,-0.6356
MUM,TYO,Reefer,Frozen Fish,6733.0,9.82,230512.0,107815.0,17030.0,-468617.0,-27.5172,0.9567,0.9889,70,73.65,-0.2531
COL,SGP,LNG_Carrier,LPG,2732.3,3.31,280974.0,72815.0,18782.0,-384620.0,-20.4781,0.8731,1.0244,67,39.3,-0.1317
SGP,JEA,Container_Ship,Auto Parts,5858.9,6.21,669859.0,80233.0,260837.0,-582447.0,-2.233,0.9979,0.9681,30,43.29,-0.1916
SYD,LAG,Container_Ship,Machinery,15517.5,16.81,1773962.0,79699.0,182019.0,-1923830.0,-10.5694,0.9091,1.0428,48,33.68,-0.3526
SHA,LAG,Tanker,Chemical,12229.8,20.02,425336.0,88767.0,128357.0,-685973.0,-5.3442,0.7756,0.9735,39,33.9,-0.1401
HAM,SHA,LNG_Carrier,LNG,8527.4,11.39,874920.0,111479.0,30958.0,-1126217.0,-36.3792,0.9514,1.2396,42,86.33,-0.6658
ANT,SHA,Tanker,Crude Oil,8980.7,14.78,317949.0,113612.0,15000.0,-638304.0,-42.5536,0.9048,1.1053,46,66.3,-0.285
BUS,KHI,Bulk_Carrier,Grain,5990.8,10.79,166890.0,66824.0,49216.0,-346421.0,-7.0388,0.9999,0.9766,65,61.27,-0.1604
COL,TYO,LNG_Carrier,LNG,6846.1,8.42,606333.0,114320.0,24015.0,-822947.0,-34.2686,0.9403,0.9729,26,81.33,-0.4887
KHI,SYD,Bulk_Carrier,Iron Ore,11020.1,21.67,350372.0,86183.0,20063.0,-741604.0,-36.9635,0.9189,1.1027,61,56.03,-0.2605
TYO,KHI,Tanker,Crude Oil,6926.4,12.11,271303.0,101505.0,14073.0,-540326.0,-38.394,0.9252,1.0141,26,61.37,-0.2413
COL,JEA,Reefer,Perishables,3316.6,4.32,108333.0,65591.0,10647.0,-228096.0,-21.4239,0.9549,1.0324,26,73.28,-0.1418
NYK,SGP,Tanker,Crude Oil,15342.9,25.94,498210.0,115851.0,14488.0,-988636.0,-68.238,0.8642,1.1176,66,77.28,-0.4179
NYK,SAN,LNG_Carrier,LNG,7737.9,10.23,800969.0,119499.0,21255.0,-1052615.0,-49.5238,0.8623,0.939,59,40.39,-0.2998
SGP,SAN,Tanker,Fuel Oil,15934.4,27.24,516772.0,72552.0,71915.0,-925974.0,-12.8759,0.9309,0.9197,60,44.06,-0.2193
SYD,MUM,Tanker,Fuel Oil,10150.5,16.62,346414.0,93870.0,86443.0,-603088.0,-6.9767,0.9967,1.0325,52,31.35,-0.1221
MUM,KHI,Bulk_Carrier,Bauxite,893.2,1.67,21963.0,51864.0,7800.0,-91031.0,-11.6713,0.7987,1.085,24,61.25,-0.0532
SHA,SYD,Container_Ship,Containers,7881.4,8.85,1017166.0,113937.0,86413.0,-1177372.0,-13.625,0.7908,1.0118,25,85.76,-0.7083
TYO,SYD,LNG_Carrier,LPG,7825.8,9.83,708005.0,145705.0,20746.0,-980405.0,-47.2586,0.8422,1.173,37,64.69,-0.4458
HAM,SYD,Bulk_Carrier,Iron Ore,16284.4,32.01,448799.0,115022.0,18726.0,-1025304.0,-54.754,0.942,1.004,62,89.6,-0.4888
LAG,COL,Container_Ship,Auto Parts,8435.8,9.63,994548.0,58515.0,262095.0,-935470.0,-3.5692,0.9144,1.0616,36,83.3,-0.5354
SHA,SYD,Reefer,Pharmaceuticals,7881.4,10.02,260047.0,123047.0,96533.0,-436852.0,-4.5254,0.8755,1.1486,32,58.44,-0.1791
SHA,KHI,Bulk_Carrier,Iron Ore,5340.0,10.63,159096.0,70241.0,18496.0,-370362.0,-20.0236,0.7625,1.2251,47,42.82,-0.1231
LAG,KHI,LNG_Carrier,LPG,7048.8,8.47,649873.0,47641.0,17750.0,-806836.0,-45.456,0.8843,0.9558,40,45.35,-0.265
HAM,LAG,Container_Ship,Machinery,5272.3,5.93,677503.0,92400.0,178672.0,-680145.0,-3.8067,0.9056,1.0276,32,77.1,-0.4082
HOU,MUM,Reefer,Refrigerated Goods,14456.2,20.23,506834.0,98435.0,17000.0,-891726.0,-52.4551,0.9501,1.2426,70,33.1,-0.1658
LAX,JEA,Bulk_Carrier,Coal,13447.6,26.86,364141.0,92974.0,22080.0,-837976.0,-37.9522,0.825,1.062,69,44.85,-0.2177
JEA,HOU,Reefer,Refrigerated Goods,13157.3,16.65,358951.0,102060.0,14733.0,-696040.0,-47.2427,0.9621,1.0634,22,50.37,-0.205
LAG,HOU,Bulk_Carrier,Grain,10488.9,20.97,343525.0,97968.0,45123.0,-710953.0,-15.756,0.911,0.9828,27,66.24,-0.3006
MUM,LAX,Tanker,Chemical,14043.2,24.43,491119.0,98735.0,131873.0,-824443.0,-6.2518,0.8195,0.9466,33,69.2,-0.3245
COL,BUS,LNG_Carrier,LNG,5911.7,7.95,608126.0,76642.0,18899.0,-785134.0,-41.5448,0.7832,0.9192,36,45.65,-0.2717
LAG,CPT,Container_Ship,Auto Parts,4761.1,5.45,563520.0,56773.0,228436.0,-473650.0,-2.0734,0.8722,0.97,31,40.68,-0.1533
COL,TYO,Reefer,Perishables,6846.1,9.46,229703.0,109592.0,9726.0,-471447.0,-48.4713,0.8492,1.0606,22,87.16,-0.3
BUS,LAG,LNG_Carrier,LPG,12692.5,16.04,1104711.0,73621.0,21351.0,-1397588.0,-65.4582,0.9583,1.0609,50,70.45,-0.5842
CPT,HOU,Bulk_Carrier,Iron Ore,13853.3,24.65,407904.0,88912.0,17205.0,-849386.0,-49.3692,0.8272,1.0504,31,75.52,-0.367
HAM,LAX,Reefer,Frozen Fish,9100.3,11.63,247688.0,120923.0,18075.0,-524967.0,-29.0444,0.893,1.1244,39,60.18,-0.2118
SYD,LAX,Bulk_Carrier,Bauxite,12054.8,22.93,346614.0,132011.0,6692.0,-815848.0,-121.9186,0.8151,0.9122,30,67.5,-0.3336
NYK,SAN,Tanker,Crude Oil,7737.9,14.59,333858.0,101003.0,15396.0,-638368.0,-41.4623,0.9351,1.0976,19,77.95,-0.351
SAN,HOU,Tanker,Fuel Oil,7942.5,14.86,282592.0,109304.0,88218.0,-526611.0,-5.9695,0.9209,1.1404,22,63.61,-0.2344
TYO,COL,Tanker,Fuel Oil,6846.1,12.07,222782.0,110458.0,83237.0,-431092.0,-5.1791,0.9739,1.0175,71,60.39,-0.1901
MUM,COL,LNG_Carrier,LPG,1535.0,1.86,154427.0,54034.0,17012.0,-219406.0,-12.8968,0.833,0.9725,56,79.68,-0.1614
RTM,KHI,Tanker,Crude Oil,5993.9,10.07,220646.0,76738.0,14712.0,-433762.0,-29.4838,0.996,0.9847,43,56.38,-0.1848
SAN,BUS,LNG_Carrier,LPG,18691.4,23.21,1784193.0,82937.0,19813.0,-2195505.0,-110.8098,0.7756,1.2165,22,54.86,-0.5995
SAN,TYO,Reefer,Pharmaceuticals,18591.0,23.94,517606.0,107938.0,84142.0,-900502.0,-10.7021,0.9151,0.9578,23,46.12,-0.2072
JEA,SYD,LNG_Carrier,LPG,12058.9,15.73,1344494.0,92692.0,18656.0,-1654548.0,-88.6884,0.7752,1.146,51,71.46,-0.7161
SHA,CPT,Reefer,Perishables,12978.3,17.92,374875.0,80873.0,8980.0,-715601.0,-79.689,0.8971,0.9269,33,83.08,-0.3496
RTM,ANT,Bulk_Carrier,Bauxite,78.1,0.14,2205.0,126215.0,8601.0,-121983.0,-14.1821,0.7847,1.218,67,39.05,-0.0474
RTM,BUS,Tanker,Crude Oil,8936.6,15.2,340173.0,117226.0,15428.0,-669972.0,-43.4268,0.8407,1.2234,68,62.11,-0.2807
BUS,SAN,Bulk_Carrier,Bauxite,18691.4,33.18,507313.0,83596.0,9219.0,-1079317.0,-117.0695,0.9453,1.0836,58,44.67,-0.2399
LAG,MUM,Tanker,Chemical,7617.6,13.95,264766.0,65268.0,155553.0,-383790.0,-2.4673,0.8264,1.1072,65,36.98,-0.1006
LAG,HAM,Reefer,Frozen Fish,5272.3,7.53,189898.0,87960.0,21129.0,-369671.0,-17.4957,0.9771,1.2014,29,55.78,-0.1605
SYD,SGP,Tanker,Crude Oil,6299.1,11.62,234729.0,102870.0,12718.0,-499134.0,-39.246,0.7953,1.0661,36,41.17,-0.1533
JEA,NYK,Tanker,Fuel Oil,11017.6,19.58,358603.0,117028.0,61189.0,-708213.0,-11.5742,0.7838,0.9293,43,53.18,-0.2361
SYD,LAX,Bulk_Carrier,Iron Ore,12054.8,20.93,328028.0,134665.0,18157.0,-758508.0,-41.776,0.9536,0.9616,42,48.79,-0.2242
LAG,HOU,Bulk_Carrier,Iron Ore,10488.9,19.36,259390.0,99817.0,19316.0,-630361.0,-32.6334,0.9425,1.0351,26,73.56,-0.296
BUS,ANT,Reefer,Perishables,8997.1,13.08,277167.0,100531.0,8938.0,-565004.0,-63.2154,0.7774,1.0645,57,35.87,-0.1364
SAN,KHI,Reefer,Refrigerated Goods,13337.2,17.67,437514.0,53324.0,13438.0,-742439.0,-55.2481,0.9915,0.9412,54,78.59,-0.3392
JEA,HOU,Bulk_Carrier,Coal,13157.3,23.2,308728.0,109164.0,24650.0,-741310.0,-30.074,0.8888,1.1005,36,30.05,-0.1303
SHA,JEA,Tanker,Crude Oil,6458.3,11.98,265953.0,86786.0,13627.0,-518851.0,-38.0752,0.976,0.9308,22,63.02,-0.2424
ANT,NYK,Tanker,Crude Oil,5881.5,9.56,189793.0,121580.0,12367.0,-442391.0,-35.7724,0.8019,1.0281,59,60.48,-0.2031
SAN,ANT,Container_Ship,Auto Parts,9716.8,10.7,1168637.0,96563.0,244732.0,-1180935.0,-4.8254,0.9384,0.9659,57,75.37,-0.5838
ANT,MUM,Tanker,Chemical,6885.8,11.15,256943.0,92460.0,172171.0,-344457.0,-2.0007,0.8505,1.1908,59,31.48,-0.079
ANT,BUS,Tanker,Chemical,8997.1,14.58,329485.0,97543.0,138089.0,-507568.0,-3.6757,0.8998,0.9027,33,47.53,-0.1624
COL,TYO,LNG_Carrier,LPG,6846.1,8.54,693533.0,96675.0,19246.0,-899000.0,-46.7115,0.8481,1.0806,55,80.4,-0.5277
SYD,NYK,Bulk_Carrier,Coal,15985.3,31.06,509151.0,136479.0,20298.0,-1091175.0,-53.7577,0.8544,0.9428,62,53.01,-0.3105
MUM,BUS,Tanker,Crude Oil,5775.4,9.94,206208.0,79709.0,15508.0,-419476.0,-27.0486,0.9023,1.1458,57,52.39,-0.1675
HAM,LAG,LNG_Carrier,LPG,5272.3,6.29,439718.0,94145.0,18960.0,-609296.0,-32.1353,0.8519,1.0599,47,33.87,-0.1606
TYO,SHA,LNG_Carrier,LNG,1754.3,2.31,181100.0,139766.0,28683.0,-326887.0,-11.3967,0.9325,1.1718,26,75.55,-0.2256
KHI,LAG,Tanker,Fuel Oil,7048.8,12.13,246337.0,55389.0,61614.0,-421989.0,-6.8489,0.7649,0.959,21,77.74,-0.2376
SYD,SAN,Container_Ship,Auto Parts,13322.4,14.11,1610884.0,90081.0,273738.0,-1638909.0,-5.9871,0.864,1.1735,39,31.66,-0.3018
TYO,RTM,Tanker,Crude Oil,9345.2,15.95,363441.0,145699.0,15232.0,-733191.0,-48.1336,0.8288,1.2252,34,36.23,-0.1765
LAX,SYD,Bulk_Carrier,Bauxite,12054.8,21.69,283415.0,121104.0,10515.0,-719347.0,-68.4117,0.9915,1.1784,53,53.42,-0.2327
SAN,LAX,Reefer,Frozen Fish,9942.3,14.05,369211.0,97253.0,20271.0,-657000.0,-32.4107,0.9843,1.1441,38,80.9,-0.3459
NYK,HOU,Container_Ship,Machinery,2277.1,2.34,260970.0,155887.0,214765.0,-237161.0,-1.1043,0.8988,1.2446,26,78.45,-0.1657
LAG,COL,Container_Ship,Machinery,8435.8,9.32,967365.0,55314.0,210518.0,-952024.0,-4.5223,0.8999,1.2185,53,65.88,-0.4309
COL,SAN,Reefer,Frozen Fish,13986.2,19.82,476914.0,63885.0,17304.0,-820851.0,-47.4382,0.7953,1.2088,54,67.46,-0.3155
NYK,COL,LNG_Carrier,LNG,14086.8,18.43,1398894.0,95061.0,27819.0,-1742529.0,-62.6381,0.8648,1.2255,35,86.56,-0.8567
TYO,SGP,LNG_Carrier,LPG,5314.4,7.29,610971.0,126457.0,14625.0,-832091.0,-56.8961,0.766,0.9091,31,49.54,-0.3203
RTM,NYK,Bulk_Carrier,Bauxite,5858.2,10.79,160227.0,129886.0,10988.0,-440929.0,-40.1272,0.9938,1.2286,71,53.61,-0.1796
MUM,HAM,Container_Ship,Electronics,6551.7,7.17,750190.0,86891.0,308807.0,-635769.0,-2.0588,0.9573,1.0752,57,37.68,-0.177
JEA,SHA,Bulk_Carrier,Grain,6458.3,12.76,212164.0,86694.0,45333.0,-444863.0,-9.8133,0.7577,1.1871,53,36.97,-0.1219
SYD,SHA,Tanker,Crude Oil,7881.4,13.67,303239.0,123301.0,14062.0,-617563.0,-43.9158,0.96,0.9766,69,33.55,-0.1453
SHA,ANT,Container_Ship,Electronics,8980.7,9.44,1106222.0,115757.0,226554.0,-1136985.0,-5.0186,0.7857,0.9612,40,67.66,-0.5181
SHA,LAX,Bulk_Carrier,Grain,10457.0,21.02,294218.0,112526.0,37551.0,-684549.0,-18.23,0.8121,0.9175,33,36.16,-0.1582
COL,KHI,LNG_Carrier,LNG,2418.3,3.21,253461.0,43170.0,29079.0,-315768.0,-10.8591,0.9471,1.1697,40,42.02,-0.1173
RTM,SYD,Container_Ship,Auto Parts,16689.6,17.79,1849830.0,127523.0,240350.0,-2003857.0,-8.3373,0.7974,1.1164,57,65.75,-0.693
RTM,KHI,Bulk_Carrier,Grain,5993.9,11.46,160099.0,86072.0,39897.0,-378106.0,-9.4771,0.858,0.9226,39,76.29,-0.2179
SAN,ANT,LNG_Carrier,LNG,9716.8,13.34,1125895.0,101293.0,24779.0,-1402476.0,-56.599,0.8304,1.1368,69,51.07,-0.4698
ANT,BUS,Tanker,Chemical,8997.1,15.03,340949.0,116174.0,143335.0,-539274.0,-3.7623,0.9195,0.9169,65,38.59,-0.1401
CPT,SAN,LNG_Carrier,LNG,6297.2,8.46,600315.0,69177.0,18454.0,-777982.0,-42.1581,0.7643,0.9198,70,73.77,-0.4283
HAM,SAN,Tanker,Chemical,10166.5,16.44,359594.0,91446.0,152500.0,-545070.0,-3.5742,0.8268,1.085,66,33.67,-0.1185
LAG,LAX,LNG_Carrier,LNG,12430.0,15.24,1210931.0,94635.0,20344.0,-1513765.0,-74.4075,0.8274,0.9367,50,51.86,-0.4698
TYO,LAX,LNG_Carrier,LNG,8839.0,11.31,933521.0,157456.0,23724.0,-1236899.0,-52.138,0.885,1.0212,62,66.2,-0.5543
ANT,LAX,LNG_Carrier,LNG,9036.9,11.43,850650.0,121080.0,21479.0,-1121714.0,-52.2247,0.8599,0.9515,40,85.72,-0.6462
KHI,SYD,Container_Ship,Electronics,11020.1,12.3,1380256.0,73678.0,325755.0,-1312670.0,-4.0296,0.9613,1.1296,60,31.5,-0.2592
HOU,COL,Bulk_Carrier,Iron Ore,15903.9,28.43,381882.0,92744.0,23792.0,-877292.0,-36.8728,0.9751,1.2323,59,55.68,-0.2628
SYD,KHI,Container_Ship,Electronics,11020.1,12.7,1309330.0,85364.0,258217.0,-1326916.0,-5.1388,0.9557,0.9006,53,51.27,-0.4265
LAG,JEA,Container_Ship,Auto Parts,5856.7,7.01,664717.0,63390.0,235119.0,-598070.0,-2.5437,0.8528,1.0211,69,56.18,-0.2553
SHA,ANT,Container_Ship,Auto Parts,8980.7,9.95,1062225.0,119841.0,221301.0,-1110083.0,-5.0162,0.8165,1.0039,46,46.11,-0.3447
LAX,JEA,Bulk_Carrier,Bauxite,13447.6,23.83,319532.0,93521.0,8610.0,-761967.0,-88.4951,0.9735,0.9828,35,78.94,-0.3485
LAG,JEA,Reefer,Refrigerated Goods,5856.7,8.02,196529.0,67626.0,11427.0,-373005.0,-32.6432,0.786,1.0096,33,70.72,-0.2004
SHA,JEA,LNG_Carrier,LPG,6458.3,8.7,699025.0,96208.0,18428.0,-907372.0,-49.2387,0.8561,1.025,26,32.75,-0.2203
CPT,HAM,Reefer,Perishables,9764.5,13.37,331260.0,85333.0,10129.0,-607001.0,-59.9279,0.9878,0.9495,40,81.05,-0.3221
COL,NYK,LNG_Carrier,LNG,14086.8,19.01,1366086.0,92399.0,22092.0,-1721593.0,-77.9274,0.7854,1.0716,66,81.73,-0.7992
MUM,CPT,Container_Ship,Auto Parts,8227.2,9.14,868799.0,60118.0,286398.0,-779557.0,-2.7219,0.997,1.0639,48,73.62,-0.3974
CPT,SYD,Reefer,Pharmaceuticals,11011.7,14.05,372300.0,91923.0,91232.0,-583788.0,-6.3989,0.8435,1.1266,38,89.55,-0.3279
SGP,BUS,Reefer,Refrigerated Goods,4583.4,5.93,126189.0,98883.0,13410.0,-300671.0,-22.4212,0.8997,1.035,53,33.04,-0.0796
HAM,SAN,Container_Ship,Electronics,10166.5,11.24,1248293.0,89697.0,275820.0,-1230767.0,-4.4622,0.8197,1.1216,66,73.66,-0.5853
BUS,SHA,Container_Ship,Electronics,832.1,0.86,84227.0,113586.0,319092.0,108402.0,0.3397,0.8876,1.1983,46,86.64,0.0899
TYO,SGP,Tanker,Chemical,5314.4,8.57,166714.0,113763.0,165019.0,-244040.0,-1.4789,0.8552,1.1351,24,31.54,-0.0598
MUM,TYO,Reefer,Pharmaceuticals,6733.0,9.43,219972.0,110927.0,98728.0,-373674.0,-3.7849,0.8716,1.1799,24,34.77,-0.0953
SHA,HAM,Reefer,Pharmaceuticals,8527.4,10.91,280690.0,109373.0,88109.0,-465645.0,-5.2849,0.8368,1.0968,69,35.25,-0.1124
HAM,SAN,LNG_Carrier,LPG,10166.5,12.74,944358.0,92469.0,19313.0,-1208628.0,-62.5798,0.8094,1.1362,71,40.52,-0.3162
CPT,SGP,Tanker,Fuel Oil,9665.9,16.83,311307.0,79751.0,82263.0,-561214.0,-6.8222,0.9112,1.0747,59,67.66,-0.2495
KHI,SAN,Reefer,Refrigerated Goods,13337.2,17.45,462932.0,56707.0,12077.0,-769243.0,-63.6932,0.8396,0.9989,62,84.91,-0.3797
ANT,KHI,Bulk_Carrier,Iron Ore,5992.6,12.12,182350.0,77717.0,20376.0,-421500.0,-20.6861,0.8391,1.2264,25,83.46,-0.2658
SAN,KHI,Tanker,Fuel Oil,13337.2,22.61,484843.0,61511.0,76523.0,-808937.0,-10.5712,0.8017,1.1363,45,89.67,-0.4217
SGP,JEA,Bulk_Carrier,Bauxite,5858.9,10.3,157714.0,85526.0,7701.0,-389977.0,-50.6405,0.9275,0.9225,51,87.73,-0.2599
TYO,KHI,Reefer,Perishables,6926.4,9.46,217244.0,100444.0,9005.0,-450638.0,-50.045,0.8814,0.9459,25,57.51,-0.1886
NYK,SAN,Reefer,Refrigerated Goods,7737.9,10.7,283131.0,103610.0,11194.0,-536028.0,-47.8865,0.8017,0.9696,36,40.23,-0.1521
SYD,CPT,Tanker,Fuel Oil,11011.7,19.43,358313.0,80729.0,90425.0,-640018.0,-7.0779,0.997,1.0797,61,32.08,-0.1288
SHA,HAM,Tanker,Fuel Oil,8527.4,13.9,263616.0,109182.0,79968.0,-501295.0,-6.2687,0.854,1.1147,19,35.02,-0.1202
COL,BUS,Tanker,Chemical,5911.7,10.09,217143.0,74286.0,138249.0,-304560.0,-2.203,0.8258,0.9848,52,49.2,-0.1136
HAM,MUM,Container_Ship,Auto Parts,6551.7,7.81,838471.0,87645.0,259294.0,-783996.0,-3.0236,0.9031,1.0634,28,37.54,-0.2174
SYD,NYK,Tanker,Crude Oil,15985.3,26.62,580256.0,139559.0,14079.0,-1105027.0,-78.4852,0.9537,0.9842,48,78.43,-0.4652
KHI,HOU,Reefer,Perishables,13656.9,18.25,422335.0,97534.0,12511.0,-781039.0,-62.4284,0.9528,1.2158,34,66.22,-0.2977
LAX,COL,Bulk_Carrier,Bauxite,15107.0,27.91,425017.0,92336.0,6785.0,-929281.0,-136.9607,0.7821,0.9639,32,65.45,-0.335
SGP,HOU,Tanker,Chemical,16004.8,29.5,658774.0,120174.0,163978.0,-1057462.0,-6.4488,0.8138,1.1853,67,61.48,-0.3488
MUM,ANT,Tanker,Fuel Oil,6885.8,11.84,223962.0,93519.0,79641.0,-415512.0,-5.2173,0.8716,1.0878,32,33.27,-0.1008
BUS,JEA,Tanker,Fuel Oil,7055.4,13.13,251112.0,96103.0,85517.0,-458617.0,-5.3629,0.9594,1.0612,23,38.26,-0.1271
HAM,SHA,LNG_Carrier,LNG,8527.4,11.6,852344.0,116418.0,24572.0,-1118147.0,-45.5046,0.8465,1.1059,49,59.94,-0.4589
SGP,NYK,LNG_Carrier,LPG,15342.9,18.21,1524533.0,122447.0,21709.0,-1898470.0,-87.452,0.8958,1.154,62,53.73,-0.5579
LAX,NYK,Container_Ship,Electronics,3948.9,4.18,404983.0,149480.0,244185.0,-372993.0,-1.5275,0.8964,0.9081,34,56.29,-0.1731
MUM,TYO,Bulk_Carrier,Grain,6733.0,12.64,190903.0,115621.0,55325.0,-440839.0,-7.9681,0.9392,1.1688,59,58.62,-0.1895
NYK,SAN,Reefer,Perishables,7737.9,9.82,220475.0,102376.0,9791.0,-460327.0,-47.0171,0.7691,1.1786,19,70.53,-0.229
CPT,HOU,Reefer,Perishables,13853.3,19.45,424792.0,95496.0,11667.0,-800398.0,-68.6009,0.9903,1.0909,68,47.9,-0.2193
SGP,HAM,LNG_Carrier,LPG,10154.8,12.53,931062.0,110760.0,23758.0,-1205963.0,-50.7606,0.999,1.1325,46,41.57,-0.3238
KHI,ANT,Bulk_Carrier,Grain,5992.6,12.03,194089.0,81326.0,41559.0,-414340.0,-9.9699,0.9146,0.9015,70,62.11,-0.1944
HOU,SAN,Tanker,Crude Oil,7942.5,13.64,288229.0,101588.0,14319.0,-580142.0,-40.5163,0.7741,1.2332,43,80.62,-0.3273
SYD,LAX,Tanker,Chemical,12054.8,20.33,388681.0,116098.0,168105.0,-641671.0,-3.8171,0.913,1.0831,45,77.79,-0.3023
CPT,MUM,Container_Ship,Containers,8227.2,8.89,1000467.0,56492.0,96107.0,-1094168.0,-11.3849,0.9267,0.9602,70,72.6,-0.55
ANT,COL,Container_Ship,Containers,8396.7,8.67,831641.0,79337.0,119804.0,-921239.0,-7.6896,0.9073,1.2226,39,53.98,-0.3422
LAX,MUM,Reefer,Perishables,14043.2,17.98,462507.0,100511.0,8834.0,-823817.0,-93.2524,0.79,1.0354,66,61.87,-0.2899
CPT,LAX,Tanker,Crude Oil,16044.7,28.98,628325.0,99287.0,13565.0,-1148734.0,-84.6842,0.9291,0.9734,68,36.31,-0.2235
RTM,SYD,Reefer,Refrigerated Goods,16689.6,24.1,583342.0,112441.0,11721.0,-1045557.0,-89.2024,0.904,0.9004,20,84.58,-0.4651
KHI,HAM,Bulk_Carrier,Coal,5660.0,9.96,137946.0,82212.0,18603.0,-350934.0,-18.8645,0.772,0.9562,33,52.37,-0.1408
LAX,NYK,Bulk_Carrier,Grain,3948.9,7.06,105331.0,130646.0,48361.0,-293494.0,-6.0689,0.8819,1.088,65,75.51,-0.1827
TYO,LAX,Container_Ship,Electronics,8839.0,9.52,1087674.0,137618.0,343842.0,-1024178.0,-2.9786,0.9846,1.164,67,31.82,-0.2206
KHI,NYK,Bulk_Carrier,Iron Ore,11689.8,20.59,301243.0,89359.0,21616.0,-677803.0,-31.3572,0.9897,1.103,55,38.0,-0.1579
TYO,COL,Tanker,Crude Oil,6846.1,12.49,281935.0,110137.0,15819.0,-563632.0,-35.6297,0.9177,1.1492,52,52.0,-0.214
COL,LAG,Reefer,Refrigerated Goods,8435.8,11.92,256293.0,58531.0,12900.0,-480794.0,-37.2721,0.8676,1.0325,51,74.68,-0.2467
MUM,NYK,Container_Ship,Containers,12555.7,12.95,1259128.0,100721.0,97262.0,-1456843.0,-14.9786,0.7823,1.1511,38,78.05,-0.6776
SHA,TYO,Tanker,Fuel Oil,1754.3,3.18,60094.0,138495.0,89231.0,-157106.0,-1.7607,0.9752,1.0892,71,47.98,-0.0689
NYK,BUS,Tanker,Fuel Oil,11254.3,21.22,457317.0,136164.0,79570.0,-832220.0,-10.4589,0.8912,1.0629,64,46.03,-0.2383
SYD,ANT,LNG_Carrier,LNG,16725.3,20.95,1483611.0,106939.0,23313.0,-1881455.0,-80.7041,0.8123,1.0933,19,36.03,-0.3562
TYO,COL,LNG_Carrier,LNG,6846.1,8.98,642214.0,104441.0,22430.0,-858911.0,-38.2924,0.7939,1.0763,43,50.05,-0.3139
SHA,ANT,LNG_Carrier,LNG,8980.7,11.76,867506.0,115798.0,26903.0,-1132761.0,-42.105,0.9522,1.0763,51,54.56,-0.4162
SHA,LAX,Tanker,Chemical,10457.0,17.34,396220.0,115355.0,156985.0,-614621.0,-3.9151,0.8795,1.05,29,39.82,-0.1564
SYD,SHA,Bulk_Carrier,Iron Ore,7881.4,13.74,218934.0,103967.0,15476.0,-513488.0,-33.1787,0.7711,1.0137,63,60.03,-0.2162
JEA,BUS,LNG_Carrier,LPG,7055.4,9.77,837391.0,80531.0,20073.0,-1044376.0,-52.0284,0.8123,1.1768,21,87.22,-0.6597
ANT,MUM,Tanker,Fuel Oil,6885.8,11.24,222250.0,94814.0,73740.0,-411857.0,-5.5853,0.7836,1.1203,53,56.36,-0.1692
LAG,SGP,Tanker,Crude Oil,11147.2,20.83,395297.0,79363.0,12055.0,-775062.0,-64.2942,0.7845,1.0244,41,47.11,-0.2279
ANT,CPT,Reefer,Frozen Fish,9566.7,13.7,309610.0,91089.0,17894.0,-588304.0,-32.8763,0.9235,1.0765,35,34.98,-0.1357
LAG,NYK,Bulk_Carrier,Iron Ore,8481.1,15.26,236117.0,114606.0,18375.0,-561186.0,-30.5412,0.8473,1.0953,50,45.48,-0.1751
HOU,SYD,Tanker,Crude Oil,13818.5,23.29,425748.0,128244.0,14983.0,-888348.0,-59.289,0.953,1.0482,40,61.99,-0.3154
SGP,SHA,Container_Ship,Containers,3810.3,4.51,496919.0,97661.0,99753.0,-562549.0,-5.6394,0.9856,0.9372,27,46.0,-0.2146
SYD,LAX,LNG_Carrier,LNG,12054.8,15.4,1266683.0,128769.0,23823.0,-1602607.0,-67.2704,0.9918,0.915,66,83.49,-0.8105
ANT,NYK,LNG_Carrier,LPG,5881.5,7.99,590709.0,132960.0,16640.0,-826832.0,-49.6901,0.829,0.9558,22,34.79,-0.2184
JEA,SYD,Bulk_Carrier,Bauxite,12058.9,22.19,295279.0,98136.0,7692.0,-718572.0,-93.4208,0.9025,0.947,42,52.18,-0.2271
JEA,SYD,Reefer,Refrigerated Goods,12058.9,15.8,356929.0,93166.0,10813.0,-676335.0,-62.5507,0.8287,0.9061,46,35.0,-0.1434
BUS,KHI,Bulk_Carrier,Grain,5990.8,11.04,177472.0,78914.0,45457.0,-376532.0,-8.2833,0.947,0.9524,26,52.42,-0.1491
KHI,SYD,Bulk_Carrier,Iron Ore,11020.1,21.06,305167.0,82242.0,18824.0,-684425.0,-36.3586,0.8352,1.1383,25,65.45,-0.2808
LAX,SGP,Tanker,Crude Oil,14141.5,24.83,541003.0,111553.0,13500.0,-1011538.0,-74.9281,0.8625,1.0434,57,35.02,-0.2009
SAN,HOU,LNG_Carrier,LNG,7942.5,9.52,774025.0,99230.0,27852.0,-988236.0,-35.4821,0.9306,1.1402,27,88.52,-0.6122
SYD,COL,Container_Ship,Machinery,8748.1,9.4,1111440.0,89203.0,189788.0,-1151822.0,-6.069,0.9681,1.021,56,61.79,-0.4834
TYO,KHI,Reefer,Refrigerated Goods,6926.4,8.97,217871.0,106010.0,12322.0,-446113.0,-36.2048,0.8624,0.9922,21,87.82,-0.2851
LAG,NYK,Reefer,Perishables,8481.1,12.38,285366.0,96854.0,9321.0,-558652.0,-59.9362,0.8683,0.994,28,58.49,-0.2241
SGP,COL,Container_Ship,Machinery,2732.3,3.19,352205.0,74002.0,204049.0,-269980.0,-1.3231,0.9874,1.0764,68,89.7,-0.211
NYK,SGP,Bulk_Carrier,Bauxite,15342.9,26.84,366729.0,126685.0,7596.0,-888474.0,-116.9596,0.7964,1.0598,68,75.79,-0.3683
HAM,SAN,Bulk_Carrier,Iron Ore,10166.5,20.12,282565.0,95168.0,15502.0,-663957.0,-42.8302,0.8064,0.9709,35,84.35,-0.3616
NYK,SHA,Bulk_Carrier,Iron Ore,11860.8,23.66,358214.0,121897.0,18998.0,-816065.0,-42.9544,0.8857,1.0833,43,56.27,-0.2799
SHA,NYK,Bulk_Carrier,Iron Ore,11860.8,22.66,355807.0,142683.0,17096.0,-821231.0,-48.0359,0.8625,1.0011,70,40.43,-0.2024
LAG,BUS,Reefer,Refrigerated Goods,12692.5,16.96,404521.0,85360.0,10852.0,-733495.0,-67.592,0.8334,0.9043,69,44.02,-0.1916
CPT,SGP,Tanker,Crude Oil,9665.9,17.81,369399.0,72412.0,14618.0,-694308.0,-47.4964,0.8085,1.2054,49,87.59,-0.3996
HAM,JEA,LNG_Carrier,LNG,4892.2,6.77,583627.0,95920.0,24264.0,-756886.0,-31.194,0.8759,1.0553,37,89.6,-0.5364
LAX,SAN,Tanker,Chemical,9942.3,16.55,340342.0,105298.0,124373.0,-569552.0,-4.5794,0.7953,0.9199,63,53.48,-0.1982
CPT,SAN,Bulk_Carrier,Iron Ore,6297.2,12.41,174352.0,65798.0,22523.0,-403744.0,-17.9255,0.9602,1.1846,46,30.94,-0.0932
CPT,JEA,Bulk_Carrier,Coal,7606.3,13.39,181888.0,59630.0,23017.0,-419321.0,-18.2177,0.8794,1.0387,50,48.62,-0.1445
JEA,HAM,Reefer,Pharmaceuticals,4892.2,7.1,178609.0,95238.0,94817.0,-285553.0,-3.0116,0.9658,1.0226,22,74.24,-0.1677
NYK,SAN,Tanker,Crude Oil,7737.9,13.16,263889.0,103803.0,10635.0,-554518.0,-52.1387,0.786,0.9021,60,42.36,-0.1657
HAM,NYK,Container_Ship,Electronics,6125.8,6.58,784200.0,127388.0,253594.0,-756720.0,-2.984,0.8161,1.0357,54,64.05,-0.3642
SGP,BUS,Container_Ship,Electronics,4583.4,5.15,510905.0,100589.0,262096.0,-426622.0,-1.6277,0.8402,1.0398,55,34.29,-0.1173
BUS,ANT,Bulk_Carrier,Iron Ore,8997.1,16.08,224328.0,116166.0,18996.0,-562664.0,-29.6205,0.8182,1.1725,21,40.24,-0.1524
COL,RTM,Container_Ship,Auto Parts,8401.4,9.22,962214.0,83094.0,279527.0,-904084.0,-3.2343,0.9873,1.0486,19,71.95,-0.4475
NYK,SHA,Bulk_Carrier,Bauxite,11860.8,22.93,351928.0,123032.0,7334.0,-811533.0,-110.6498,0.8404,0.9697,25,41.36,-0.2046
COL,NYK,Container_Ship,Auto Parts,14086.8,16.12,1922861.0,107692.0,202440.0,-2069848.0,-10.2245,0.781,0.9601,47,81.11,-0.9536
LAG,LAX,Container_Ship,Electronics,12430.0,14.05,1520718.0,99592.0,273456.0,-1557615.0,-5.696,0.8655,1.0532,56,36.88,-0.3437
HOU,KHI,Reefer,Refrigerated Goods,13656.9,19.72,522077.0,89017.0,15113.0,-891727.0,-59.0044,0.8937,1.1743,44,88.55,-0.4545
COL,LAG,Container_Ship,Machinery,8435.8,8.88,1027060.0,55368.0,181946.0,-1033694.0,-5.6813,0.8108,1.1687,32,86.34,-0.6132
SGP,LAX,Container_Ship,Auto Parts,14141.5,15.27,1612495.0,100098.0,248877.0,-1692834.0,-6.8019,0.926,0.9954,58,81.56,-0.7828
JEA,RTM,Reefer,Perishables,5176.2,7.02,167236.0,109455.0,12149.0,-369817.0,-30.4409,0.9596,1.1722,50,57.36,-0.1658
SGP,SAN,Reefer,Perishables,15934.4,22.69,474995.0,80830.0,7953.0,-888253.0,-111.6922,0.7904,0.9316,60,89.13,-0.4256
MUM,HAM,Reefer,Refrigerated Goods,6551.7,9.2,218816.0,82932.0,16784.0,-422899.0,-25.1961,0.9524,1.2238,29,88.54,-0.2766
HAM,RTM,Bulk_Carrier,Grain,406.5,0.82,12656.0,126821.0,48674.0,-103113.0,-2.1184,0.825,1.1706,42,84.13,-0.0849
RTM,NYK,Tanker,Fuel Oil,5858.2,10.6,210562.0,131364.0,69903.0,-430992.0,-6.1656,0.83,1.0026,45,66.45,-0.2176
MUM,NYK,Tanker,Crude Oil,12555.7,22.57,451711.0,109037.0,10933.0,-888388.0,-81.2557,0.7628,0.9556,57,47.14,-0.2496
KHI,RTM,LNG_Carrier,LNG,5993.9,7.13,514283.0,82703.0,23343.0,-680644.0,-29.1579,0.8487,1.0478,66,55.18,-0.2837
HAM,RTM,Reefer,Refrigerated Goods,406.5,0.56,14223.0,133287.0,11951.0,-143994.0,-12.0482,0.8878,0.9349,25,81.75,-0.1152
BUS,HOU,Tanker,Fuel Oil,11424.5,21.43,461361.0,109641.0,92142.0,-800317.0,-8.6857,0.9168,1.1964,37,72.53,-0.359
KHI,CPT,Container_Ship,Electronics,8308.9,9.64,1020498.0,45897.0,310479.0,-900468.0,-2.9002,0.9584,1.0798,21,63.01,-0.3917
COL,MUM,Container_Ship,Machinery,1535.0,1.63,187623.0,54634.0,173618.0,-93137.0,-0.5364,0.9599,0.942,69,58.2,-0.0501
CPT,MUM,Reefer,Perishables,8227.2,11.28,282218.0,55453.0,11399.0,-495461.0,-43.4657,0.892,1.1833,57,68.99,-0.2367
MUM,SAN,Reefer,Perishables,13740.7,17.24,433216.0,61736.0,10734.0,-742772.0,-69.2008,0.9093,1.093,55,64.59,-0.2754
SGP,JEA,Container_Ship,Auto Parts,5858.9,6.84,678592.0,80150.0,269126.0,-592197.0,-2.2004,0.9821,1.0149,31,42.72,-0.1922
SAN,COL,Container_Ship,Auto Parts,13986.2,15.02,1447956.0,58892.0,183429.0,-1548669.0,-8.4429,0.7528,0.9025,27,57.07,-0.5036
COL,HAM,LNG_Carrier,LPG,8074.9,10.46,843263.0,93353.0,19080.0,-1074437.0,-56.3127,0.9575,0.9489,38,86.64,-0.6482
RTM,HAM,Bulk_Carrier,Coal,406.5,0.8,12172.0,116935.0,28554.0,-112614.0,-3.9439,0.9396,1.2059,38,33.85,-0.0373
ANT,LAG,Container_Ship,Containers,4978.7,5.57,576571.0,93795.0,92571.0,-661284.0,-7.1436,0.8672,0.9884,19,69.41,-0.3618
ANT,JEA,Container_Ship,Auto Parts,5160.9,5.95,643095.0,95671.0,286172.0,-541894.0,-1.8936,0.8831,1.2002,71,70.94,-0.3007
JEA,SYD,Reefer,Pharmaceuticals,12058.9,15.28,353703.0,97813.0,90040.0,-590695.0,-6.5604,0.789,1.1888,44,84.27,-0.3015
NYK,CPT,Bulk_Carrier,Iron Ore,12566.3,23.28,376745.0,95404.0,20476.0,-800941.0,-39.1165,0.8279,1.2491,50,51.9,-0.2476
SHA,HAM,Bulk_Carrier,Bauxite,8527.4,15.81,211212.0,118999.0,9205.0,-558087.0,-60.6306,0.8959,1.1415,43,43.49,-0.1662
LAG,CPT,LNG_Carrier,LPG,4761.1,5.86,475420.0,58716.0,18034.0,-604022.0,-33.4935,0.9411,0.9125,22,74.33,-0.3571
SYD,KHI,LNG_Carrier,LPG,11020.1,13.11,1007126.0,86007.0,18553.0,-1271277.0,-68.5215,0.9617,0.9186,49,30.08,-0.2397
TYO,KHI,Reefer,Pharmaceuticals,6926.4,10.01,219641.0,94934.0,104266.0,-360458.0,-3.4571,0.9985,1.0878,21,88.69,-0.2327
NYK,JEA,Reefer,Perishables,11017.6,14.83,380295.0,102221.0,10259.0,-694766.0,-67.7212,0.8063,1.1782,45,56.69,-0.2469
KHI,CPT,Container_Ship,Containers,8308.9,9.71,917095.0,48236.0,96712.0,-1014205.0,-10.4868,0.9103,0.9837,33,35.78,-0.2505
KHI,COL,Reefer,Frozen Fish,2418.3,3.45,86797.0,50010.0,15675.0,-172827.0,-11.0254,0.8818,0.9876,69,68.94,-0.1054
TYO,KHI,Bulk_Carrier,Coal,6926.4,12.03,189931.0,92463.0,27362.0,-435418.0,-15.9135,0.9016,1.2043,61,67.31,-0.2133
TYO,MUM,Bulk_Carrier,Grain,6733.0,12.58,184168.0,114685.0,40141.0,-447411.0,-11.1459,0.7667,1.0388,53,63.21,-0.2074
COL,KHI,Tanker,Chemical,2418.3,4.13,76891.0,46149.0,155105.0,-29869.0,-0.1926,0.895,1.0194,66,77.6,-0.0205
NYK,HOU,Container_Ship,Auto Parts,2277.1,2.46,257380.0,153147.0,217479.0,-230019.0,-1.0577,0.8277,0.9732,67,87.01,-0.1782
HOU,SHA,Container_Ship,Containers,12195.4,12.48,1478453.0,121413.0,98678.0,-1688427.0,-17.1106,0.7726,1.1827,35,57.39,-0.5843
MUM,RTM,Bulk_Carrier,Grain,6887.0,12.13,199878.0,96262.0,48931.0,-429115.0,-8.7698,0.8986,1.0805,36,34.98,-0.1094
CPT,SGP,Container_Ship,Machinery,9665.9,11.21,1280342.0,68663.0,202199.0,-1314919.0,-6.5031,0.8795,1.1975,56,77.04,-0.6656
KHI,TYO,Reefer,Refrigerated Goods,6926.4,9.14,241552.0,94657.0,15892.0,-457394.0,-28.7822,0.8894,1.2408,34,59.77,-0.199
MUM,SYD,Reefer,Perishables,10150.5,13.91,344736.0,92356.0,10398.0,-635383.0,-61.1064,0.7838,1.2283,68,66.76,-0.274
COL,SHA,Container_Ship,Containers,5092.6,5.31,610890.0,79658.0,108097.0,-662175.0,-6.1258,0.8064,1.2411,67,63.84,-0.3316
RTM,COL,Reefer,Refrigerated Goods,8401.4,12.16,268581.0,86456.0,15395.0,-522055.0,-33.9117,0.8718,1.2263,33,76.65,-0.2753
SGP,KHI,LNG_Carrier,LPG,4744.0,6.13,448054.0,73472.0,20999.0,-592484.0,-28.2144,0.8419,1.1877,35,80.81,-0.3812
SAN,NYK,Bulk_Carrier,Iron Ore,7737.9,13.59,193374.0,118489.0,14920.0,-500780.0,-33.5654,0.7936,0.9494,48,36.5,-0.1289
LAG,NYK,Bulk_Carrier,Grain,8481.1,16.48,245572.0,101524.0,40315.0,-553934.0,-13.7402,0.8246,0.97,31,57.86,-0.2198
SAN,COL,Tanker,Chemical,13986.2,23.74,516458.0,57842.0,167898.0,-762518.0,-4.5416,0.8106,1.2185,38,68.39,-0.2971
NYK,LAG,LNG_Carrier,LNG,8481.1,10.92,859955.0,102983.0,30076.0,-1096623.0,-36.4612,0.9189,1.2469,28,41.03,-0.3086
ANT,LAX,Tanker,Crude Oil,9036.9,17.07,326580.0,113382.0,15560.0,-680461.0,-43.7325,0.8558,1.212,18,84.48,-0.3864
CPT,HOU,Tanker,Crude Oil,13853.3,22.47,460952.0,98768.0,18296.0,-878512.0,-48.0167,0.9894,1.2328,60,86.5,-0.4347
LAX,KHI,LNG_Carrier,LPG,13476.2,18.13,1343224.0,82821.0,19226.0,-1678800.0,-87.3203,0.76,1.2046,36,89.6,-0.8707
SYD,SAN,Reefer,Perishables,13322.4,17.32,409656.0,92566.0,9402.0,-752561.0,-80.0432,0.7545,1.1538,49,39.42,-0.1725
CPT,SAN,Bulk_Carrier,Iron Ore,6297.2,10.92,174593.0,58902.0,18291.0,-378988.0,-20.7199,0.8113,1.1386,35,80.48,-0.2276
KHI,SHA,Reefer,Frozen Fish,5340.0,7.55,194030.0,80518.0,13158.0,-374670.0,-28.4746,0.7829,0.9337,58,59.57,-0.1732
SAN,HOU,Reefer,Perishables,7942.5,11.37,247686.0,100863.0,8724.0,-510375.0,-58.5052,0.8469,0.9538,37,51.67,-0.1846
SAN,LAG,Tanker,Crude Oil,6362.4,11.47,212056.0,61425.0,14957.0,-430602.0,-28.7891,0.9473,1.0526,18,43.55,-0.1396
JEA,SHA,Container_Ship,Auto Parts,6458.3,7.74,808913.0,91093.0,279582.0,-736562.0,-2.6345,0.8792,1.1778,52,80.96,-0.4421
MUM,LAX,LNG_Carrier,LPG,14043.2,18.96,1536206.0,103161.0,18234.0,-1905513.0,-104.5011,0.9021,0.9625,29,79.68,-0.8636
SHA,RTM,Bulk_Carrier,Coal,8927.2,15.59,217095.0,116900.0,29233.0,-538593.0,-18.4241,0.9885,1.1736,37,38.36,-0.1394
RTM,HOU,Bulk_Carrier,Coal,8072.0,15.53,248852.0,128589.0,24156.0,-586182.0,-24.2662,0.852,1.1251,44,78.23,-0.3194
CPT,JEA,LNG_Carrier,LNG,7606.3,9.16,727107.0,68208.0,24539.0,-908109.0,-37.0071,0.8602,1.0867,31,39.92,-0.257
SYD,LAX,Container_Ship,Machinery,12054.8,12.8,1526000.0,114268.0,182217.0,-1650006.0,-9.0552,0.8627,1.1001,30,38.61,-0.3859
BUS,KHI,Reefer,Pharmaceuticals,5990.8,7.82,203172.0,66251.0,97176.0,-289475.0,-2.9789,0.8599,1.1771,61,36.86,-0.0806
SYD,SAN,Reefer,Frozen Fish,13322.4,17.51,377189.0,102073.0,15446.0,-726407.0,-47.0284,0.8895,0.9647,19,72.17,-0.3049
ANT,CPT,Tanker,Crude Oil,9566.7,16.23,320625.0,87980.0,14877.0,-637173.0,-42.8284,0.9376,1.0579,46,77.46,-0.3255
SGP,NYK,Reefer,Perishables,15342.9,22.36,536387.0,111578.0,9127.0,-974254.0,-106.7409,0.8887,0.951,57,52.78,-0.2812
BUS,ANT,Bulk_Carrier,Coal,8997.1,16.7,275732.0,106447.0,22961.0,-609782.0,-26.5571,0.9186,0.9919,29,49.74,-0.2041
SHA,ANT,Reefer,Refrigerated Goods,8980.7,12.55,268777.0,110258.0,13708.0,-553629.0,-40.3872,0.7835,1.215,31,62.58,-0.2333
SAN,BUS,Bulk_Carrier,Iron Ore,18691.4,36.34,576474.0,91215.0,19870.0,-1192849.0,-60.0326,0.9893,1.0144,31,53.66,-0.3185
COL,KHI,Tanker,Chemical,2418.3,4.26,89107.0,46731.0,146752.0,-53018.0,-0.3613,0.9247,0.9336,64,50.3,-0.0236
SAN,JEA,LNG_Carrier,LPG,12181.9,14.52,1023790.0,68860.0,16350.0,-1294146.0,-79.1503,0.7751,1.0045,31,41.54,-0.3243
SGP,LAX,Reefer,Frozen Fish,14141.5,19.05,416370.0,107221.0,18342.0,-790941.0,-43.1228,0.8164,1.2482,54,63.84,-0.2863
RTM,LAG,LNG_Carrier,LPG,5056.8,6.85,579600.0,100651.0,21506.0,-761420.0,-35.4042,0.8432,1.2146,52,65.1,-0.3893
HAM,BUS,Reefer,Pharmaceuticals,8550.1,11.98,254821.0,102395.0,95072.0,-441876.0,-4.6478,0.9426,1.0506,53,70.5,-0.2131
LAX,COL,Tanker,Crude Oil,15107.0,28.41,635274.0,94463.0,12009.0,-1143820.0,-95.2447,0.8134,0.9843,52,31.03,-0.1955
RTM,TYO,Tanker,Chemical,9345.2,16.37,309136.0,143481.0,132997.0,-565224.0,-4.2499,0.827,0.946,30,60.46,-0.2271
HAM,HOU,Reefer,Perishables,8306.0,10.97,240139.0,122332.0,10737.0,-516292.0,-48.0844,0.9407,1.0569,52,73.73,-0.2628
RTM,BUS,Tanker,Crude Oil,8936.6,15.63,310731.0,107520.0,15515.0,-637155.0,-41.0683,0.8948,1.1559,22,82.51,-0.3546
SGP,HOU,Bulk_Carrier,Bauxite,16004.8,29.66,400659.0,108115.0,8315.0,-945372.0,-113.6887,0.8912,1.0367,42,51.95,-0.2634
COL,NYK,LNG_Carrier,LPG,14086.8,19.54,1605331.0,95871.0,22584.0,-1971669.0,-87.3028,0.9163,1.1736,34,84.6,-0.9474
RTM,SYD,LNG_Carrier,LNG,16689.6,21.95,1836746.0,120443.0,19275.0,-2267178.0,-117.6226,0.7925,0.9265,67,77.24,-0.9211
BUS,MUM,Reefer,Pharmaceuticals,5775.4,7.83,171604.0,76192.0,85652.0,-279636.0,-3.2648,0.7504,1.189,65,43.56,-0.0929
HOU,CPT,Container_Ship,Electronics,13853.3,15.2,1579112.0,91815.0,309808.0,-1589067.0,-5.1292,0.9158,1.1277,66,63.25,-0.575
RTM,HOU,LNG_Carrier,LNG,8072.0,11.24,964024.0,132045.0,24019.0,-1240722.0,-51.6551,0.799,1.1452,56,34.6,-0.299
RTM,CPT,Reefer,Perishables,9642.1,12.09,293152.0,93537.0,9813.0,-558193.0,-56.8857,0.9079,1.0007,61,65.23,-0.2394
MUM,SAN,Container_Ship,Electronics,13740.7,16.18,1535875.0,68666.0,281418.0,-1565772.0,-5.5639,0.9274,1.0115,22,42.53,-0.3823
TYO,CPT,LNG_Carrier,LPG,14727.6,17.89,1539200.0,101246.0,16125.0,-1892689.0,-117.3757,0.7834,0.9801,70,35.07,-0.3698
SAN,ANT,Reefer,Refrigerated Goods,9716.8,14.05,321757.0,101241.0,11801.0,-621932.0,-52.7026,0.8092,1.0127,36,45.91,-0.1873
BUS,HOU,Reefer,Frozen Fish,11424.5,15.93,344491.0,124776.0,19934.0,-688216.0,-34.5256,0.924,1.1986,50,75.38,-0.3209
SYD,ANT,Tanker,Chemical,16725.3,30.2,656827.0,114630.0,145286.0,-1079240.0,-7.4284,0.8996,0.95,45,35.74,-0.2027
NYK,MUM,LNG_Carrier,LPG,12555.7,15.89,1352855.0,104429.0,22747.0,-1672914.0,-73.5444,0.9182,1.1797,58,41.77,-0.4165
TYO,MUM,Container_Ship,Containers,6733.0,7.68,747658.0,122018.0,115412.0,-869520.0,-7.534,0.9364,1.1413,34,41.71,-0.266
CPT,ANT,Reefer,Refrigerated Goods,9566.7,13.84,336812.0,79805.0,11109.0,-613068.0,-55.1881,0.8471,0.9107,21,83.89,-0.3391
COL,SAN,Bulk_Carrier,Coal,13986.2,24.98,344558.0,56904.0,23314.0,-752779.0,-32.2892,0.9196,1.0061,39,37.94,-0.1627
SYD,LAX,Reefer,Refrigerated Goods,12054.8,17.6,467899.0,119283.0,14473.0,-836652.0,-57.8074,0.9372,1.0724,45,81.68,-0.4139
BUS,NYK,Bulk_Carrier,Bauxite,11254.3,20.72,275396.0,117057.0,10663.0,-692598.0,-64.9519,0.9759,1.2141,18,53.56,-0.2307
NYK,MUM,LNG_Carrier,LNG,12555.7,16.03,1183447.0,97765.0,28657.0,-1493054.0,-52.1015,0.9152,1.1928,71,38.07,-0.3387
COL,TYO,Reefer,Perishables,6846.1,8.88,229839.0,97108.0,9945.0,-450145.0,-45.2623,0.8648,1.0648,35,54.22,-0.1782
HOU,HAM,Reefer,Perishables,8306.0,10.6,262604.0,138046.0,11836.0,-547875.0,-46.2903,0.9696,1.1303,37,83.17,-0.3146
SHA,CPT,Bulk_Carrier,Grain,12978.3,25.56,367173.0,77198.0,44697.0,-783147.0,-17.5212,0.8519,1.0411,64,81.0,-0.373
SHA,JEA,Tanker,Crude Oil,6458.3,10.45,206617.0,87740.0,12967.0,-438092.0,-33.7839,0.8931,0.9679,69,54.09,-0.1757
KHI,ANT,Reefer,Perishables,5992.6,8.09,197010.0,76237.0,10637.0,-383894.0,-36.0891,0.8827,1.1158,25,38.37,-0.1113
SHA,BUS,Reefer,Frozen Fish,832.1,1.16,25152.0,104218.0,15593.0,-131175.0,-8.4123,0.8747,0.9903,70,71.48,-0.0897
SAN,CPT,Tanker,Chemical,6297.2,11.7,273107.0,58992.0,150057.0,-357531.0,-2.3826,0.848,1.0409,39,82.12,-0.2191
LAX,COL,Container_Ship,Electronics,15107.0,17.91,2137719.0,92210.0,306048.0,-2192594.0,-7.1642,0.8473,1.2041,35,31.34,-0.3785
KHI,SYD,Tanker,Fuel Oil,11020.1,20.53,429816.0,83156.0,81343.0,-739643.0,-9.0929,0.9505,1.0188,24,85.54,-0.3967
TYO,COL,Container_Ship,Electronics,6846.1,7.12,771094.0,108067.0,291237.0,-694672.0,-2.3852,0.8041,1.2074,35,65.34,-0.3314
ANT,TYO,Container_Ship,Auto Parts,9411.9,11.15,1168476.0,140866.0,227260.0,-1249284.0,-5.4971,0.7855,1.0716,64,57.88,-0.4794
SGP,MUM,LNG_Carrier,LPG,3906.7,4.7,385863.0,74306.0,16613.0,-514033.0,-30.9417,0.8557,0.9245,54,82.36,-0.3496
RTM,SYD,Reefer,Frozen Fish,16689.6,24.36,514587.0,118178.0,14706.0,-983440.0,-66.8748,0.8894,0.9186,63,55.74,-0.2883
SGP,BUS,Container_Ship,Auto Parts,4583.4,4.96,534367.0,98593.0,296764.0,-410540.0,-1.3834,0.8805,1.2483,54,35.2,-0.1159
NYK,KHI,LNG_Carrier,LNG,11689.8,14.87,1206928.0,96453.0,27230.0,-1499154.0,-55.0546,0.9516,1.0901,21,88.86,-0.8167
CPT,NYK,Bulk_Carrier,Grain,12566.3,22.29,341472.0,101728.0,51721.0,-725759.0,-14.0322,0.973,1.0547,64,59.9,-0.259
KHI,HOU,Reefer,Refrigerated Goods,13656.9,18.96,430508.0,93307.0,12610.0,-795588.0,-63.0912,0.7758,1.1288,71,58.77,-0.2691
COL,TYO,Bulk_Carrier,Grain,6846.1,11.96,176021.0,110428.0,52474.0,-413321.0,-7.8767,0.9907,1.051,20,30.34,-0.0915
MUM,ANT,Container_Ship,Machinery,6885.8,7.15,830070.0,96187.0,203088.0,-830492.0,-4.0893,0.9275,1.1404,67,72.8,-0.4407
COL,RTM,Reefer,Frozen Fish,8401.4,11.78,258200.0,95397.0,16505.0,-513735.0,-31.1251,0.8638,1.0615,37,37.51,-0.1326
LAG,TYO,Reefer,Pharmaceuticals,13474.1,18.33,441891.0,105587.0,92715.0,-729747.0,-7.8708,0.8057,1.1987,29,39.79,-0.1681
SYD,KHI,Bulk_Carrier,Grain,11020.1,21.35,353376.0,82754.0,55293.0,-701104.0,-12.6799,0.9374,1.1703,21,30.19,-0.1327
HAM,SHA,Container_Ship,Auto Parts,8527.4,10.11,1090303.0,122949.0,228797.0,-1136172.0,-4.9659,0.8623,0.9827,32,33.86,-0.2634
BUS,SGP,LNG_Carrier,LPG,4583.4,5.79,492620.0,94870.0,18325.0,-656071.0,-35.8026,0.76,1.1482,21,59.9,-0.315
JEA,SYD,Tanker,Crude Oil,12058.9,19.74,439845.0,104587.0,15003.0,-825525.0,-55.0251,0.8505,1.176,67,68.63,-0.3431
LAG,KHI,LNG_Carrier,LPG,7048.8,9.08,776044.0,52276.0,16414.0,-948172.0,-57.7672,0.7579,1.0312,38,86.27,-0.5925
HOU,CPT,Bulk_Carrier,Grain,13853.3,27.92,429077.0,105221.0,53003.0,-900094.0,-16.9821,0.8523,1.2339,56,55.93,-0.288
JEA,SYD,Container_Ship,Containers,12058.9,13.31,1349752.0,90662.0,116787.0,-1523325.0,-13.0437,0.9999,1.0815,63,52.66,-0.4858
SAN,SYD,Reefer,Pharmaceuticals,13322.4,17.99,392378.0,91994.0,78852.0,-675389.0,-8.5652,0.854,0.9618,62,33.67,-0.1323
SAN,SHA,Bulk_Carrier,Grain,18568.6,35.87,518744.0,86955.0,40399.0,-1103377.0,-27.3119,0.7586,1.0566,46,81.59,-0.4495
LAX,SAN,Container_Ship,Containers,9942.3,11.61,1218890.0,92708.0,114228.0,-1371445.0,-12.0062,0.9239,1.1447,50,85.94,-0.7669
SGP,HAM,Reefer,Frozen Fish,10154.8,13.46,339518.0,100273.0,16316.0,-625398.0,-38.33,0.9088,0.9974,60,81.84,-0.3306
JEA,MUM,Tanker,Chemical,1954.2,3.27,74788.0,75301.0,184907.0,-14264.0,-0.0771,0.8895,1.2229,70,46.12,-0.006
TYO,BUS,Reefer,Perishables,959.3,1.32,33309.0,128240.0,8151.0,-173153.0,-21.2437,0.783,0.9639,42,49.88,-0.0821
CPT,RTM,Bulk_Carrier,Grain,9642.1,18.72,272598.0,90922.0,49152.0,-595228.0,-12.11,0.8851,1.1018,49,61.95,-0.2425
COL,SGP,Reefer,Refrigerated Goods,2732.3,3.46,74249.0,69333.0,11396.0,-184063.0,-16.1515,0.8701,0.9096,33,62.41,-0.1001
TYO,BUS,LNG_Carrier,LPG,959.3,1.32,99714.0,117421.0,18683.0,-218242.0,-11.6814,0.8988,0.9898,51,35.6,-0.0739
JEA,SAN,Tanker,Crude Oil,12181.9,21.75,404331.0,72766.0,13184.0,-790206.0,-59.9375,0.8293,1.0599,65,44.65,-0.2128
TYO,JEA,LNG_Carrier,LNG,7963.6,9.7,698883.0,119556.0,23967.0,-939946.0,-39.2189,0.7592,1.2026,33,72.62,-0.4773
SAN,JEA,Container_Ship,Containers,12181.9,12.49,1408357.0,66901.0,97963.0,-1564582.0,-15.9712,0.8713,1.0411,65,82.45,-0.7782
SHA,LAX,Reefer,Frozen Fish,10457.0,14.66,330323.0,123880.0,18796.0,-655256.0,-34.8609,0.9677,1.0791,55,51.59,-0.2161
SYD,COL,Tanker,Chemical,8748.1,14.83,321416.0,77157.0,188367.0,-432686.0,-2.297,0.9615,1.1524,64,58.51,-0.1719
NYK,TYO,Reefer,Perishables,10853.1,14.37,359104.0,167030.0,9770.0,-731912.0,-74.9162,0.9267,0.9761,27,60.38,-0.2786
HOU,ANT,Reefer,Frozen Fish,8102.1,11.38,258067.0,130468.0,17252.0,-541978.0,-31.4156,0.7724,1.2409,61,41.73,-0.1573
SGP,SAN,Reefer,Pharmaceuticals,15934.4,21.07,495838.0,85004.0,89477.0,-807465.0,-9.0242,0.9453,0.986,45,64.45,-0.2797
SAN,RTM,Reefer,Refrigerated Goods,9775.5,13.0,279973.0,91446.0,15692.0,-550773.0,-35.0986,0.9254,1.1776,65,42.69,-0.1539
SHA,COL,Tanker,Fuel Oil,5092.6,9.26,209456.0,80111.0,87631.0,-340873.0,-3.8899,0.8905,1.1716,54,39.78,-0.1064
SAN,LAX,Reefer,Refrigerated Goods,9942.3,14.36,382610.0,104053.0,13168.0,-688917.0,-52.3184,0.8915,1.0257,37,41.37,-0.1854
HAM,TYO,Tanker,Fuel Oil,8979.6,16.05,351295.0,145368.0,82763.0,-654697.0,-7.9105,0.7987,1.2336,38,59.8,-0.2637
ANT,NYK,Container_Ship,Containers,5881.5,6.29,646406.0,124043.0,104055.0,-760676.0,-7.3103,0.8425,1.1436,70,42.96,-0.248
SYD,MUM,Container_Ship,Machinery,10150.5,11.19,1238113.0,96021.0,147623.0,-1354336.0,-9.1743,0.8248,0.9322,39,68.79,-0.6018
SHA,TYO,Reefer,Pharmaceuticals,1754.3,2.55,55587.0,124606.0,96074.0,-122344.0,-1.2734,0.9894,1.0115,31,53.21,-0.0595
NYK,SYD,LNG_Carrier,LPG,15985.3,21.81,1567285.0,124773.0,19541.0,-1999732.0,-102.3346,0.9892,0.9407,31,77.3,-0.8296
HOU,SAN,Reefer,Frozen Fish,7942.5,10.59,273183.0,110742.0,18253.0,-524537.0,-28.7377,0.8995,1.1274,40,54.64,-0.2006
ANT,HOU,Bulk_Carrier,Grain,8102.1,15.5,214612.0,116507.0,36548.0,-527072.0,-14.4214,0.7941,0.9131,28,39.91,-0.1463
SYD,RTM,Container_Ship,Containers,16689.6,19.45,2004166.0,115470.0,90327.0,-2321004.0,-25.6955,0.7938,1.0536,55,44.82,-0.5471
BUS,CPT,Reefer,Refrigerated Goods,13800.1,18.65,496164.0,82442.0,13680.0,-844632.0,-61.7424,0.8486,1.1194,27,79.04,-0.3825
SYD,SHA,Reefer,Frozen Fish,7881.4,11.37,250340.0,112572.0,20427.0,-513019.0,-25.1146,0.967,1.1735,31,48.92,-0.176
ANT,CPT,Container_Ship,Containers,9566.7,10.16,1143714.0,85855.0,109570.0,-1272375.0,-11.6125,0.8642,1.174,68,89.2,-0.7484
HOU,RTM,Container_Ship,Machinery,8072.0,9.08,1028109.0,120521.0,180442.0,-1104356.0,-6.1203,0.8337,1.1272,24,76.89,-0.5914
SHA,BUS,Bulk_Carrier,Bauxite,832.1,1.6,23039.0,96626.0,9473.0,-134135.0,-14.1597,0.8553,1.2306,30,48.98,-0.0629
HOU,TYO,Bulk_Carrier,Iron Ore,10740.5,19.16,264107.0,144909.0,19387.0,-677079.0,-34.9248,0.794,1.2332,34,66.08,-0.2832
COL,HOU,Tanker,Chemical,15903.9,26.12,493461.0,87783.0,156625.0,-816436.0,-5.2127,0.8551,1.0774,27,71.74,-0.3151
SAN,SGP,Tanker,Chemical,15934.4,26.68,619636.0,72350.0,161803.0,-930318.0,-5.7497,0.7676,1.2399,66,55.38,-0.2769
NYK,HAM,Bulk_Carrier,Grain,6125.8,10.92,145927.0,137084.0,44282.0,-402464.0,-9.0887,0.9162,0.959,44,49.2,-0.1488
KHI,COL,Tanker,Fuel Oil,2418.3,4.14,87052.0,47353.0,70653.0,-125900.0,-1.782,0.7752,1.085,22,37.74,-0.042
SAN,COL,Reefer,Pharmaceuticals,13986.2,20.34,454689.0,65252.0,94488.0,-730590.0,-7.7321,0.9708,1.0138,42,84.95,-0.3536
BUS,HOU,Reefer,Refrigerated Goods,11424.5,15.14,318942.0,119940.0,13146.0,-652795.0,-49.659,0.7538,1.2111,51,74.61,-0.3012
JEA,RTM,Tanker,Chemical,5176.2,9.77,226418.0,97163.0,156306.0,-313846.0,-2.0079,0.8438,1.0897,51,43.19,-0.1059
TYO,SYD,Container_Ship,Machinery,7825.8,9.3,927274.0,126473.0,182057.0,-1011183.0,-5.5542,0.7639,1.2413,34,69.6,-0.4947
SHA,SAN,Tanker,Fuel Oil,18568.6,31.25,660665.0,95265.0,62693.0,-1161955.0,-18.534,0.7858,0.9498,43,35.15,-0.204
JEA,NYK,Container_Ship,Containers,11017.6,12.32,1221425.0,115706.0,82207.0,-1439680.0,-17.5128,0.8207,0.9275,57,66.07,-0.5964
KHI,ANT,Tanker,Fuel Oil,5992.6,9.64,193326.0,77281.0,87568.0,-327688.0,-3.7421,0.94,1.109,57,36.72,-0.0909
JEA,SAN,Container_Ship,Auto Parts,12181.9,13.48,1317859.0,75308.0,276087.0,-1319253.0,-4.7784,0.9811,1.0422,37,52.76,-0.4199
CPT,BUS,LNG_Carrier,LPG,13800.1,17.7,1439046.0,79248.0,17143.0,-1766697.0,-103.0571,0.7856,1.0392,21,30.37,-0.3075
COL,SYD,Tanker,Chemical,8748.1,14.29,313283.0,83913.0,145861.0,-465690.0,-3.1927,0.8467,1.0134,37,86.74,-0.2743
JEA,BUS,Container_Ship,Containers,7055.4,7.88,754740.0,86807.0,91141.0,-868652.0,-9.5308,0.8358,1.0096,25,52.65,-0.3312
BUS,CPT,Bulk_Carrier,Bauxite,13800.1,27.03,414155.0,80023.0,8657.0,-890923.0,-102.9087,0.955,1.0072,54,38.58,-0.197
HOU,HAM,Container_Ship,Auto Parts,8306.0,9.26,989548.0,125547.0,293278.0,-960650.0,-3.2756,0.8739,1.2429,34,61.75,-0.4095
ANT,NYK,Bulk_Carrier,Iron Ore,5881.5,11.94,171235.0,129016.0,23118.0,-456239.0,-19.7354,0.9616,1.2141,48,43.25,-0.1498
LAG,SHA,Reefer,Perishables,12229.8,17.64,423919.0,76834.0,11766.0,-753589.0,-64.0497,0.9469,1.1506,36,51.93,-0.2357
COL,TYO,Bulk_Carrier,Grain,6846.1,13.59,186962.0,109617.0,42670.0,-457762.0,-10.7279,0.8944,0.9465,69,53.4,-0.1785
KHI,SHA,Reefer,Frozen Fish,5340.0,7.32,177571.0,72340.0,16771.0,-342972.0,-20.45,0.8705,1.0704,55,82.45,-0.2195
NYK,COL,Bulk_Carrier,Grain,14086.8,24.52,382519.0,109690.0,50103.0,-809917.0,-16.165,0.9817,1.0126,51,44.91,-0.2066
SAN,CPT,Container_Ship,Electronics,6297.2,7.17,788299.0,57500.0,217550.0,-735829.0,-3.3823,0.7711,0.9404,27,38.64,-0.2122
BUS,SGP,Bulk_Carrier,Coal,4583.4,9.16,128133.0,102678.0,23821.0,-344400.0,-14.4581,0.9849,0.9597,46,41.34,-0.1141
KHI,MUM,LNG_Carrier,LNG,893.2,1.08,81806.0,55279.0,22473.0,-130755.0,-5.8185,0.7964,1.075,49,33.65,-0.042
HOU,LAG,LNG_Carrier,LPG,10488.9,13.91,946181.0,91344.0,17850.0,-1228269.0,-68.81,0.7932,1.0716,35,60.19,-0.472
CPT,HOU,Bulk_Carrier,Grain,13853.3,24.24,372908.0,97626.0,53811.0,-780385.0,-14.5023,0.882,1.2105,50,76.63,-0.3421
NYK,JEA,LNG_Carrier,LNG,11017.6,13.29,932568.0,107397.0,27954.0,-1211371.0,-43.3348,0.9372,1.1362,55,74.8,-0.5681
SHA,JEA,Container_Ship,Auto Parts,6458.3,6.82,794186.0,85167.0,218993.0,-762666.0,-3.4826,0.8724,0.9298,62,41.13,-0.2326
LAG,RTM,Tanker,Chemical,5056.8,9.08,210546.0,99032.0,175729.0,-270013.0,-1.5365,0.876,1.18,35,32.56,-0.0691
LAX,NYK,Tanker,Crude Oil,3948.9,7.33,135616.0,147941.0,14583.0,-378919.0,-25.9841,0.8705,1.1168,56,60.23,-0.1881
RTM,SGP,Reefer,Refrigerated Goods,10534.9,13.24,286346.0,114753.0,13216.0,-586551.0,-44.383,0.7924,1.1582,60,53.1,-0.1985
HAM,CPT,Tanker,Chemical,9764.5,18.03,418928.0,95204.0,168457.0,-616064.0,-3.6571,0.8741,1.1337,64,78.09,-0.315
RTM,KHI,Tanker,Crude Oil,5993.9,10.04,183896.0,90650.0,15602.0,-409512.0,-26.2482,0.8612,1.2077,58,63.39,-0.1961
LAG,MUM,Tanker,Fuel Oil,7617.6,14.36,298731.0,59765.0,102942.0,-471028.0,-4.5757,0.9875,1.241,50,57.89,-0.1932
HOU,RTM,Tanker,Chemical,8072.0,14.64,340902.0,131549.0,196167.0,-495820.0,-2.5275,0.9412,1.226,52,78.62,-0.2715
MUM,CPT,Bulk_Carrier,Coal,8227.2,16.38,264835.0,61619.0,22015.0,-550097.0,-24.9877,0.9313,0.938,45,47.25,-0.18
TYO,HOU,Tanker,Chemical,10740.5,17.39,329294.0,151428.0,169183.0,-572353.0,-3.383,0.8971,1.1093,60,41.7,-0.1511
RTM,NYK,Container_Ship,Electronics,5858.2,6.11,729248.0,149986.0,287598.0,-683235.0,-2.3757,0.9421,1.0176,31,53.33,-0.2768
BUS,SAN,LNG_Carrier,LNG,18691.4,23.93,1733931.0,79441.0,28296.0,-2143971.0,-75.7689,0.9471,1.1381,25,58.17,-0.6207
SHA,HOU,Bulk_Carrier,Iron Ore,12195.4,21.89,297181.0,118194.0,17213.0,-726574.0,-42.2109,0.793,1.0963,71,48.28,-0.2115
CPT,BUS,Reefer,Refrigerated Goods,13800.1,18.6,494608.0,82800.0,14416.0,-841969.0,-58.4048,0.8318,1.2036,61,34.19,-0.1649
SHA,SGP,Tanker,Crude Oil,3810.3,6.9,160477.0,107707.0,14633.0,-357034.0,-24.3989,0.9189,1.0617,28,32.51,-0.0963
MUM,KHI,Container_Ship,Auto Parts,893.2,0.92,88332.0,50790.0,301739.0,148833.0,0.4932,0.9041,1.2361,32,79.69,0.1131
HOU,LAX,Container_Ship,Auto Parts,2204.4,2.35,251291.0,127242.0,300118.0,-113598.0,-0.3785,0.9045,1.2288,57,58.25,-0.0591
SAN,LAX,Bulk_Carrier,Grain,9942.3,17.67,272315.0,100007.0,36128.0,-601263.0,-16.6424,0.7884,0.9092,19,50.1,-0.196
HAM,COL,Tanker,Fuel Oil,8074.9,15.04,314749.0,78865.0,85451.0,-533834.0,-6.2473,0.8944,1.1373,47,75.42,-0.2804
NYK,TYO,Tanker,Crude Oil,10853.1,20.23,465500.0,139940.0,15663.0,-893186.0,-57.0244,0.9759,1.0699,48,30.61,-0.1724
BUS,KHI,Tanker,Crude Oil,5990.8,10.76,226868.0,67103.0,15697.0,-439725.0,-28.0135,0.9159,1.1425,23,84.14,-0.2796
LAX,SYD,Container_Ship,Containers,12054.8,14.23,1630343.0,124200.0,95422.0,-1872511.0,-19.6235,0.9007,0.9809,70,33.55,-0.3805
TYO,SHA,Tanker,Crude Oil,1754.3,3.07,71051.0,135895.0,14570.0,-238452.0,-16.3656,0.8704,1.116,34,73.4,-0.1599
LAG,ANT,Container_Ship,Auto Parts,4978.7,5.99,674148.0,89343.0,308389.0,-544900.0,-1.7669,0.9888,1.1551,36,49.27,-0.2116
SAN,SHA,Container_Ship,Containers,18568.6,20.64,1960759.0,90112.0,98332.0,-2262134.0,-23.005,0.9407,0.9679,37,89.78,-1.0
LAX,HAM,Bulk_Carrier,Grain,9100.3,15.92,240054.0,119906.0,37112.0,-561619.0,-15.1329,0.8134,0.9053,46,44.66,-0.1682
CPT,KHI,Bulk_Carrier,Coal,8308.9,14.92,230380.0,52657.0,27202.0,-479583.0,-17.6305,0.8962,1.2044,37,56.64,-0.1875
MUM,NYK,LNG_Carrier,LPG,12555.7,15.6,1232400.0,98278.0,18521.0,-1546102.0,-83.4781,0.8911,0.9897,21,61.3,-0.5648
TYO,SYD,Reefer,Perishables,7825.8,11.03,285570.0,132862.0,9132.0,-574727.0,-62.934,0.9095,0.9297,24,89.93,-0.3633
ANT,BUS,LNG_Carrier,LPG,8997.1,11.87,915512.0,114457.0,21709.0,-1186330.0,-54.6471,0.8673,1.1919,46,60.95,-0.4866
COL,TYO,LNG_Carrier,LNG,6846.1,8.66,730760.0,94925.0,25236.0,-930288.0,-36.8634,0.77,1.2486,31,42.98,-0.2919
RTM,COL,Tanker,Chemical,8401.4,13.81,284540.0,89124.0,147817.0,-433012.0,-2.9294,0.842,1.0326,36,44.7,-0.1332
COL,JEA,Container_Ship,Electronics,3316.6,3.54,420872.0,63299.0,285220.0,-252086.0,-0.8838,0.7987,1.1904,27,30.73,-0.0657
SAN,SHA,Reefer,Pharmaceuticals,18568.6,23.75,594128.0,83935.0,94478.0,-939813.0,-9.9475,0.8889,1.1072,29,74.59,-0.3501
COL,TYO,LNG_Carrier,LPG,6846.1,9.09,634016.0,99422.0,24062.0,-845794.0,-35.1507,0.9294,1.2328,59,40.77,-0.2518
LAX,NYK,Reefer,Frozen Fish,3948.9,5.1,126013.0,130031.0,15416.0,-317156.0,-20.573,0.8152,1.0507,56,39.4,-0.103
NYK,SYD,Container_Ship,Machinery,15985.3,18.68,1764656.0,131052.0,187443.0,-1988398.0,-10.608,0.833,1.1719,18,40.91,-0.4366
RTM,HOU,Bulk_Carrier,Iron Ore,8072.0,14.52,219667.0,142686.0,17376.0,-562738.0,-32.3859,0.8577,1.0231,66,83.06,-0.3255
BUS,ANT,Tanker,Fuel Oil,8997.1,15.13,310045.0,110018.0,86164.0,-560891.0,-6.5095,0.9987,1.0271,40,65.27,-0.2464
MUM,TYO,LNG_Carrier,LPG,6733.0,8.0,631348.0,109765.0,17860.0,-843202.0,-47.2128,0.766,1.1103,52,51.36,-0.3176
LAG,SAN,Bulk_Carrier,Coal,6362.4,11.44,171458.0,70484.0,20179.0,-393378.0,-19.4944,0.7798,1.0269,21,50.36,-0.1474
TYO,NYK,Tanker,Fuel Oil,10853.1,20.19,418408.0,160039.0,70958.0,-810329.0,-11.4198,0.757,1.116,51,64.51,-0.3296
SGP,SAN,Tanker,Chemical,15934.4,26.22,537416.0,83908.0,122684.0,-892009.0,-7.2708,0.7506,0.9614,46,73.58,-0.3528
SHA,SAN,Bulk_Carrier,Coal,18568.6,35.05,530155.0,97011.0,27462.0,-1125464.0,-40.9825,0.9139,1.1924,65,33.98,-0.1909
MUM,JEA,Bulk_Carrier,Coal,1954.2,3.54,49857.0,63967.0,25614.0,-141249.0,-5.5145,0.9213,1.1032,54,49.96,-0.0638
RTM,LAG,Tanker,Crude Oil,5056.8,9.18,193365.0,100279.0,14932.0,-416456.0,-27.89,0.9321,1.0679,26,56.16,-0.1837
COL,HOU,Bulk_Carrier,Grain,15903.9,30.27,491421.0,100905.0,41672.0,-1004697.0,-24.1095,0.8488,0.9741,23,42.14,-0.2278
ANT,KHI,Container_Ship,Containers,5992.6,6.38,756982.0,72438.0,95307.0,-829777.0,-8.7063,0.8073,1.0931,40,46.01,-0.2885
SAN,LAG,Bulk_Carrier,Bauxite,6362.4,12.32,198110.0,62637.0,8495.0,-437069.0,-51.4532,0.9397,1.0044,59,31.48,-0.1024
RTM,JEA,LNG_Carrier,LPG,5176.2,6.5,490376.0,100496.0,15928.0,-672445.0,-42.2176,0.816,0.9295,39,46.76,-0.2457
NYK,JEA,Reefer,Perishables,11017.6,14.55,351490.0,118851.0,9794.0,-678736.0,-69.2994,0.794,1.1422,61,34.5,-0.1468
COL,HOU,Container_Ship,Machinery,15903.9,16.64,1582960.0,91077.0,197557.0,-1726093.0,-8.7372,0.8463,1.2158,60,45.45,-0.4221
MUM,RTM,Tanker,Crude Oil,6887.0,12.9,257915.0,93725.0,13658.0,-531551.0,-38.9173,0.9106,1.0,61,87.6,-0.3394
LAX,HAM,Tanker,Fuel Oil,9100.3,15.53,309863.0,131584.0,76827.0,-597512.0,-7.7773,0.8085,1.1312,48,64.6,-0.2588
HOU,TYO,LNG_Carrier,LPG,10740.5,14.86,1113487.0,150558.0,16285.0,-1470601.0,-90.3049,0.8521,0.9101,66,85.25,-0.7935
COL,SGP,Bulk_Carrier,Grain,2732.3,5.04,83412.0,65104.0,36512.0,-187633.0,-5.139,0.7953,0.9109,42,37.88,-0.0619
KHI,BUS,Bulk_Carrier,Coal,5990.8,11.05,172305.0,76257.0,21758.0,-392505.0,-18.0395,0.8508,1.0148,28,54.22,-0.1608
JEA,SHA,Container_Ship,Electronics,6458.3,7.2,837381.0,93348.0,272523.0,-766276.0,-2.8118,0.7895,1.1506,49,71.25,-0.4048
CPT,HAM,Tanker,Fuel Oil,9764.5,18.03,405915.0,80749.0,81707.0,-675442.0,-8.2667,0.8988,1.0822,26,71.02,-0.3141
LAX,NYK,Reefer,Pharmaceuticals,3948.9,5.27,119982.0,151494.0,100964.0,-249521.0,-2.4714,0.8639,1.2174,28,35.87,-0.0738
LAX,CPT,Container_Ship,Containers,16044.7,17.0,1789565.0,100679.0,111380.0,-2033815.0,-18.2601,0.9842,1.0479,51,89.9,-0.9797
KHI,MUM,Tanker,Fuel Oil,893.2,1.53,34045.0,49683.0,73269.0,-33401.0,-0.4559,0.8428,1.035,70,37.85,-0.0121
RTM,BUS,LNG_Carrier,LPG,8936.6,12.38,841277.0,121246.0,17690.0,-1130519.0,-63.9075,0.784,1.0745,55,43.22,-0.3296
RTM,SGP,Bulk_Carrier,Grain,10534.9,20.46,275124.0,99843.0,41325.0,-640530.0,-15.5,0.8769,0.935,60,53.51,-0.2185
HOU,SHA,Bulk_Carrier,Bauxite,12195.4,21.58,343498.0,130391.0,8935.0,-788714.0,-88.2713,0.8125,1.2218,46,57.55,-0.2737
SGP,ANT,Reefer,Pharmaceuticals,10551.1,13.68,343855.0,101233.0,90330.0,-559887.0,-6.1982,0.9176,1.0254,22,79.24,-0.2826
COL,CPT,Container_Ship,Containers,7888.4,9.36,918897.0,53710.0,96667.0,-1016372.0,-10.5141,0.8468,1.057,26,37.18,-0.265
RTM,SHA,Reefer,Pharmaceuticals,8927.2,11.7,252168.0,114539.0,84439.0,-457758.0,-5.4212,0.756,1.1635,42,79.63,-0.246
CPT,JEA,LNG_Carrier,LNG,7606.3,10.05,806787.0,72143.0,27100.0,-1002508.0,-36.9928,0.9987,1.0337,41,35.4,-0.2516
HAM,NYK,LNG_Carrier,LNG,6125.8,7.52,555882.0,134836.0,29726.0,-773797.0,-26.0306,0.9369,1.2087,23,39.83,-0.2316
CPT,SGP,LNG_Carrier,LPG,9665.9,11.82,835386.0,69981.0,17041.0,-1065675.0,-62.5366,0.8574,0.9464,37,48.05,-0.3364
ANT,RTM,Tanker,Crude Oil,78.1,0.13,2862.0,117445.0,16275.0,-106025.0,-6.5147,0.8764,1.238,66,75.86,-0.0801
HAM,JEA,Tanker,Crude Oil,4892.2,8.62,181230.0,97534.0,16863.0,-391223.0,-23.1996,0.987,1.1391,18,75.72,-0.2343
CPT,SGP,Bulk_Carrier,Grain,9665.9,16.97,274049.0,68122.0,42351.0,-554350.0,-13.0895,0.9214,0.912,46,66.25,-0.2413
HAM,RTM,Reefer,Refrigerated Goods,406.5,0.57,14695.0,125007.0,12860.0,-135358.0,-10.5259,0.9798,0.9114,53,46.69,-0.0618
HAM,ANT,Reefer,Refrigerated Goods,453.6,0.59,14494.0,121847.0,11501.0,-133708.0,-11.6256,0.7828,1.0202,46,51.71,-0.0675
HAM,SAN,LNG_Carrier,LPG,10166.5,12.33,1019622.0,88143.0,20598.0,-1272183.0,-61.7633,0.8071,1.2152,63,61.77,-0.5073
NYK,LAX,Container_Ship,Containers,3948.9,4.54,510117.0,140888.0,103197.0,-615862.0,-5.9678,0.8971,1.0651,70,64.42,-0.327
SAN,MUM,Bulk_Carrier,Grain,13740.7,25.74,409355.0,62002.0,56102.0,-801410.0,-14.2848,0.9129,1.2193,67,43.58,-0.2005
KHI,SGP,Bulk_Carrier,Bauxite,4744.0,8.72,136614.0,66820.0,7536.0,-326685.0,-43.351,0.905,0.9252,39,33.93,-0.0882
ANT,TYO,Reefer,Perishables,9411.9,13.43,305607.0,150936.0,10523.0,-647420.0,-61.5217,0.9559,1.0194,62,36.53,-0.1568
BUS,HOU,Reefer,Perishables,11424.5,14.42,312514.0,114704.0,8968.0,-634482.0,-70.7504,0.8009,1.0367,24,39.2,-0.1538
SYD,KHI,LNG_Carrier,LNG,11020.1,13.93,988474.0,85228.0,21590.0,-1261086.0,-58.4111,0.7773,1.0582,36,86.25,-0.6819
MUM,HAM,LNG_Carrier,LPG,6551.7,8.65,605793.0,98249.0,25086.0,-808679.0,-32.2359,0.9848,1.213,64,78.35,-0.468
MUM,SGP,Tanker,Chemical,3906.7,6.35,117754.0,82617.0,146880.0,-148773.0,-1.0129,0.7739,1.1165,55,79.01,-0.0971
LAX,LAG,Container_Ship,Electronics,12430.0,12.74,1268841.0,88604.0,275139.0,-1273356.0,-4.628,0.8109,1.131,26,76.14,-0.5801
MUM,ANT,Tanker,Fuel Oil,6885.8,12.89,293787.0,84558.0,65554.0,-506136.0,-7.7209,0.753,1.0364,66,82.75,-0.3053
SAN,TYO,Tanker,Chemical,18591.0,30.37,611749.0,119767.0,152472.0,-1034617.0,-6.7856,0.9758,0.9191,51,68.38,-0.3531
SAN,HOU,Container_Ship,Electronics,7942.5,8.5,837588.0,102527.0,330509.0,-737045.0,-2.23,0.9931,1.1094,62,38.98,-0.2011
SGP,SYD,Container_Ship,Electronics,6299.1,6.69,669370.0,105993.0,219872.0,-655886.0,-2.983,0.8071,0.9081,57,75.64,-0.3702
COL,CPT,Container_Ship,Machinery,7888.4,8.69,930229.0,56013.0,172568.0,-944023.0,-5.4705,0.8861,1.0143,33,75.09,-0.4971
CPT,LAX,Reefer,Frozen Fish,16044.7,23.36,528242.0,98009.0,17460.0,-959234.0,-54.9399,0.7939,1.2218,28,73.39,-0.3772
MUM,JEA,Bulk_Carrier,Grain,1954.2,3.45,48505.0,65931.0,40679.0,-125576.0,-3.087,0.8119,0.9941,33,82.54,-0.0938
RTM,NYK,LNG_Carrier,LPG,5858.2,7.65,607767.0,127813.0,20393.0,-829990.0,-40.6992,0.9347,1.039,67,43.44,-0.2739
NYK,LAX,Tanker,Chemical,3948.9,6.35,119867.0,126393.0,164612.0,-176845.0,-1.0743,0.824,1.1752,32,80.94,-0.118
TYO,NYK,Reefer,Frozen Fish,10853.1,15.12,327852.0,150718.0,20770.0,-684539.0,-32.9588,0.9772,1.1808,44,82.79,-0.3573
RTM,SAN,Container_Ship,Auto Parts,9775.5,10.25,1151142.0,104633.0,229174.0,-1180395.0,-5.1506,0.8613,0.9855,51,63.5,-0.4906
CPT,LAX,Reefer,Refrigerated Goods,16044.7,23.24,516353.0,86724.0,15323.0,-936379.0,-61.1088,0.9707,1.0962,27,49.21,-0.2469
HAM,LAG,Reefer,Perishables,5272.3,6.67,164638.0,97080.0,8428.0,-353282.0,-41.9161,0.8059,0.9684,23,70.51,-0.1939
HAM,COL,Reefer,Perishables,8074.9,11.33,295267.0,86782.0,10246.0,-541823.0,-52.8832,0.8751,1.084,32,69.82,-0.2634
ANT,MUM,Bulk_Carrier,Bauxite,6885.8,14.0,193255.0,87835.0,8162.0,-482950.0,-59.1673,0.754,1.2028,56,70.27,-0.2474
HAM,CPT,LNG_Carrier,LPG,9764.5,12.83,1044263.0,83466.0,19672.0,-1300456.0,-66.1079,0.9658,0.97,24,81.01,-0.6898
LAG,JEA,Tanker,Crude Oil,5856.7,10.79,213465.0,69785.0,18649.0,-426501.0,-22.8704,0.9977,1.2461,22,48.23,-0.1563
LAX,NYK,LNG_Carrier,LNG,3948.9,5.02,354921.0,137249.0,23249.0,-544200.0,-23.4073,0.8998,0.9844,25,56.18,-0.252
HAM,HOU,LNG_Carrier,LNG,8306.0,10.71,798520.0,125575.0,24997.0,-1059813.0,-42.3971,0.9004,1.0576,58,64.12,-0.4691
LAX,HOU,Bulk_Carrier,Iron Ore,2204.4,4.44,69714.0,131138.0,13746.0,-253708.0,-18.4575,0.761,0.9122,58,42.91,-0.0973
JEA,CPT,LNG_Carrier,LPG,7606.3,10.43,781106.0,67458.0,17204.0,-987838.0,-57.4201,0.8391,0.9764,70,89.88,-0.6294
LAG,SYD,Container_Ship,Electronics,15517.5,17.01,1961135.0,85134.0,226438.0,-2075014.0,-9.1637,0.7558,0.9986,56,80.95,-0.914
HOU,KHI,Container_Ship,Electronics,13656.9,14.02,1680462.0,88525.0,258983.0,-1720235.0,-6.6423,0.9335,0.9247,19,33.06,-0.3273
SGP,ANT,Bulk_Carrier,Bauxite,10551.1,21.32,334045.0,108066.0,8894.0,-752980.0,-84.6595,0.7952,1.2427,27,41.17,-0.1975
LAG,JEA,Reefer,Refrigerated Goods,5856.7,8.21,193953.0,65076.0,14492.0,-367630.0,-25.367,0.9689,1.0388,61,54.38,-0.1519
TYO,JEA,Container_Ship,Containers,7963.6,8.93,979753.0,110218.0,125853.0,-1098108.0,-8.7253,0.9955,1.1706,38,67.69,-0.5198
LAX,ANT,Container_Ship,Machinery,9036.9,10.01,992703.0,129549.0,181172.0,-1091244.0,-6.0233,0.7776,1.2135,61,81.64,-0.5987
JEA,HAM,Container_Ship,Containers,4892.2,5.86,571357.0,101592.0,93635.0,-667154.0,-7.1251,0.8673,0.9997,37,33.43,-0.1764
SHA,HAM,Container_Ship,Auto Parts,8527.4,9.65,1070006.0,104909.0,246456.0,-1073212.0,-4.3546,0.7543,1.2101,43,35.82,-0.2632
SHA,KHI,Tanker,Crude Oil,5340.0,8.86,206491.0,80230.0,13201.0,-406453.0,-30.7905,0.8626,1.0202,57,60.09,-0.1896
SGP,RTM,Container_Ship,Auto Parts,10534.9,12.15,1364689.0,106495.0,313045.0,-1340457.0,-4.282,0.9296,1.2473,52,80.79,-0.6903
SYD,LAG,Container_Ship,Containers,15517.5,17.33,1779001.0,80357.0,110662.0,-2008579.0,-18.1505,0.9975,1.0272,69,39.23,-0.4287
KHI,HAM,Container_Ship,Machinery,5660.0,5.84,563023.0,75118.0,210088.0,-515652.0,-2.4545,0.9668,1.1317,29,78.5,-0.31
SHA,SAN,Reefer,Frozen Fish,18568.6,24.45,640808.0,89561.0,16726.0,-1080425.0,-64.5954,0.9772,0.9509,39,30.15,-0.1627
COL,LAG,Container_Ship,Electronics,8435.8,10.09,1204042.0,57431.0,291575.0,-1121320.0,-3.8457,0.9952,0.9766,34,79.51,-0.6126
SHA,JEA,Reefer,Perishables,6458.3,8.83,208186.0,93640.0,11718.0,-422612.0,-36.0666,0.9896,1.0963,32,59.28,-0.1858
JEA,SGP,LNG_Carrier,LNG,5858.9,6.97,482393.0,87541.0,26203.0,-648350.0,-24.7438,0.8941,1.1164,24,63.5,-0.3128
TYO,ANT,Container_Ship,Electronics,9411.9,10.68,1005337.0,127314.0,277116.0,-1015744.0,-3.6654,0.9461,0.9764,53,70.13,-0.4723
SAN,LAX,Reefer,Perishables,9942.3,12.71,280429.0,100279.0,7537.0,-563882.0,-74.8164,0.7694,0.907,20,44.35,-0.1627
LAG,JEA,Bulk_Carrier,Bauxite,5856.7,11.64,183271.0,62727.0,8197.0,-412455.0,-50.3167,0.8961,1.0164,68,51.44,-0.1612
LAX,KHI,Bulk_Carrier,Iron Ore,13476.2,25.14,393785.0,82778.0,13589.0,-840128.0,-61.8229,0.7591,0.9041,41,44.42,-0.216
ANT,KHI,LNG_Carrier,LPG,5992.6,8.07,622894.0,77102.0,20965.0,-800035.0,-38.1598,0.8849,1.1283,53,53.34,-0.3224
MUM,CPT,LNG_Carrier,LNG,8227.2,10.17,802128.0,62460.0,24084.0,-993117.0,-41.2351,0.9125,1.0055,53,45.38,-0.3121
HOU,LAG,Reefer,Refrigerated Goods,10488.9,13.44,292387.0,92719.0,15146.0,-571516.0,-37.7332,0.8636,1.218,44,34.02,-0.1241
RTM,KHI,Bulk_Carrier,Bauxite,5993.9,11.22,174579.0,77783.0,7842.0,-412808.0,-52.6373,0.9605,0.9072,50,68.92,-0.215
HOU,BUS,LNG_Carrier,LNG,11424.5,15.4,1083385.0,127618.0,23072.0,-1418877.0,-61.4981,0.7612,1.1546,69,41.88,-0.3675
SGP,LAX,Bulk_Carrier,Iron Ore,14141.5,24.85,359410.0,99693.0,20013.0,-811854.0,-40.567,0.9807,1.0307,46,40.67,-0.1872
ANT,NYK,LNG_Carrier,LPG,5881.5,7.72,595946.0,129316.0,18619.0,-822460.0,-44.1735,0.966,0.9178,21,31.88,-0.199
CPT,TYO,Bulk_Carrier,Grain,14727.6,28.4,423778.0,104323.0,48443.0,-905701.0,-18.6962,0.9818,0.979,69,66.73,-0.3366
KHI,SGP,Bulk_Carrier,Coal,4744.0,8.4,117264.0,72463.0,23196.0,-292527.0,-12.6112,0.761,1.2096,41,60.91,-0.1419
LAX,ANT,Tanker,Chemical,9036.9,15.73,308979.0,130964.0,156370.0,-519525.0,-3.3224,0.9229,0.9967,29,82.4,-0.2877
SGP,HAM,Tanker,Chemical,10154.8,17.54,326738.0,103861.0,200311.0,-493414.0,-2.4632,0.9688,1.2162,32,51.75,-0.1649
LAG,SAN,Reefer,Refrigerated Goods,6362.4,7.97,195685.0,64534.0,12664.0,-367141.0,-28.9899,0.7927,1.1095,41,70.08,-0.1915
COL,BUS,Bulk_Carrier,Iron Ore,5911.7,12.01,194802.0,73195.0,20947.0,-427145.0,-20.3921,0.8465,1.2498,23,61.68,-0.1997
MUM,LAG,Reefer,Pharmaceuticals,7617.6,10.96,261600.0,57984.0,100587.0,-383390.0,-3.8115,0.9141,1.1463,46,46.17,-0.1254
LAG,SYD,Container_Ship,Electronics,15517.5,18.26,1793690.0,95804.0,235437.0,-1927903.0,-8.1886,0.7639,1.0274,32,33.72,-0.3537
BUS,MUM,Reefer,Frozen Fish,5775.4,7.24,157292.0,85761.0,16591.0,-335082.0,-20.1972,0.9762,0.9442,20,30.85,-0.0788
JEA,RTM,LNG_Carrier,LNG,5176.2,7.05,579444.0,102920.0,23867.0,-764194.0,-32.0184,0.8472,1.0733,34,53.9,-0.3219
COL,SGP,Container_Ship,Auto Parts,2732.3,3.08,293545.0,75646.0,255629.0,-159795.0,-0.6251,0.8475,1.1171,58,44.35,-0.0618
SHA,CPT,Container_Ship,Machinery,12978.3,14.75,1679104.0,75429.0,201173.0,-1774558.0,-8.821,0.8385,1.2496,47,80.44,-0.8393
CPT,RTM,Container_Ship,Electronics,9642.1,11.3,1307533.0,91621.0,292599.0,-1276018.0,-4.361,0.9947,0.9805,40,77.35,-0.6491
TYO,NYK,Bulk_Carrier,Coal,10853.1,19.08,286226.0,154527.0,27446.0,-699446.0,-25.4849,0.9986,1.0906,45,45.77,-0.2019
HAM,TYO,Bulk_Carrier,Coal,8979.6,17.22,242611.0,143261.0,27256.0,-616883.0,-22.6333,0.9461,1.1432,31,81.74,-0.3396
KHI,HAM,Tanker,Fuel Oil,5660.0,10.52,202437.0,83856.0,63258.0,-380844.0,-6.0204,0.8252,0.9126,47,47.24,-0.1378
COL,LAG,Tanker,Fuel Oil,8435.8,15.87,306791.0,53425.0,59425.0,-538817.0,-9.0672,0.7641,0.9258,50,34.58,-0.128
LAX,TYO,Bulk_Carrier,Coal,8839.0,15.3,216362.0,139044.0,25298.0,-559590.0,-22.1195,0.8739,1.1488,64,57.28,-0.217
HAM,NYK,Bulk_Carrier,Grain,6125.8,10.76,140613.0,123446.0,52524.0,-372968.0,-7.1009,0.919,1.134,60,30.45,-0.0853
KHI,ANT,Reefer,Pharmaceuticals,5992.6,8.55,183765.0,83666.0,100768.0,-294954.0,-2.9271,0.9724,1.0794,37,36.95,-0.0824
JEA,SAN,Bulk_Carrier,Iron Ore,12181.9,21.65,350633.0,68190.0,16824.0,-726736.0,-43.196,0.779,1.0908,26,74.92,-0.3284
MUM,SYD,Bulk_Carrier,Bauxite,10150.5,19.3,304603.0,95815.0,8822.0,-681069.0,-77.2017,0.8619,1.1373,43,41.08,-0.1807
HOU,NYK,LNG_Carrier,LNG,2277.1,2.71,201360.0,138140.0,18818.0,-361332.0,-19.2011,0.7532,0.9518,42,36.69,-0.1181
SAN,COL,Reefer,Pharmaceuticals,13986.2,17.52,371344.0,64855.0,83209.0,-615749.0,-7.4,0.8598,1.0081,62,82.6,-0.2898
LAX,SAN,Tanker,Crude Oil,9942.3,18.27,414025.0,103199.0,16023.0,-775285.0,-48.3866,0.8895,1.2009,56,45.65,-0.2303
COL,SYD,Container_Ship,Electronics,8748.1,9.77,1164066.0,91236.0,310045.0,-1091810.0,-3.5215,0.9572,1.0797,65,37.08,-0.275
CPT,SYD,LNG_Carrier,LNG,11011.7,14.35,997670.0,81455.0,19773.0,-1274641.0,-64.4629,0.8186,0.9201,43,47.92,-0.383
MUM,SYD,Container_Ship,Machinery,10150.5,10.97,1058765.0,94030.0,159544.0,-1157768.0,-7.2567,0.8191,1.0144,28,85.85,-0.6421
SAN,HAM,Tanker,Fuel Oil,10166.5,18.73,376985.0,86520.0,76559.0,-667917.0,-8.7242,0.7624,1.1954,37,56.44,-0.2434
MUM,LAX,Reefer,Refrigerated Goods,14043.2,19.02,465603.0,103944.0,13008.0,-841808.0,-64.7164,0.7988,1.1308,67,62.65,-0.3
RTM,HAM,Reefer,Perishables,406.5,0.54,11573.0,119101.0,8590.0,-130197.0,-15.1571,0.7801,1.0195,69,31.58,-0.0402
HAM,SGP,Container_Ship,Auto Parts,10154.8,11.2,1233361.0,103249.0,261387.0,-1243291.0,-4.7565,0.9435,1.026,52,46.37,-0.3723
KHI,JEA,Tanker,Fuel Oil,1207.1,2.22,47485.0,57455.0,101415.0,-36826.0,-0.3631,0.9966,1.2114,47,83.54,-0.0289
SAN,RTM,Tanker,Fuel Oil,9775.5,17.6,386977.0,92911.0,76709.0,-667118.0,-8.6967,0.9637,0.9477,59,35.7,-0.1559
HAM,MUM,Bulk_Carrier,Grain,6551.7,12.3,171910.0,86285.0,42863.0,-399875.0,-9.329,0.7812,1.0886,21,74.31,-0.2195
KHI,MUM,Container_Ship,Auto Parts,893.2,1.03,117270.0,50469.0,262704.0,79568.0,0.3029,0.8081,1.204,46,62.01,0.0471
RTM,MUM,Tanker,Fuel Oil,6887.0,11.17,218386.0,85923.0,73505.0,-398361.0,-5.4195,0.8611,1.0162,49,62.96,-0.1828
LAX,KHI,LNG_Carrier,LNG,13476.2,16.18,1211206.0,87300.0,29334.0,-1511801.0,-51.538,0.9686,1.1537,70,46.13,-0.4036
SYD,HAM,Tanker,Crude Oil,16284.4,26.23,584216.0,108301.0,12996.0,-1072971.0,-82.559,0.8945,0.9686,71,33.48,-0.1911
MUM,LAG,Container_Ship,Machinery,7617.6,7.92,942481.0,59942.0,216214.0,-905033.0,-4.1858,0.9863,1.1418,25,48.59,-0.3116
SGP,JEA,Tanker,Chemical,5858.9,10.36,190022.0,77507.0,153892.0,-269109.0,-1.7487,0.7568,1.1961,21,48.53,-0.0992
SAN,COL,Bulk_Carrier,Bauxite,13986.2,25.31,334019.0,64083.0,6883.0,-770891.0,-112.0056,0.7677,0.9961,61,89.59,-0.3935
ANT,LAG,Container_Ship,Containers,4978.7,5.91,557823.0,84093.0,94643.0,-635974.0,-6.7197,0.8854,0.9898,25,34.68,-0.1738
KHI,NYK,Container_Ship,Machinery,11689.8,14.02,1367189.0,102294.0,203236.0,-1476482.0,-7.2649,0.8891,1.1905,36,68.16,-0.617
SGP,LAG,Reefer,Refrigerated Goods,11147.2,16.25,390950.0,79387.0,9960.0,-704106.0,-70.6925,0.7656,0.9035,67,36.63,-0.161
SAN,COL,Tanker,Crude Oil,13986.2,26.06,546565.0,65385.0,15400.0,-987460.0,-64.1205,0.8338,1.2313,69,70.38,-0.396
SAN,LAX,Tanker,Fuel Oil,9942.3,18.46,414416.0,103741.0,77942.0,-717058.0,-9.1998,0.9542,0.9724,64,65.66,-0.3063
RTM,NYK,Container_Ship,Containers,5858.2,6.97,835045.0,126532.0,114674.0,-951470.0,-8.2971,0.9235,1.1498,29,54.08,-0.3909
KHI,SAN,Container_Ship,Electronics,13337.2,15.79,1497605.0,56074.0,256751.0,-1533734.0,-5.9736,0.7858,1.0892,44,37.67,-0.3359
HAM,SYD,Bulk_Carrier,Iron Ore,16284.4,30.23,472090.0,112048.0,14350.0,-1023296.0,-71.3119,0.7547,0.9603,42,77.98,-0.4246
SHA,SAN,Reefer,Frozen Fish,18568.6,25.03,614402.0,87872.0,17993.0,-1059662.0,-58.8922,0.9952,1.0044,24,38.13,-0.2017
TYO,SAN,LNG_Carrier,LNG,18591.0,22.1,1812983.0,115270.0,25185.0,-2234529.0,-88.7261,0.8336,1.1509,44,50.45,-0.5626
TYO,LAG,Bulk_Carrier,Coal,13474.1,24.74,375976.0,99814.0,21179.0,-825669.0,-38.9861,0.8824,0.9524,49,49.05,-0.2344
LAG,HOU,Reefer,Refrigerated Goods,10488.9,14.63,321015.0,106070.0,15941.0,-630584.0,-39.5567,0.9665,1.1454,67,89.07,-0.3586
LAX,HOU,Tanker,Chemical,2204.4,3.68,79338.0,124776.0,151161.0,-108098.0,-0.7151,0.7836,1.1348,49,38.58,-0.0373
COL,ANT,Tanker,Chemical,8396.7,14.55,315308.0,88145.0,152184.0,-469552.0,-3.0854,0.9647,0.928,38,84.02,-0.2715
RTM,LAX,Tanker,Fuel Oil,8985.5,15.7,288547.0,123979.0,87354.0,-560734.0,-6.4191,0.9057,1.1482,65,86.82,-0.3278
RTM,COL,LNG_Carrier,LPG,8401.4,11.25,909659.0,82781.0,19842.0,-1141373.0,-57.5219,0.8773,1.0771,69,86.43,-0.6786
SHA,JEA,Bulk_Carrier,Iron Ore,6458.3,11.82,158347.0,100646.0,16821.0,-419417.0,-24.9338,0.8028,1.0583,63,62.22,-0.1935
LAX,NYK,Reefer,Pharmaceuticals,3948.9,5.48,134586.0,132449.0,80562.0,-268734.0,-3.3357,0.8726,0.9618,66,42.97,-0.0952
SAN,BUS,Reefer,Frozen Fish,18691.4,23.89,580022.0,76896.0,16854.0,-998475.0,-59.2427,0.8743,1.0709,30,84.75,-0.4211
COL,SGP,Bulk_Carrier,Iron Ore,2732.3,5.21,78070.0,69284.0,20718.0,-204739.0,-9.8819,0.849,1.2324,21,45.31,-0.0808
SAN,KHI,Bulk_Carrier,Iron Ore,13337.2,26.5,439981.0,59367.0,18915.0,-877908.0,-46.4131,0.7917,1.2067,21,51.57,-0.2632
KHI,CPT,Container_Ship,Containers,8308.9,8.64,913063.0,51679.0,103366.0,-990930.0,-9.5866,0.9942,0.9627,54,82.14,-0.5619
MUM,ANT,Container_Ship,Auto Parts,6885.8,7.69,749325.0,90351.0,272778.0,-682228.0,-2.501,0.8544,1.1824,59,81.28,-0.4042
BUS,RTM,Tanker,Fuel Oil,8936.6,15.85,327966.0,108622.0,74718.0,-599661.0,-8.0257,0.8296,1.0722,56,65.41,-0.2646
JEA,COL,Tanker,Chemical,3316.6,5.89,111916.0,67469.0,162152.0,-105624.0,-0.6514,0.9855,0.9679,41,61.57,-0.0552
LAX,SGP,Reefer,Refrigerated Goods,14141.5,20.36,463340.0,120609.0,12347.0,-876983.0,-71.0274,0.8331,1.0292,70,89.74,-0.4462
HOU,CPT,Reefer,Refrigerated Goods,13853.3,18.57,461912.0,90466.0,15677.0,-815238.0,-52.0025,0.9017,1.2073,40,49.73,-0.2319
SGP,RTM,LNG_Carrier,LNG,10534.9,12.72,888247.0,104049.0,27172.0,-1155867.0,-42.5387,0.8438,1.2267,25,70.58,-0.52
BUS,SHA,LNG_Carrier,LPG,832.1,1.05,83000.0,101968.0,24164.0,-176611.0,-7.3088,0.9507,1.2103,56,41.86,-0.0708
RTM,JEA,Tanker,Fuel Oil,5176.2,8.4,167778.0,102522.0,87982.0,-308331.0,-3.5045,0.9511,1.1012,54,63.88,-0.1539
SGP,SHA,Tanker,Chemical,3810.3,6.89,156326.0,103384.0,187065.0,-175956.0,-0.9406,0.9896,1.1119,29,86.39,-0.1261
KHI,NYK,Container_Ship,Containers,11689.8,13.62,1577892.0,99016.0,93806.0,-1787405.0,-19.0542,0.7919,1.0968,48,37.14,-0.407
ANT,MUM,LNG_Carrier,LPG,6885.8,8.41,608469.0,89041.0,17801.0,-805911.0,-45.2745,0.9088,0.9327,39,78.43,-0.4608
SHA,LAG,Container_Ship,Containers,12229.8,13.63,1300397.0,77706.0,95185.0,-1487382.0,-15.6261,0.955,0.9229,51,55.37,-0.496
MUM,ANT,Container_Ship,Auto Parts,6885.8,7.52,809622.0,89132.0,299854.0,-711648.0,-2.3733,0.8966,1.2387,22,58.14,-0.3016
LAX,NYK,Reefer,Perishables,3948.9,5.21,117847.0,147978.0,11945.0,-332023.0,-27.7964,0.9,1.2289,26,36.33,-0.0994
HAM,COL,Container_Ship,Containers,8074.9,8.8,992403.0,78867.0,128430.0,-1074908.0,-8.3696,0.9915,1.1994,32,41.37,-0.3096
MUM,SGP,Reefer,Refrigerated Goods,3906.7,5.45,120688.0,76286.0,13495.0,-265240.0,-19.6548,0.9981,0.9389,48,73.6,-0.1612
RTM,SHA,Tanker,Chemical,8927.2,16.72,375154.0,111085.0,138495.0,-598484.0,-4.3213,0.884,0.9215,33,38.01,-0.1535
LAG,COL,LNG_Carrier,LNG,8435.8,10.16,768424.0,59930.0,23475.0,-957324.0,-40.7814,0.8299,1.0776,27,44.2,-0.2907
RTM,HOU,Bulk_Carrier,Iron Ore,8072.0,14.03,221857.0,121742.0,20655.0,-533466.0,-25.828,0.9517,1.0961,52,42.28,-0.1571
COL,SHA,Container_Ship,Auto Parts,5092.6,5.41,600114.0,84179.0,280198.0,-485295.0,-1.732,0.8979,1.1558,52,58.63,-0.2232
ANT,JEA,Container_Ship,Machinery,5160.9,5.76,684143.0,92222.0,181572.0,-681195.0,-3.7517,0.7999,1.1822,22,62.19,-0.3313
COL,NYK,Reefer,Refrigerated Goods,14086.8,19.14,449058.0,106882.0,15138.0,-827961.0,-54.6924,0.881,1.1933,70,72.64,-0.3416
BUS,SGP,Container_Ship,Containers,4583.4,5.19,571846.0,102749.0,96533.0,-655873.0,-6.7943,0.8919,1.0022,51,72.19,-0.3796
TYO,COL,Bulk_Carrier,Bauxite,6846.1,12.93,174361.0,97308.0,7670.0,-457876.0,-59.699,0.7778,1.0956,38,55.85,-0.1867
KHI,SAN,LNG_Carrier,LPG,13337.2,18.27,1436330.0,55568.0,20461.0,-1745542.0,-85.3126,0.9397,1.0368,71,46.09,-0.4677
RTM,JEA,Bulk_Carrier,Coal,5176.2,9.04,125994.0,99424.0,27832.0,-333253.0,-11.9738,0.9062,1.2188,28,47.99,-0.125
ANT,LAX,LNG_Carrier,LPG,9036.9,12.1,826963.0,130093.0,22005.0,-1116566.0,-50.7418,0.9325,1.1238,27,83.21,-0.6244
BUS,JEA,Tanker,Fuel Oil,7055.4,11.69,264763.0,93943.0,68554.0,-465433.0,-6.7892,0.7826,1.0429,30,57.02,-0.1922
TYO,KHI,Tanker,Chemical,6926.4,11.91,221666.0,94843.0,157020.0,-338111.0,-2.1533,0.9782,0.9443,64,55.29,-0.1361
COL,SGP,LNG_Carrier,LNG,2732.3,3.79,296005.0,71685.0,24237.0,-400328.0,-16.5171,0.7512,1.2292,45,49.5,-0.1727
NYK,BUS,Container_Ship,Machinery,11254.3,11.85,1256897.0,132418.0,162563.0,-1404525.0,-8.6399,0.7983,1.0606,70,57.67,-0.5038
SGP,COL,LNG_Carrier,LNG,2732.3,3.25,241011.0,63748.0,23609.0,-329849.0,-13.9716,0.8776,1.0249,46,74.88,-0.2152
SHA,SAN,Bulk_Carrier,Bauxite,18568.6,37.27,521496.0,90867.0,7371.0,-1164059.0,-157.9241,0.8882,0.9221,62,35.41,-0.2058
SHA,RTM,Bulk_Carrier,Coal,8927.2,16.21,221431.0,107160.0,24550.0,-547253.0,-22.2909,0.9913,0.9828,28,36.67,-0.1354
ANT,LAX,LNG_Carrier,LPG,9036.9,12.55,1034558.0,130278.0,18061.0,-1334953.0,-73.9143,0.837,1.0276,54,34.47,-0.3092
LAX,SGP,Tanker,Crude Oil,14141.5,26.67,491734.0,113279.0,11266.0,-993765.0,-88.2067,0.781,0.9617,29,63.95,-0.3604
HAM,LAG,Container_Ship,Electronics,5272.3,5.87,632848.0,95378.0,261019.0,-555269.0,-2.1273,0.9066,0.9597,35,39.65,-0.1714
SAN,NYK,Bulk_Carrier,Grain,7737.9,15.05,231214.0,109491.0,53674.0,-512753.0,-9.553,0.9354,1.1385,32,62.39,-0.2256
LAX,MUM,Container_Ship,Machinery,14043.2,14.41,1549742.0,97900.0,181905.0,-1681868.0,-9.2459,0.7651,1.2383,28,64.65,-0.6184
KHI,MUM,Bulk_Carrier,Coal,893.2,1.77,29410.0,52605.0,18857.0,-89782.0,-4.7613,0.8025,0.9324,65,79.46,-0.0681
LAG,KHI,Bulk_Carrier,Bauxite,7048.8,12.6,188152.0,53748.0,9109.0,-421788.0,-46.3057,0.99,1.0223,64,79.68,-0.2434
KHI,SAN,LNG_Carrier,LPG,13337.2,16.75,1137070.0,58822.0,20305.0,-1426784.0,-70.2669,0.8393,1.152,38,70.12,-0.5816
SYD,SAN,Reefer,Perishables,13322.4,19.03,474272.0,101599.0,9151.0,-852182.0,-93.1224,0.8211,1.032,39,62.18,-0.3082
SAN,BUS,Reefer,Frozen Fish,18691.4,26.31,592025.0,91101.0,15722.0,-1061999.0,-67.548,0.9516,0.9179,67,71.0,-0.3753
TYO,HAM,LNG_Carrier,LPG,8979.6,11.04,772067.0,148942.0,17927.0,-1068608.0,-59.608,0.8803,0.9698,32,89.93,-0.6472
SGP,MUM,Reefer,Frozen Fish,3906.7,5.07,120245.0,83321.0,17039.0,-262623.0,-15.4129,0.994,0.9524,46,60.6,-0.1314
HOU,MUM,Container_Ship,Machinery,14456.2,15.22,1663498.0,101691.0,185112.0,-1808362.0,-9.769,0.843,1.1436,30,33.51,-0.3403
KHI,SAN,Container_Ship,Auto Parts,13337.2,14.89,1649715.0,52835.0,221150.0,-1704803.0,-7.7088,0.8489,0.9649,52,55.24,-0.5475
LAG,SGP,Bulk_Carrier,Grain,11147.2,20.06,289717.0,76712.0,48434.0,-618929.0,-12.7788,0.8093,1.1874,57,78.19,-0.3021
COL,RTM,Container_Ship,Auto Parts,8401.4,8.69,1000020.0,83271.0,236321.0,-977348.0,-4.1357,0.8872,0.9865,50,66.39,-0.4464
SAN,LAX,LNG_Carrier,LNG,9942.3,12.28,960710.0,93948.0,21750.0,-1217100.0,-55.9594,0.9134,0.9071,63,88.53,-0.7011
COL,HOU,Reefer,Frozen Fish,15903.9,20.36,507176.0,101693.0,17633.0,-896650.0,-50.8493,0.9345,1.0484,45,75.95,-0.3664
JEA,RTM,Reefer,Perishables,5176.2,7.15,174840.0,95969.0,9469.0,-368574.0,-38.9224,0.8212,1.0677,55,89.13,-0.2567
TYO,HOU,Container_Ship,Machinery,10740.5,11.78,1292266.0,151357.0,191797.0,-1428483.0,-7.4479,0.8237,1.2128,23,44.89,-0.4059
COL,LAX,LNG_Carrier,LNG,15107.0,18.5,1460368.0,83350.0,24391.0,-1796837.0,-73.6692,0.8722,1.0654,24,54.27,-0.5371
HAM,KHI,Tanker,Crude Oil,5660.0,10.31,190131.0,89256.0,13937.0,-420078.0,-30.1404,0.7644,1.2155,41,87.52,-0.2816
HOU,JEA,LNG_Carrier,LPG,13157.3,17.52,1281774.0,105834.0,21639.0,-1628759.0,-75.2697,0.865,1.1913,31,59.3,-0.5647
NYK,ANT,LNG_Carrier,LNG,5881.5,7.69,639296.0,135426.0,24629.0,-865466.0,-35.1398,0.7676,1.2223,38,64.64,-0.4246
CPT,SAN,Container_Ship,Electronics,6297.2,6.72,707004.0,59785.0,258476.0,-609140.0,-2.3567,0.904,0.9531,38,63.35,-0.288
HAM,COL,Tanker,Fuel Oil,8074.9,13.97,268432.0,88692.0,91294.0,-475380.0,-5.2071,0.9059,1.1997,32,57.99,-0.192
MUM,JEA,Bulk_Carrier,Bauxite,1954.2,3.87,55031.0,63667.0,7063.0,-169617.0,-24.0152,0.7685,1.0212,61,68.43,-0.105
CPT,JEA,Container_Ship,Auto Parts,7606.3,7.93,905358.0,63971.0,242800.0,-845413.0,-3.4819,0.8571,1.0491,51,35.2,-0.211
JEA,SGP,Container_Ship,Electronics,5858.9,6.08,657438.0,79837.0,370833.0,-457607.0,-1.234,0.9901,1.2484,68,87.52,-0.3042
MUM,COL,Reefer,Pharmaceuticals,1535.0,2.12,46721.0,61605.0,94171.0,-45924.0,-0.4877,0.9287,1.0562,49,32.27,-0.0137
SYD,HOU,Bulk_Carrier,Grain,13818.5,24.41,396975.0,119723.0,54685.0,-828186.0,-15.1448,0.9753,1.1125,66,33.3,-0.1579
COL,SGP,Reefer,Pharmaceuticals,2732.3,3.94,100005.0,70136.0,81725.0,-147446.0,-1.8042,0.7885,1.0797,64,82.76,-0.1063
COL,BUS,LNG_Carrier,LNG,5911.7,7.88,642916.0,73395.0,23858.0,-810621.0,-33.9774,0.8502,1.069,34,36.22,-0.2225
TYO,JEA,Reefer,Frozen Fish,7963.6,10.0,240474.0,123600.0,14597.0,-499409.0,-34.2135,0.8364,0.9696,27,44.43,-0.1552
LAG,RTM,Container_Ship,Electronics,5056.8,5.79,617350.0,98947.0,276686.0,-526431.0,-1.9026,0.8076,1.142,48,39.51,-0.1634
KHI,SHA,Tanker,Crude Oil,5340.0,8.62,174094.0,83623.0,12999.0,-373994.0,-28.7713,0.7838,1.1056,25,78.28,-0.2272
HOU,NYK,Tanker,Crude Oil,2277.1,3.76,84871.0,144147.0,16558.0,-268893.0,-16.2396,0.9807,1.1256,41,44.77,-0.1072
COL,ANT,Tanker,Chemical,8396.7,15.02,284564.0,82059.0,184926.0,-406944.0,-2.2006,0.8719,1.2476,63,78.97,-0.2211
NYK,HOU,Reefer,Refrigerated Goods,2277.1,3.21,67439.0,152631.0,12738.0,-255541.0,-20.0618,0.8457,1.0459,34,54.3,-0.1236
SAN,TYO,Bulk_Carrier,Iron Ore,18591.0,33.15,484251.0,110146.0,15327.0,-1076385.0,-70.2294,0.8109,0.9546,40,62.04,-0.3332
NYK,CPT,Bulk_Carrier,Coal,12566.3,23.99,378631.0,109519.0,27627.0,-820331.0,-29.6926,0.9236,1.187,40,64.35,-0.3145
LAX,COL,LNG_Carrier,LNG,15107.0,18.62,1526676.0,92470.0,22445.0,-1876049.0,-83.5843,0.8865,0.9645,41,62.08,-0.6415
LAX,NYK,Container_Ship,Machinery,3948.9,4.53,476305.0,141594.0,203447.0,-482461.0,-2.3714,0.8882,1.1929,38,33.58,-0.1335
HAM,SAN,Container_Ship,Electronics,10166.5,11.92,1136710.0,101449.0,335212.0,-1081676.0,-3.2268,0.8951,1.2483,38,45.31,-0.3164
MUM,COL,Tanker,Chemical,1535.0,2.77,58391.0,54929.0,177494.0,22619.0,0.1274,0.9732,1.0728,28,33.49,0.007
LAX,CPT,Tanker,Chemical,16044.7,29.13,634364.0,91700.0,152199.0,-1010871.0,-6.6418,0.9795,0.914,28,86.07,-0.4662
RTM,HOU,Tanker,Chemical,8072.0,15.26,346832.0,138211.0,179455.0,-534435.0,-2.9781,0.9255,1.1406,27,57.51,-0.2141
SGP,NYK,Reefer,Frozen Fish,15342.9,20.76,433566.0,125162.0,16964.0,-853190.0,-50.2933,0.8844,1.0657,55,54.73,-0.2554
SHA,HAM,Container_Ship,Containers,8527.4,10.1,968565.0,109006.0,124148.0,-1104860.0,-8.8996,0.9987,1.151,35,60.25,-0.4558
KHI,SGP,Container_Ship,Auto Parts,4744.0,5.41,646294.0,68210.0,238892.0,-556775.0,-2.3307,0.7718,1.1463,58,38.46,-0.1705
ANT,LAX,LNG_Carrier,LPG,9036.9,12.46,877460.0,121326.0,22746.0,-1162967.0,-51.1292,0.9064,1.195,54,58.29,-0.4556
RTM,COL,Reefer,Pharmaceuticals,8401.4,11.55,303432.0,79565.0,96418.0,-459770.0,-4.7685,0.9407,1.0677,60,78.12,-0.2471
COL,SAN,Bulk_Carrier,Iron Ore,13986.2,24.51,392937.0,65414.0,19171.0,-806801.0,-42.0845,0.7833,1.2361,53,58.13,-0.2672
TYO,SHA,Container_Ship,Machinery,1754.3,1.85,186396.0,131435.0,186435.0,-159178.0,-0.8538,0.9439,1.0287,29,33.88,-0.0493
KHI,SGP,LNG_Carrier,LNG,4744.0,5.63,383562.0,66505.0,22531.0,-512014.0,-22.725,0.8272,1.0377,32,50.42,-0.2055
LAX,BUS,Tanker,Crude Oil,9637.7,16.01,358857.0,110335.0,13067.0,-696300.0,-53.2873,0.7693,1.1324,69,49.71,-0.2276
HAM,ANT,Tanker,Fuel Oil,453.6,0.85,19242.0,124981.0,78856.0,-78142.0,-0.9909,0.9191,1.0214,41,41.05,-0.0313
LAX,RTM,Container_Ship,Containers,8985.5,10.53,1119044.0,135180.0,113183.0,-1299063.0,-11.4775,0.8858,1.1831,52,81.93,-0.7166
NYK,SHA,LNG_Carrier,LNG,11860.8,15.87,1114704.0,133256.0,26679.0,-1459351.0,-54.6998,0.9696,1.0482,67,39.81,-0.3541
LAG,HAM,LNG_Carrier,LPG,5272.3,6.9,483748.0,92158.0,22468.0,-656894.0,-29.2365,0.9187,1.1646,46,44.22,-0.2261
JEA,HOU,Bulk_Carrier,Iron Ore,13157.3,24.48,382341.0,98719.0,21836.0,-826392.0,-37.8451,0.9796,1.1258,52,48.29,-0.2333
BUS,SGP,Bulk_Carrier,Iron Ore,4583.4,9.21,128020.0,99548.0,23080.0,-342629.0,-14.8456,0.9871,1.1809,29,40.48,-0.1112
MUM,LAX,LNG_Carrier,LPG,14043.2,17.11,1401407.0,90752.0,18132.0,-1730658.0,-95.4473,0.869,0.9936,71,47.67,-0.4692
SYD,SHA,Tanker,Fuel Oil,7881.4,14.2,324505.0,121735.0,81647.0,-577560.0,-7.0739,0.8947,1.0864,52,40.21,-0.1629
ANT,LAG,LNG_Carrier,LNG,4978.7,6.6,511655.0,82326.0,24603.0,-668417.0,-27.1687,0.9873,0.9493,47,67.79,-0.3571
BUS,LAG,Tanker,Fuel Oil,12692.5,21.37,412199.0,82328.0,82668.0,-732395.0,-8.8595,0.9319,1.0561,30,51.26,-0.2228
NYK,BUS,Bulk_Carrier,Coal,11254.3,20.1,321960.0,135895.0,23304.0,-736122.0,-31.5879,0.9709,0.9524,29,37.39,-0.1712
SAN,KHI,Tanker,Chemical,13337.2,21.85,401848.0,61373.0,184753.0,-606293.0,-3.2816,0.9795,1.1095,50,63.0,-0.2221
JEA,SHA,Reefer,Frozen Fish,6458.3,9.16,223203.0,95773.0,18194.0,-438238.0,-24.0875,0.9008,1.1221,62,53.33,-0.1733
JEA,ANT,Container_Ship,Machinery,5160.9,5.58,578456.0,104586.0,222482.0,-544259.0,-2.4463,0.9729,1.1911,37,43.99,-0.1873
KHI,SHA,Reefer,Frozen Fish,5340.0,7.57,163580.0,81226.0,16110.0,-342172.0,-21.2398,0.9064,0.9874,26,87.52,-0.2325
HAM,KHI,Bulk_Carrier,Coal,5660.0,9.86,140586.0,89611.0,20991.0,-357085.0,-17.0114,0.8607,0.9678,33,43.51,-0.119
LAX,CPT,Container_Ship,Machinery,16044.7,17.31,1835566.0,90892.0,156206.0,-2029933.0,-12.9952,0.8562,0.9502,54,88.36,-0.9611
SYD,COL,Reefer,Refrigerated Goods,8748.1,12.34,321652.0,77864.0,13998.0,-570686.0,-40.77,0.9012,1.0786,23,36.17,-0.1402
HAM,LAX,Reefer,Refrigerated Goods,9100.3,11.8,292679.0,121521.0,13478.0,-577740.0,-42.8659,0.799,1.1714,69,83.11,-0.322
MUM,COL,Container_Ship,Auto Parts,1535.0,1.76,178279.0,60345.0,256690.0,-8324.0,-0.0324,0.8793,1.0813,50,86.21,-0.0066
MUM,ANT,Container_Ship,Electronics,6885.8,8.06,768105.0,88734.0,279159.0,-698624.0,-2.5026,0.8925,1.0426,22,68.8,-0.3504
LAX,COL,Container_Ship,Machinery,15107.0,16.2,1897109.0,89443.0,226942.0,-2002567.0,-8.8241,0.9821,1.2035,53,79.81,-0.8802
CPT,LAX,Reefer,Frozen Fish,16044.7,21.64,473052.0,100794.0,18215.0,-880283.0,-48.3283,0.838,1.2075,65,86.77,-0.4092
SGP,BUS,Tanker,Crude Oil,4583.4,7.75,153316.0,99547.0,15920.0,-353241.0,-22.1885,0.9465,1.1213,58,40.35,-0.1143
ANT,HAM,Tanker,Fuel Oil,453.6,0.75,14362.0,120076.0,67426.0,-78278.0,-1.161,0.8045,0.9977,29,72.2,-0.0552
NYK,KHI,Container_Ship,Auto Parts,11689.8,12.48,1356185.0,88832.0,247185.0,-1385048.0,-5.6033,0.929,0.9854,57,43.31,-0.3678
NYK,COL,Container_Ship,Auto Parts,14086.8,14.48,1444353.0,91019.0,289033.0,-1463591.0,-5.0638,0.9476,1.1297,30,40.8,-0.3392
BUS,CPT,Tanker,Fuel Oil,13800.1,24.11,455939.0,76472.0,71790.0,-822267.0,-11.4538,0.9474,0.902,25,40.85,-0.1925
NYK,JEA,Reefer,Perishables,11017.6,14.19,372250.0,112318.0,10465.0,-687007.0,-65.6494,0.8056,1.2027,40,64.95,-0.2798
SAN,COL,Tanker,Chemical,13986.2,26.32,527594.0,61566.0,129898.0,-854034.0,-6.5747,0.77,0.9923,57,76.1,-0.3703
SAN,JEA,Reefer,Pharmaceuticals,12181.9,16.2,353925.0,72865.0,112494.0,-557279.0,-4.9539,0.9821,1.1931,68,32.65,-0.1097
RTM,COL,LNG_Carrier,LNG,8401.4,10.06,788436.0,84060.0,22206.0,-1001216.0,-45.0876,0.7922,1.0679,35,88.64,-0.6105
MUM,TYO,Container_Ship,Machinery,6733.0,7.13,762202.0,101223.0,208785.0,-761612.0,-3.6478,0.9386,1.1586,41,50.34,-0.2812
SHA,COL,Bulk_Carrier,Iron Ore,5092.6,10.32,159880.0,80805.0,17278.0,-378178.0,-21.8876,0.7548,1.156,40,81.2,-0.2408
HAM,SAN,Container_Ship,Containers,10166.5,11.35,1182036.0,96278.0,106731.0,-1341856.0,-12.5723,0.924,1.0696,58,87.96,-0.762
SHA,SGP,LNG_Carrier,LPG,3810.3,4.9,374851.0,103098.0,19908.0,-531569.0,-26.7017,0.8778,1.0799,60,82.05,-0.3617
LAX,CPT,Reefer,Perishables,16044.7,22.7,557584.0,94595.0,11056.0,-981633.0,-88.7897,0.8343,1.227,23,53.33,-0.2805
BUS,ANT,Container_Ship,Electronics,8997.1,9.75,972523.0,99979.0,257592.0,-961128.0,-3.7312,0.8512,1.0087,52,50.96,-0.3296
RTM,COL,Bulk_Carrier,Grain,8401.4,16.02,211763.0,83914.0,48201.0,-487770.0,-10.1195,0.7953,1.2026,53,51.79,-0.1738
BUS,HAM,Container_Ship,Machinery,8550.1,9.82,1154480.0,114410.0,173505.0,-1242646.0,-7.162,0.8751,1.0327,46,37.82,-0.3215
RTM,SAN,Container_Ship,Containers,9775.5,10.84,1219736.0,105163.0,93273.0,-1394283.0,-14.9484,0.8734,0.9889,32,58.7,-0.5357
ANT,SAN,Tanker,Fuel Oil,9716.8,16.29,300076.0,84380.0,71631.0,-557219.0,-7.779,0.8893,0.9589,60,49.64,-0.1814
LAG,RTM,Tanker,Crude Oil,5056.8,8.97,171407.0,83074.0,11794.0,-377191.0,-31.9805,0.7797,1.0084,54,37.12,-0.11
KHI,LAX,Container_Ship,Containers,13476.2,15.3,1771680.0,82971.0,99547.0,-1984676.0,-19.9371,0.8695,1.06,53,47.09,-0.5409
CPT,HOU,Container_Ship,Electronics,13853.3,15.83,1494860.0,101483.0,257721.0,-1576071.0,-6.1154,0.8562,1.0034,31,38.47,-0.3469
TYO,SHA,Reefer,Pharmaceuticals,1754.3,2.47,61747.0,126966.0,101866.0,-123917.0,-1.2165,0.9983,1.063,66,79.04,-0.0895
HAM,JEA,Bulk_Carrier,Grain,4892.2,9.03,141276.0,103505.0,52262.0,-328030.0,-6.2766,0.9075,1.1426,61,71.32,-0.1851
SAN,HOU,Container_Ship,Auto Parts,7942.5,8.55,812955.0,106727.0,192743.0,-855246.0,-4.4372,0.7602,0.9391,41,72.75,-0.4355
KHI,SGP,Tanker,Fuel Oil,4744.0,7.63,175685.0,71033.0,81546.0,-279654.0,-3.4294,0.9432,1.0293,54,40.78,-0.0908
LAX,KHI,Bulk_Carrier,Bauxite,13476.2,24.24,349113.0,90527.0,7828.0,-795399.0,-101.6076,0.9148,0.9508,53,33.23,-0.153
SYD,SHA,Container_Ship,Auto Parts,7881.4,9.45,989470.0,118936.0,195707.0,-1054477.0,-5.388,0.7733,0.9374,30,38.98,-0.2883
KHI,NYK,Container_Ship,Auto Parts,11689.8,12.8,1307160.0,94742.0,276293.0,-1317538.0,-4.7686,0.9664,1.0589,66,72.94,-0.5892
HAM,HOU,Bulk_Carrier,Iron Ore,8306.0,15.62,244876.0,138302.0,22077.0,-595378.0,-26.9686,0.9496,1.1742,47,40.08,-0.1648
MUM,SYD,LNG_Carrier,LPG,10150.5,13.43,1031246.0,86400.0,19393.0,-1299648.0,-67.0153,0.7599,1.2153,20,63.52,-0.5333
TYO,BUS,Reefer,Perishables,959.3,1.27,29117.0,140045.0,11190.0,-177047.0,-15.8212,0.8319,1.2455,62,85.33,-0.1436
SGP,BUS,Tanker,Crude Oil,4583.4,7.93,169096.0,92986.0,13501.0,-367499.0,-27.2202,0.8305,1.0837,57,78.57,-0.2315
SHA,SYD,Container_Ship,Electronics,7881.4,9.31,1009978.0,107493.0,298853.0,-958202.0,-3.2063,0.9776,1.019,47,57.98,-0.3897
BUS,COL,Container_Ship,Containers,5911.7,6.83,803686.0,75930.0,97208.0,-884849.0,-9.1026,0.7771,1.1583,69,53.55,-0.3592
SYD,SAN,Bulk_Carrier,Bauxite,13322.4,26.87,399100.0,98647.0,10070.0,-890731.0,-88.4513,0.9151,1.2227,25,48.13,-0.2493
JEA,SHA,LNG_Carrier,LPG,6458.3,8.73,703418.0,96317.0,19545.0,-911117.0,-46.6167,0.9117,1.0208,19,38.62,-0.2609
LAG,CPT,Reefer,Pharmaceuticals,4761.1,6.69,149318.0,61215.0,113081.0,-197868.0,-1.7498,0.9846,1.1964,26,38.17,-0.0601
ANT,JEA,Container_Ship,Machinery,5160.9,5.68,550671.0,89237.0,155721.0,-569337.0,-3.6561,0.7805,1.0392,67,88.28,-0.3931
HOU,ANT,Container_Ship,Auto Parts,8102.1,8.81,977318.0,140379.0,224780.0,-1025140.0,-4.5606,0.7509,1.1087,67,30.33,-0.2163
NYK,KHI,Tanker,Chemical,11689.8,20.25,388465.0,96677.0,155600.0,-633270.0,-4.0699,0.9309,0.9832,39,35.62,-0.1383
SAN,SYD,Bulk_Carrier,Grain,13322.4,25.96,403219.0,91930.0,51895.0,-832614.0,-16.0442,0.8455,1.2179,29,74.91,-0.3627
LAG,HOU,Reefer,Pharmaceuticals,10488.9,13.24,343252.0,90161.0,90611.0,-541393.0,-5.9749,0.8363,1.1286,30,62.48,-0.216
ANT,HAM,Tanker,Fuel Oil,453.6,0.81,16271.0,122099.0,86862.0,-63672.0,-0.733,0.8626,1.1987,21,37.97,-0.0236
COL,HOU,Tanker,Crude Oil,15903.9,26.48,555599.0,86708.0,17461.0,-1022049.0,-58.5326,0.9872,1.1791,25,46.54,-0.2559
BUS,SHA,Tanker,Chemical,832.1,1.42,31731.0,109086.0,140340.0,-21824.0,-0.1555,0.7778,1.0613,50,48.16,-0.0101
RTM,NYK,LNG_Carrier,LNG,5858.2,7.01,560838.0,147470.0,21591.0,-791801.0,-36.672,0.8301,0.9908,21,85.86,-0.5165
SGP,ANT,Tanker,Chemical,10551.1,18.16,345146.0,106975.0,163512.0,-561032.0,-3.4311,0.9887,0.9728,32,73.71,-0.2634
SHA,TYO,Reefer,Frozen Fish,1754.3,2.21,50710.0,132979.0,14272.0,-202593.0,-14.1953,0.7892,1.0047,53,70.54,-0.1305
SHA,SYD,Tanker,Fuel Oil,7881.4,13.11,258597.0,118706.0,61062.0,-512870.0,-8.3992,0.8004,0.9082,70,81.68,-0.2939
BUS,MUM,Container_Ship,Containers,5775.4,6.67,692161.0,89062.0,106833.0,-774512.0,-7.2498,0.9934,0.9958,25,56.12,-0.3313
RTM,SGP,Reefer,Refrigerated Goods,10534.9,14.94,397005.0,117347.0,13094.0,-725337.0,-55.3962,0.9697,0.9377,65,55.16,-0.255
HOU,TYO,Reefer,Refrigerated Goods,10740.5,14.26,337814.0,164847.0,14740.0,-701790.0,-47.6106,0.9875,1.0366,65,86.58,-0.3846
HOU,SYD,Reefer,Perishables,13818.5,20.12,505210.0,119391.0,11716.0,-914710.0,-78.074,0.9051,1.1986,66,58.12,-0.3044
BUS,SHA,Container_Ship,Electronics,832.1,0.91,95296.0,109722.0,296656.0,77938.0,0.2627,0.8037,1.2304,69,50.29,0.0375
NYK,COL,LNG_Carrier,LNG,14086.8,16.74,1332414.0,97754.0,29579.0,-1651659.0,-55.838,0.99,1.1383,58,54.5,-0.5113
SHA,NYK,Bulk_Carrier,Coal,11860.8,22.57,373955.0,135922.0,26629.0,-821829.0,-30.8626,0.8897,1.1877,67,89.58,-0.4488
TYO,LAG,Bulk_Carrier,Coal,13474.1,24.28,364197.0,112017.0,26864.0,-813619.0,-30.2861,0.9785,1.0894,55,35.62,-0.1678
NYK,LAX,Bulk_Carrier,Iron Ore,3948.9,7.97,116166.0,148887.0,18603.0,-365937.0,-19.6706,0.7629,1.2315,65,78.75,-0.2375
HOU,SYD,Container_Ship,Machinery,13818.5,14.2,1404764.0,138846.0,164501.0,-1592142.0,-9.6786,0.8096,1.0583,49,30.78,-0.2807
SYD,JEA,Tanker,Crude Oil,12058.9,22.53,467050.0,96433.0,18252.0,-883247.0,-48.3928,0.9991,1.2178,28,40.86,-0.2186
SAN,SYD,Container_Ship,Machinery,13322.4,14.0,1409394.0,97302.0,200403.0,-1516256.0,-7.566,0.876,1.1915,49,46.65,-0.4114
KHI,TYO,Container_Ship,Electronics,6926.4,7.57,717335.0,101418.0,271856.0,-660467.0,-2.4295,0.7758,1.168,23,49.67,-0.2387
HOU,RTM,Container_Ship,Auto Parts,8072.0,9.43,981125.0,138441.0,285618.0,-975471.0,-3.4153,0.9274,1.1407,56,44.09,-0.2995
ANT,SAN,LNG_Carrier,LPG,9716.8,13.41,999800.0,88110.0,19277.0,-1269759.0,-65.868,0.8295,1.1067,42,52.14,-0.4343
SHA,LAX,Container_Ship,Machinery,10457.0,12.33,1211418.0,111892.0,206846.0,-1301344.0,-6.2914,0.9882,1.0902,43,77.96,-0.6484
NYK,SHA,Reefer,Perishables,11860.8,15.21,339801.0,120871.0,9546.0,-679270.0,-71.1591,0.9046,0.9771,49,35.85,-0.1484
RTM,NYK,LNG_Carrier,LNG,5858.2,7.29,600063.0,138965.0,30628.0,-817677.0,-26.6973,0.9699,1.203,56,82.9,-0.515
ANT,LAG,Reefer,Refrigerated Goods,4978.7,6.96,178535.0,89562.0,15624.0,-356943.0,-22.8458,0.9661,1.1231,41,41.95,-0.118
JEA,SHA,Reefer,Refrigerated Goods,6458.3,8.9,213219.0,91512.0,12436.0,-425828.0,-34.2411,0.788,1.096,63,44.33,-0.14
KHI,COL,LNG_Carrier,LPG,2418.3,3.07,227392.0,49326.0,17475.0,-305300.0,-17.4704,0.9152,0.9093,62,56.55,-0.1527
LAG,HOU,Tanker,Chemical,10488.9,16.87,315867.0,104695.0,122780.0,-550758.0,-4.4857,0.7616,0.9483,18,77.42,-0.2722
HAM,NYK,LNG_Carrier,LPG,6125.8,7.98,681206.0,136307.0,16224.0,-920979.0,-56.7676,0.8226,0.9391,44,77.14,-0.5338
SAN,LAX,Container_Ship,Electronics,9942.3,10.45,997728.0,96900.0,266732.0,-984642.0,-3.6915,0.7856,1.1317,34,64.38,-0.4125
SGP,LAG,Reefer,Perishables,11147.2,14.78,383145.0,71696.0,12062.0,-664482.0,-55.0881,0.9194,1.2147,65,79.52,-0.3298
SAN,RTM,Bulk_Carrier,Bauxite,9775.5,18.48,254876.0,91201.0,9534.0,-613689.0,-64.3684,0.8728,1.2137,18,82.16,-0.33
MUM,CPT,Reefer,Refrigerated Goods,8227.2,10.97,270567.0,61770.0,15689.0,-481178.0,-30.6707,0.8939,1.2187,70,62.13,-0.207
LAX,JEA,Reefer,Refrigerated Goods,13447.6,18.24,434826.0,96413.0,13210.0,-791599.0,-59.9237,0.796,1.1524,57,71.81,-0.3293
COL,TYO,Container_Ship,Containers,6846.1,7.52,839215.0,114718.0,105614.0,-961098.0,-9.1001,0.8085,1.2095,18,68.13,-0.4781
HAM,SHA,Container_Ship,Machinery,8527.4,8.77,895889.0,116364.0,180438.0,-963402.0,-5.3392,0.7758,1.2114,44,83.33,-0.5497
JEA,LAX,LNG_Carrier,LPG,13447.6,17.21,1243764.0,107597.0,16948.0,-1592520.0,-93.9629,0.754,1.0704,55,54.7,-0.5047
NYK,HOU,Tanker,Crude Oil,2277.1,3.82,71745.0,158729.0,14704.0,-273007.0,-18.5666,0.9382,1.0448,54,55.85,-0.1358
JEA,ANT,Tanker,Fuel Oil,5160.9,8.59,191619.0,101387.0,89803.0,-332086.0,-3.6979,0.886,1.2067,56,69.7,-0.181
HAM,RTM,Reefer,Perishables,406.5,0.57,12949.0,120622.0,10027.0,-132054.0,-13.1703,0.9076,1.023,58,31.1,-0.0402
RTM,JEA,Container_Ship,Auto Parts,5176.2,5.45,581603.0,106734.0,245181.0,-524845.0,-2.1406,0.839,1.0823,34,42.87,-0.1759
LAX,SYD,Container_Ship,Electronics,12054.8,14.26,1425969.0,124645.0,293847.0,-1470627.0,-5.0047,0.9411,1.0408,30,70.79,-0.6306
HOU,HAM,LNG_Carrier,LPG,8306.0,10.83,894620.0,140321.0,17982.0,-1179434.0,-65.5881,0.9065,0.9447,48,69.01,-0.5619
BUS,ANT,Bulk_Carrier,Coal,8997.1,17.92,256239.0,107614.0,18473.0,-614230.0,-33.2509,0.7991,0.9173,68,74.13,-0.3064
COL,SHA,Container_Ship,Auto Parts,5092.6,5.4,592226.0,80034.0,300983.0,-452224.0,-1.5025,0.964,1.1564,36,79.01,-0.2802
SHA,CPT,Container_Ship,Auto Parts,12978.3,14.94,1737343.0,86490.0,275630.0,-1772296.0,-6.43,0.992,1.0291,69,58.82,-0.6129
HOU,COL,LNG_Carrier,LNG,15903.9,19.31,1634771.0,87874.0,20919.0,-1991425.0,-95.1948,0.7861,1.0138,24,85.59,-0.917
HOU,SHA,Container_Ship,Machinery,12195.4,13.96,1333142.0,123654.0,161420.0,-1504764.0,-9.322,0.8572,0.9808,61,53.05,-0.4814
SYD,CPT,Container_Ship,Auto Parts,11011.7,12.1,1404691.0,91852.0,224273.0,-1453771.0,-6.4821,0.8566,0.9697,28,56.79,-0.5177
TYO,BUS,Container_Ship,Electronics,959.3,1.02,119246.0,139832.0,311320.0,37008.0,0.1189,0.9699,1.0699,60,50.85,0.0179
CPT,SAN,LNG_Carrier,LPG,6297.2,8.15,602226.0,58226.0,16742.0,-766012.0,-45.7536,0.7668,1.0397,18,52.42,-0.2996
CPT,HOU,Bulk_Carrier,Grain,13853.3,25.19,370845.0,104230.0,37596.0,-815324.0,-21.6862,0.7551,0.9878,55,33.46,-0.1561
HOU,TYO,Bulk_Carrier,Iron Ore,10740.5,20.12,264071.0,141955.0,18188.0,-689624.0,-37.9161,0.8797,1.0443,52,56.76,-0.2477
KHI,HOU,LNG_Carrier,LNG,13656.9,17.97,1367398.0,99235.0,31644.0,-1704503.0,-53.8646,0.9929,1.2141,41,64.43,-0.6321
LAX,LAG,Container_Ship,Containers,12430.0,13.25,1484766.0,93198.0,92818.0,-1683883.0,-18.1417,0.7572,1.135,46,43.13,-0.4346
ANT,TYO,Bulk_Carrier,Grain,9411.9,16.94,237072.0,140240.0,53225.0,-578165.0,-10.8626,0.9296,1.136,67,45.61,-0.1749
HAM,LAX,Tanker,Chemical,9100.3,14.69,295538.0,122735.0,169049.0,-469593.0,-2.7778,0.9446,1.0527,34,32.74,-0.1031
LAX,ANT,Reefer,Frozen Fish,9036.9,11.84,250168.0,114292.0,18436.0,-523682.0,-28.406,0.8522,1.2018,48,75.7,-0.2664
BUS,HOU,Bulk_Carrier,Grain,11424.5,20.36,321068.0,125563.0,57173.0,-694807.0,-12.1528,0.935,1.2132,71,32.26,-0.1386
SHA,RTM,Tanker,Chemical,8927.2,15.81,318698.0,119201.0,148017.0,-526988.0,-3.5603,0.9569,0.9099,54,71.31,-0.2536
SAN,SYD,Reefer,Perishables,13322.4,18.02,459955.0,94169.0,10706.0,-813746.0,-76.0056,0.8303,1.1939,65,53.74,-0.2544
HOU,COL,Reefer,Pharmaceuticals,15903.9,22.26,488971.0,98590.0,103604.0,-817837.0,-7.8938,0.9356,1.1535,31,51.11,-0.2249
SYD,ANT,LNG_Carrier,LPG,16725.3,21.59,1608584.0,114534.0,23171.0,-2023801.0,-87.3405,0.8999,1.2261,66,41.66,-0.443
SHA,SYD,Bulk_Carrier,Grain,7881.4,15.58,231705.0,123894.0,53559.0,-535780.0,-10.0035,0.9885,1.075,32,84.82,-0.3188
LAX,BUS,LNG_Carrier,LNG,9637.7,11.89,954223.0,116587.0,21943.0,-1227291.0,-55.9315,0.8933,0.9358,20,74.28,-0.5996
JEA,CPT,Tanker,Crude Oil,7606.3,13.38,263851.0,64764.0,13541.0,-515771.0,-38.0893,0.9949,0.9074,34,70.83,-0.2589
MUM,TYO,LNG_Carrier,LNG,6733.0,8.58,634947.0,105545.0,24179.0,-844983.0,-34.9475,0.787,1.1703,63,30.91,-0.1915
MUM,LAG,Tanker,Crude Oil,7617.6,13.36,261787.0,63712.0,13540.0,-512330.0,-37.8395,0.8007,1.1273,48,59.61,-0.2164
ANT,HAM,Bulk_Carrier,Grain,453.6,0.85,13645.0,128756.0,47736.0,-107455.0,-2.251,0.777,1.2189,25,68.2,-0.0715
ANT,LAG,Reefer,Pharmaceuticals,4978.7,7.07,178277.0,81715.0,87207.0,-278910.0,-3.1982,0.7907,1.1489,19,53.03,-0.1166
SYD,LAX,Tanker,Chemical,12054.8,19.53,454337.0,131316.0,166033.0,-712608.0,-4.292,0.9019,1.0829,24,46.0,-0.1986
TYO,SYD,Tanker,Crude Oil,7825.8,14.01,305503.0,139384.0,14231.0,-640881.0,-45.0351,0.8509,1.1149,26,45.36,-0.2044
SAN,JEA,Reefer,Perishables,12181.9,17.85,454207.0,68101.0,9965.0,-780105.0,-78.2821,0.9429,0.9786,49,49.88,-0.2347
SHA,HOU,Tanker,Crude Oil,12195.4,21.97,431346.0,135136.0,13980.0,-882024.0,-63.0935,0.7843,1.1883,51,59.5,-0.3165
NYK,SGP,Tanker,Crude Oil,15342.9,26.39,568992.0,116278.0,16575.0,-1064602.0,-64.2308,0.9519,1.1608,30,39.26,-0.2286
SGP,LAG,LNG_Carrier,LNG,11147.2,14.52,1092566.0,70114.0,26843.0,-1353582.0,-50.4257,0.8214,1.2449,58,47.57,-0.402
TYO,NYK,Bulk_Carrier,Coal,10853.1,19.55,297422.0,147655.0,19512.0,-718867.0,-36.8433,0.8005,0.9672,59,45.25,-0.2051
LAX,ANT,Container_Ship,Containers,9036.9,10.63,1036265.0,126284.0,92820.0,-1229131.0,-13.2421,0.8243,1.0427,71,40.12,-0.3314
BUS,COL,Bulk_Carrier,Iron Ore,5911.7,10.43,166498.0,76680.0,18841.0,-380722.0,-20.2069,0.9121,1.0433,35,52.98,-0.1529
NYK,HOU,Reefer,Refrigerated Goods,2277.1,2.89,69929.0,146916.0,12987.0,-247164.0,-19.032,0.9682,0.9315,33,61.87,-0.1362
ANT,CPT,Container_Ship,Containers,9566.7,10.05,1141203.0,89079.0,102108.0,-1278857.0,-12.5246,0.9283,1.0185,52,67.84,-0.5721
SHA,MUM,Bulk_Carrier,Iron Ore,5043.9,9.58,139001.0,87217.0,21231.0,-348613.0,-16.4201,0.8719,1.2299,30,56.85,-0.1558
SAN,CPT,Bulk_Carrier,Iron Ore,6297.2,11.63,164577.0,68654.0,17678.0,-390018.0,-22.0621,0.8114,1.1004,63,70.36,-0.2048
CPT,RTM,Tanker,Crude Oil,9642.1,17.77,348759.0,90531.0,18315.0,-687562.0,-37.5409,0.9968,1.2249,24,37.62,-0.1701
SGP,MUM,Container_Ship,Auto Parts,3906.7,4.15,469238.0,81555.0,235319.0,-377675.0,-1.6049,0.8572,1.0168,36,85.66,-0.2671
SAN,SYD,Reefer,Refrigerated Goods,13322.4,18.44,385346.0,89666.0,11017.0,-740541.0,-67.2167,0.8134,0.9406,35,39.07,-0.1683
BUS,TYO,LNG_Carrier,LNG,959.3,1.21,82010.0,137591.0,30897.0,-206803.0,-6.6933,0.9712,1.2119,44,54.7,-0.1076
LAX,SGP,Bulk_Carrier,Iron Ore,14141.5,26.82,374601.0,112588.0,17003.0,-872424.0,-51.3105,0.8043,1.0677,45,79.53,-0.3934
CPT,SAN,LNG_Carrier,LNG,6297.2,7.89,594140.0,66283.0,25089.0,-753661.0,-30.0397,0.8109,1.1786,37,46.05,-0.259
SAN,HAM,Container_Ship,Auto Parts,10166.5,10.55,1150666.0,87481.0,297069.0,-1099285.0,-3.7004,0.9226,1.1926,44,30.74,-0.2182
HAM,SHA,Bulk_Carrier,Iron Ore,8527.4,15.3,214110.0,125403.0,15810.0,-553193.0,-34.991,0.8139,0.9811,19,64.21,-0.2432
LAG,SYD,LNG_Carrier,LNG,15517.5,18.74,1360478.0,80938.0,27934.0,-1694610.0,-60.6638,0.9533,1.1164,30,83.13,-0.7665
SHA,MUM,Tanker,Chemical,5043.9,8.9,181565.0,81788.0,159226.0,-237603.0,-1.4922,0.7522,1.2452,39,89.25,-0.1667
BUS,SGP,Container_Ship,Machinery,4583.4,5.25,567580.0,93666.0,167593.0,-572434.0,-3.4156,0.9371,0.9315,52,40.12,-0.1841
ANT,SGP,Tanker,Chemical,10551.1,17.01,366908.0,107035.0,132343.0,-596820.0,-4.5096,0.7558,1.03,40,86.98,-0.3307
HAM,LAX,Bulk_Carrier,Bauxite,9100.3,16.48,217256.0,131847.0,8507.0,-587735.0,-69.088,0.7698,1.2278,50,82.26,-0.3242
CPT,TYO,LNG_Carrier,LPG,14727.6,18.38,1482526.0,113132.0,18908.0,-1852511.0,-97.9729,0.9165,0.9824,66,31.21,-0.322
SYD,SAN,Container_Ship,Machinery,13322.4,14.83,1754378.0,96259.0,160600.0,-1912548.0,-11.9088,0.7796,1.073,40,58.16,-0.6469
NYK,JEA,Reefer,Refrigerated Goods,11017.6,13.79,297118.0,123559.0,14667.0,-612886.0,-41.7869,0.922,1.1046,61,31.07,-0.1194
SHA,KHI,Reefer,Pharmaceuticals,5340.0,6.81,162315.0,75779.0,75043.0,-265180.0,-3.5337,0.7592,1.0297,49,50.93,-0.1048
HOU,LAX,Container_Ship,Electronics,2204.4,2.65,282330.0,136101.0,252308.0,-205875.0,-0.816,0.7858,1.0703,19,32.93,-0.0606
NYK,CPT,Container_Ship,Machinery,12566.3,13.57,1376558.0,98887.0,160918.0,-1518014.0,-9.4334,0.8813,0.951,66,70.82,-0.6405
COL,SHA,Bulk_Carrier,Bauxite,5092.6,10.35,138911.0,73607.0,8285.0,-359503.0,-43.3919,0.7763,1.1859,48,53.63,-0.1512
NYK,HAM,LNG_Carrier,LNG,6125.8,7.3,612797.0,123317.0,22810.0,-822826.0,-36.0736,0.7612,1.1416,41,34.58,-0.2138
BUS,LAX,Bulk_Carrier,Iron Ore,9637.7,19.43,290101.0,113956.0,18869.0,-676595.0,-35.8566,0.964,0.9886,48,68.53,-0.305
KHI,MUM,Reefer,Perishables,893.2,1.2,28892.0,54047.0,10324.0,-90574.0,-8.7729,0.8803,1.0859,30,71.03,-0.0614
LAG,NYK,Bulk_Carrier,Bauxite,8481.1,14.87,239191.0,114177.0,7074.0,-569351.0,-80.485,0.7884,0.9969,18,76.76,-0.2998
RTM,SGP,Bulk_Carrier,Iron Ore,10534.9,19.94,280802.0,106871.0,20049.0,-666759.0,-33.2566,0.8382,1.2081,32,53.01,-0.2253
BUS,SGP,Reefer,Pharmaceuticals,4583.4,5.83,152877.0,90452.0,92355.0,-238421.0,-2.5816,0.9399,1.0236,25,35.71,-0.0682
RTM,CPT,LNG_Carrier,LPG,9642.1,13.26,1094918.0,93479.0,19605.0,-1367761.0,-69.7658,0.8681,1.0754,64,47.52,-0.4275
SHA,KHI,LNG_Carrier,LPG,5340.0,6.86,518278.0,80570.0,16714.0,-685033.0,-40.9867,0.7591,1.0485,69,54.01,-0.2872
SAN,KHI,LNG_Carrier,LPG,13337.2,17.24,1176927.0,55789.0,20319.0,-1470922.0,-72.3924,0.9006,1.0743,31,75.96,-0.6495
TYO,JEA,Reefer,Pharmaceuticals,7963.6,11.62,249157.0,116965.0,106507.0,-433963.0,-4.0745,0.9951,1.115,63,75.64,-0.2295
MUM,LAG,Reefer,Frozen Fish,7617.6,9.76,227743.0,59508.0,15119.0,-418605.0,-27.6874,0.7554,1.1119,49,78.65,-0.2333
SAN,COL,Container_Ship,Machinery,13986.2,16.19,1885402.0,60384.0,163707.0,-2024939.0,-12.3693,0.7533,1.1319,54,67.11,-0.7742
SHA,COL,Reefer,Frozen Fish,5092.6,7.06,151333.0,86587.0,15932.0,-327868.0,-20.5787,0.7831,1.1302,32,44.59,-0.1147
JEA,SAN,Container_Ship,Electronics,12181.9,13.21,1491698.0,79290.0,353344.0,-1415752.0,-4.0067,0.9724,1.2113,69,51.29,-0.438
KHI,LAG,LNG_Carrier,LNG,7048.8,8.93,672784.0,56902.0,27165.0,-836495.0,-30.7928,0.8713,1.1877,60,69.37,-0.4203
SGP,TYO,Tanker,Chemical,5314.4,8.84,180454.0,117256.0,116166.0,-314210.0,-2.7048,0.7514,0.9093,28,69.47,-0.1696
LAX,ANT,Reefer,Perishables,9036.9,12.14,322813.0,131301.0,9775.0,-626453.0,-64.0906,0.7977,1.1346,31,57.04,-0.2401
HOU,LAG,LNG_Carrier,LPG,10488.9,13.98,1110875.0,98535.0,22197.0,-1396947.0,-62.9352,0.9009,1.1732,21,47.25,-0.4214
SHA,TYO,Container_Ship,Machinery,1754.3,1.94,224511.0,142970.0,180275.0,-216322.0,-1.2,0.8176,1.1484,47,46.19,-0.0913
JEA,RTM,LNG_Carrier,LPG,5176.2,7.14,494111.0,90743.0,21301.0,-670682.0,-31.4861,0.8665,1.1706,60,82.7,-0.4335
MUM,TYO,Container_Ship,Electronics,6733.0,7.16,804583.0,107552.0,292307.0,-727200.0,-2.4878,0.9539,1.0215,40,39.84,-0.2125
JEA,CPT,Reefer,Pharmaceuticals,7606.3,10.12,220773.0,65418.0,94019.0,-343921.0,-3.658,0.9417,1.04,19,75.05,-0.183
SAN,COL,Reefer,Frozen Fish,13986.2,18.5,432683.0,57034.0,18418.0,-748853.0,-40.6587,0.881,1.1614,27,41.65,-0.1777
COL,BUS,LNG_Carrier,LNG,5911.7,7.59,530140.0,75301.0,23430.0,-695852.0,-29.6995,0.9155,0.975,56,72.02,-0.3799
CPT,ANT,Tanker,Chemical,9566.7,16.41,340259.0,89414.0,147633.0,-528199.0,-3.5778,0.9196,0.9444,24,32.93,-0.1147
KHI,ANT,Container_Ship,Containers,5992.6,6.37,663437.0,75733.0,96037.0,-738612.0,-7.6909,0.9723,0.9146,31,42.9,-0.2394
SYD,HAM,Bulk_Carrier,Coal,16284.4,32.45,462191.0,118183.0,23515.0,-1043649.0,-44.3816,0.9885,0.944,24,77.38,-0.4297
HOU,LAX,Bulk_Carrier,Coal,2204.4,4.39,63764.0,140712.0,21969.0,-248368.0,-11.3055,0.7678,1.1354,34,54.12,-0.1201
COL,MUM,Bulk_Carrier,Grain,1535.0,2.83,45759.0,54328.0,48462.0,-94063.0,-1.941,0.8057,1.1935,24,84.1,-0.0731
RTM,HAM,Reefer,Frozen Fish,406.5,0.51,11270.0,124654.0,15221.0,-128357.0,-8.4328,0.8111,1.0426,58,50.64,-0.0636
RTM,HOU,Reefer,Refrigerated Goods,8072.0,11.08,234734.0,138341.0,12180.0,-527091.0,-43.2763,0.8477,0.9978,42,42.91,-0.1575
MUM,LAX,Container_Ship,Containers,14043.2,15.13,1638048.0,94187.0,99733.0,-1859451.0,-18.6442,0.9513,0.9707,23,30.84,-0.3262
CPT,HOU,Reefer,Pharmaceuticals,13853.3,17.64,434788.0,89604.0,83557.0,-705480.0,-8.4431,0.8153,1.0676,32,67.87,-0.2739
SAN,BUS,Container_Ship,Electronics,18691.4,22.16,2126405.0,89361.0,272640.0,-2275496.0,-8.3462,0.9761,0.931,38,46.32,-0.5246
JEA,RTM,Reefer,Perishables,5176.2,6.82,173707.0,102871.0,10182.0,-368637.0,-36.2064,0.7758,1.2152,60,56.05,-0.1615
JEA,SYD,LNG_Carrier,LPG,12058.9,15.52,1166042.0,99015.0,22037.0,-1475879.0,-66.9721,0.9166,1.1449,67,59.81,-0.5347
SHA,NYK,Tanker,Crude Oil,11860.8,19.6,376152.0,131664.0,12144.0,-789627.0,-65.0231,0.8975,0.902,36,42.26,-0.2034
JEA,BUS,Tanker,Crude Oil,7055.4,11.8,263623.0,87973.0,11921.0,-516669.0,-43.3405,0.8703,0.9131,70,81.59,-0.3053
SAN,LAX,Reefer,Refrigerated Goods,9942.3,12.77,336004.0,101736.0,13789.0,-615508.0,-44.6389,0.9332,1.0261,53,47.78,-0.1914
SYD,HAM,Container_Ship,Containers,16284.4,18.82,1992568.0,117374.0,108730.0,-2283546.0,-21.002,0.9257,1.0876,51,42.99,-0.5223
TYO,ANT,Bulk_Carrier,Coal,9411.9,18.49,262590.0,141665.0,25054.0,-656562.0,-26.2055,0.8383,1.186,45,69.16,-0.3011
JEA,NYK,LNG_Carrier,LNG,11017.6,13.91,1168875.0,103246.0,23380.0,-1457446.0,-62.3379,0.811,1.0982,58,46.64,-0.4262
LAG,SAN,Tanker,Crude Oil,6362.4,11.02,247994.0,67591.0,14142.0,-466773.0,-33.0061,0.8798,1.0717,47,35.08,-0.1219
ANT,LAX,Container_Ship,Machinery,9036.9,10.26,991303.0,122270.0,228275.0,-1039161.0,-4.5522,0.9959,1.1938,35,76.9,-0.5371
SGP,BUS,Reefer,Refrigerated Goods,4583.4,5.93,126961.0,97466.0,11898.0,-301511.0,-25.341,0.845,0.9779,27,58.02,-0.1402
TYO,SHA,LNG_Carrier,LNG,1754.3,2.39,206098.0,126195.0,27391.0,-340792.0,-12.4418,0.9652,1.0811,62,65.86,-0.205
HOU,KHI,LNG_Carrier,LNG,13656.9,18.49,1403683.0,100911.0,27211.0,-1754777.0,-64.4867,0.9958,1.041,43,51.05,-0.5156
SYD,JEA,Tanker,Crude Oil,12058.9,22.54,502116.0,103742.0,14474.0,-929457.0,-64.2171,0.9316,1.0358,39,45.61,-0.2567
RTM,BUS,LNG_Carrier,LNG,8936.6,12.33,887671.0,102441.0,26598.0,-1148409.0,-43.1761,0.9405,1.0774,39,64.5,-0.4996
NYK,KHI,Bulk_Carrier,Grain,11689.8,21.04,321275.0,95464.0,54367.0,-677985.0,-12.4706,0.9877,1.0922,51,36.37,-0.1512
SYD,SGP,Tanker,Chemical,6299.1,11.76,217981.0,105729.0,165803.0,-334297.0,-2.0162,0.8824,1.1053,22,81.26,-0.2027
LAG,TYO,LNG_Carrier,LNG,13474.1,16.44,1220255.0,102137.0,28378.0,-1540659.0,-54.2915,0.9075,1.1912,61,58.9,-0.5253
SAN,SGP,Container_Ship,Machinery,15934.4,16.36,1685644.0,73136.0,138343.0,-1865881.0,-13.4873,0.7934,0.9081,19,32.37,-0.3247
LAG,SHA,LNG_Carrier,LPG,12229.8,16.35,1374736.0,79161.0,24915.0,-1674269.0,-67.1999,0.9763,1.2152,70,65.66,-0.6621
LAG,COL,Container_Ship,Machinery,8435.8,9.75,944987.0,58946.0,189171.0,-961078.0,-5.0805,0.8187,1.2034,65,78.88,-0.5208
SHA,KHI,Reefer,Perishables,5340.0,7.78,198651.0,70857.0,11996.0,-374223.0,-31.195,0.9958,1.1154,21,31.97,-0.0929
COL,CPT,Tanker,Chemical,7888.4,13.91,275752.0,53152.0,181646.0,-355902.0,-1.9593,0.9383,1.1388,52,47.63,-0.1189
LAX,BUS,Tanker,Chemical,9637.7,16.55,325199.0,115916.0,193152.0,-496270.0,-2.5693,0.9495,1.1966,42,75.99,-0.248
BUS,SGP,Reefer,Perishables,4583.4,6.34,151268.0,101598.0,9776.0,-338178.0,-34.5929,0.8924,1.0143,38,40.31,-0.1093
SYD,SGP,Tanker,Crude Oil,6299.1,10.89,253080.0,103220.0,12356.0,-507345.0,-41.0593,0.8222,1.0019,67,79.85,-0.3023
SYD,CPT,Reefer,Perishables,11011.7,14.23,349406.0,86969.0,8780.0,-640994.0,-73.0036,0.758,1.0725,58,68.86,-0.2768
SAN,LAX,LNG_Carrier,LPG,9942.3,12.28,884201.0,96280.0,20816.0,-1143841.0,-54.9508,0.8514,1.1642,45,78.62,-0.5852
SYD,LAG,Reefer,Pharmaceuticals,15517.5,21.54,554421.0,82363.0,89196.0,-870704.0,-9.7617,0.7792,1.1924,35,46.38,-0.2197
SYD,COL,Container_Ship,Containers,8748.1,10.09,1051388.0,80883.0,122076.0,-1161540.0,-9.5149,0.9782,1.1555,68,46.21,-0.3645
LAG,LAX,Reefer,Frozen Fish,12430.0,18.26,460082.0,95155.0,16525.0,-812667.0,-49.1789,0.9923,0.9252,19,52.3,-0.2543
CPT,LAG,Bulk_Carrier,Bauxite,4761.1,8.66,140536.0,55805.0,8183.0,-318130.0,-38.8751,0.9199,0.9885,61,80.32,-0.2033
SHA,NYK,Reefer,Perishables,11860.8,16.89,385679.0,131525.0,11924.0,-758610.0,-63.6224,0.8975,1.2302,23,86.0,-0.3977
CPT,JEA,Container_Ship,Electronics,7606.3,8.94,852198.0,61681.0,214713.0,-833311.0,-3.881,0.7705,0.9289,66,67.52,-0.3988
ANT,SYD,Container_Ship,Electronics,16725.3,19.21,2031901.0,123343.0,223947.0,-2219401.0,-9.9104,0.7521,0.9925,30,67.4,-0.786
HAM,LAG,Reefer,Frozen Fish,5272.3,7.28,178147.0,88693.0,15060.0,-360944.0,-23.9676,0.7797,1.073,35,50.84,-0.1428
SYD,NYK,Reefer,Perishables,15985.3,20.78,554307.0,142458.0,10170.0,-998330.0,-98.1645,0.8235,1.1435,44,77.48,-0.4152
HOU,ANT,Bulk_Carrier,Grain,8102.1,16.09,265146.0,139464.0,57779.0,-588110.0,-10.1786,0.9233,1.2416,25,34.4,-0.1407
SHA,MUM,LNG_Carrier,LPG,5043.9,6.63,494052.0,84598.0,17365.0,-660760.0,-38.0515,0.757,1.0923,25,59.88,-0.311
JEA,RTM,Container_Ship,Electronics,5176.2,5.39,609269.0,102871.0,217131.0,-575823.0,-2.652,0.7884,0.918,20,72.33,-0.3255
RTM,SYD,Reefer,Refrigerated Goods,16689.6,23.31,610819.0,124498.0,15930.0,-1069019.0,-67.1071,0.9403,1.1765,30,89.71,-0.5044
BUS,TYO,Reefer,Refrigerated Goods,959.3,1.2,28427.0,140395.0,14453.0,-172433.0,-11.9305,0.9235,1.0869,51,86.27,-0.1414
KHI,NYK,Reefer,Refrigerated Goods,11689.8,14.87,325775.0,104839.0,13548.0,-640131.0,-47.2488,0.991,0.9494,18,39.97,-0.1568
BUS,SGP,Tanker,Chemical,4583.4,8.14,167178.0,92086.0,169041.0,-212309.0,-1.256,0.8512,1.1682,45,64.02,-0.109
MUM,SHA,Bulk_Carrier,Grain,5043.9,10.17,164659.0,81981.0,50988.0,-348232.0,-6.8297,0.8534,1.1855,45,47.39,-0.1297
JEA,HOU,LNG_Carrier,LPG,13157.3,16.74,1189085.0,115454.0,21858.0,-1533751.0,-70.1703,0.8695,1.197,66,52.61,-0.4718
COL,SYD,Reefer,Perishables,8748.1,11.01,277423.0,87833.0,9685.0,-520699.0,-53.7615,0.93,0.9643,47,83.01,-0.2936
ANT,RTM,Container_Ship,Auto Parts,78.1,0.09,8862.0,108403.0,231947.0,113334.0,0.4886,0.7705,1.1149,66,55.76,0.0629
NYK,RTM,Tanker,Crude Oil,5858.2,10.26,237779.0,146243.0,17543.0,-520396.0,-29.6633,0.9857,1.1866,65,33.01,-0.1305
MUM,HOU,LNG_Carrier,LPG,14456.2,17.44,1479719.0,105738.0,19529.0,-1827575.0,-93.5814,0.9033,1.0296,65,88.74,-0.9108
HAM,SHA,Container_Ship,Electronics,8527.4,8.94,904732.0,125144.0,266888.0,-897140.0,-3.3615,0.8327,1.0684,70,55.71,-0.3422
TYO,MUM,Tanker,Fuel Oil,6733.0,11.19,234075.0,121691.0,75834.0,-447759.0,-5.9044,0.85,1.062,20,71.0,-0.2332
TYO,KHI,Reefer,Perishables,6926.4,9.86,220996.0,100185.0,10977.0,-458073.0,-41.7285,0.9976,1.0189,38,89.26,-0.2976
RTM,LAG,Reefer,Refrigerated Goods,5056.8,7.17,169136.0,95810.0,14890.0,-357579.0,-24.0139,0.901,1.1477,39,52.07,-0.1463
HAM,CPT,Bulk_Carrier,Bauxite,9764.5,19.85,309896.0,84628.0,7934.0,-684365.0,-86.258,0.9749,0.9043,60,88.4,-0.3961
LAX,COL,LNG_Carrier,LNG,15107.0,20.46,1609883.0,89406.0,27360.0,-1978888.0,-72.3279,0.9756,1.0683,60,40.34,-0.4396
MUM,SHA,Tanker,Fuel Oil,5043.9,9.19,178196.0,92013.0,84196.0,-323853.0,-3.8464,0.8803,1.1386,59,37.53,-0.0955
BUS,COL,Bulk_Carrier,Iron Ore,5911.7,11.72,154094.0,77595.0,20644.0,-386834.0,-18.738,0.8452,1.2336,48,40.28,-0.1181
MUM,BUS,LNG_Carrier,LPG,5775.4,7.12,528737.0,79825.0,15962.0,-699351.0,-43.8142,0.7614,0.9982,70,49.67,-0.2648
SAN,SHA,Bulk_Carrier,Bauxite,18568.6,34.44,469170.0,82000.0,7357.0,-1060420.0,-144.1326,0.9057,0.9026,42,46.11,-0.2442
ANT,SHA,Container_Ship,Auto Parts,8980.7,9.31,1029882.0,102665.0,216906.0,-1055336.0,-4.8654,0.792,1.0143,39,81.63,-0.5802
RTM,LAG,LNG_Carrier,LNG,5056.8,6.68,513489.0,88061.0,27080.0,-674675.0,-24.9139,0.8537,1.2084,69,31.31,-0.1659
HAM,COL,Reefer,Pharmaceuticals,8074.9,10.4,238639.0,82980.0,70095.0,-407561.0,-5.8144,0.7982,0.9148,41,38.49,-0.1092
BUS,RTM,LNG_Carrier,LPG,8936.6,12.16,863193.0,120716.0,19679.0,-1146570.0,-58.2645,0.8594,1.0904,53,84.68,-0.6549
NYK,BUS,Bulk_Carrier,Iron Ore,11254.3,20.58,298093.0,120596.0,15659.0,-711696.0,-45.4493,0.7514,1.0526,31,47.38,-0.2097
BUS,SGP,Bulk_Carrier,Grain,4583.4,8.19,129410.0,101553.0,52049.0,-301722.0,-5.7968,0.9826,1.051,71,41.37,-0.1001
JEA,RTM,Bulk_Carrier,Bauxite,5176.2,9.57,146511.0,95860.0,8693.0,-377297.0,-43.4035,0.8952,1.0789,29,78.49,-0.2315
LAG,NYK,Container_Ship,Electronics,8481.1,8.72,877855.0,99228.0,242160.0,-865702.0,-3.5749,0.8502,0.9495,39,40.47,-0.2403
TYO,HOU,Container_Ship,Auto Parts,10740.5,10.99,1258619.0,140974.0,206350.0,-1358070.0,-6.5814,0.7997,0.9557,22,40.14,-0.345
JEA,TYO,Bulk_Carrier,Coal,7963.6,15.17,214561.0,127852.0,21980.0,-548020.0,-24.9321,0.8079,1.0796,60,61.46,-0.2355
COL,LAG,Bulk_Carrier,Iron Ore,8435.8,16.93,258311.0,55092.0,23298.0,-544081.0,-23.3529,0.9818,1.1984,33,53.01,-0.1982
SYD,CPT,Bulk_Carrier,Iron Ore,11011.7,20.41,332449.0,86992.0,19097.0,-706456.0,-36.9931,0.9599,1.0048,47,59.61,-0.2641
LAX,ANT,LNG_Carrier,LNG,9036.9,11.98,914896.0,131241.0,20606.0,-1205251.0,-58.489,0.8501,0.9234,40,83.2,-0.6739
COL,SHA,Tanker,Chemical,5092.6,9.47,212323.0,72334.0,189652.0,-237055.0,-1.2499,0.9909,1.1258,50,61.76,-0.1148
LAG,COL,Bulk_Carrier,Bauxite,8435.8,15.05,211100.0,52243.0,7810.0,-481224.0,-61.6146,0.865,1.0032,26,52.21,-0.1726
MUM,HOU,Bulk_Carrier,Grain,14456.2,27.05,400556.0,100925.0,45331.0,-861930.0,-19.0142,0.7835,1.148,43,81.02,-0.3922
KHI,SGP,LNG_Carrier,LPG,4744.0,6.45,438067.0,67700.0,18254.0,-584225.0,-32.0047,0.8168,1.0642,71,41.72,-0.194
LAG,JEA,LNG_Carrier,LNG,5856.7,7.53,640463.0,70969.0,22631.0,-801690.0,-35.4239,0.7735,1.1145,57,67.58,-0.4116
LAG,HAM,Bulk_Carrier,Grain,5272.3,9.84,163792.0,83563.0,51505.0,-343423.0,-6.6678,0.9176,1.1137,35,46.26,-0.1237
RTM,HAM,Tanker,Chemical,406.5,0.75,15949.0,112496.0,142475.0,2840.0,0.0199,0.879,0.9534,68,48.14,0.0013
SAN,CPT,Bulk_Carrier,Iron Ore,6297.2,10.98,163286.0,63385.0,22366.0,-368948.0,-16.496,0.9715,1.1627,29,37.07,-0.1021
SYD,SHA,Tanker,Fuel Oil,7881.4,13.1,288651.0,103417.0,92702.0,-495873.0,-5.3491,0.993,1.1114,36,63.19,-0.2198
TYO,KHI,Tanker,Fuel Oil,6926.4,12.6,265961.0,106744.0,83261.0,-478458.0,-5.7465,0.869,1.1406,22,81.57,-0.284
SAN,HAM,Tanker,Chemical,10166.5,17.6,357387.0,98903.0,165004.0,-555248.0,-3.3651,0.8234,1.1788,31,84.17,-0.3017
COL,ANT,Tanker,Chemical,8396.7,13.64,290758.0,77964.0,148435.0,-424846.0,-2.8622,0.9006,0.9695,67,41.63,-0.1217
SHA,RTM,Container_Ship,Electronics,8927.2,10.26,1154178.0,115603.0,284951.0,-1138685.0,-3.9961,0.7849,1.2102,21,32.96,-0.2532
SYD,MUM,LNG_Carrier,LNG,10150.5,12.65,868450.0,81309.0,21486.0,-1117989.0,-52.0329,0.8988,0.9107,20,47.43,-0.3425
JEA,KHI,Reefer,Pharmaceuticals,1207.1,1.66,35241.0,54558.0,90909.0,-23833.0,-0.2622,0.9993,0.9476,46,43.92,-0.0098
NYK,LAX,Tanker,Chemical,3948.9,6.83,144322.0,143330.0,128015.0,-262067.0,-2.0472,0.8343,0.9026,29,47.34,-0.1023
TYO,SHA,Tanker,Crude Oil,1754.3,3.14,61498.0,145413.0,14918.0,-239055.0,-16.0241,0.8259,1.2042,64,61.21,-0.1337
SHA,RTM,LNG_Carrier,LPG,8927.2,11.5,784420.0,118061.0,18861.0,-1056186.0,-55.9997,0.7788,1.1533,35,72.84,-0.5191
JEA,RTM,Tanker,Crude Oil,5176.2,9.74,214271.0,103935.0,10697.0,-453556.0,-42.3987,0.777,0.9178,35,42.19,-0.1496
BUS,SYD,LNG_Carrier,LNG,8015.7,10.09,807010.0,114053.0,29158.0,-1043295.0,-35.7802,0.9078,1.2236,67,57.37,-0.4178
SGP,HOU,LNG_Carrier,LNG,16004.8,21.79,1620986.0,119487.0,20740.0,-2046631.0,-98.6786,0.8581,0.9208,55,82.47,-0.9054
RTM,CPT,LNG_Carrier,LNG,9642.1,12.61,1047728.0,96766.0,27519.0,-1306063.0,-47.4597,0.972,1.0786,65,38.78,-0.3331
HAM,BUS,LNG_Carrier,LPG,8550.1,10.41,883140.0,99054.0,16420.0,-1121992.0,-68.3318,0.8589,0.9103,57,68.81,-0.5282
MUM,ANT,Reefer,Perishables,6885.8,9.58,249317.0,93248.0,9751.0,-476453.0,-48.8599,0.7559,1.1945,69,40.39,-0.1403
CPT,ANT,Reefer,Frozen Fish,9566.7,13.93,371068.0,88484.0,19941.0,-648633.0,-32.5271,0.994,1.1145,58,44.26,-0.1893
SYD,SGP,Bulk_Carrier,Coal,6299.1,11.06,170327.0,106021.0,28066.0,-414226.0,-14.7591,0.9531,1.1685,45,64.77,-0.2002
ANT,CPT,Bulk_Carrier,Iron Ore,9566.7,16.91,277811.0,89093.0,21737.0,-598885.0,-27.5508,0.9902,1.1087,62,59.08,-0.2333
ANT,TYO,Container_Ship,Electronics,9411.9,9.87,1110361.0,140664.0,329111.0,-1069982.0,-3.2511,0.9004,1.2184,56,30.86,-0.2189
SAN,COL,Tanker,Chemical,13986.2,23.06,476094.0,57279.0,174776.0,-704451.0,-4.0306,0.8429,1.2197,64,62.94,-0.2526
JEA,LAG,Tanker,Fuel Oil,5856.7,9.85,228597.0,69053.0,78891.0,-366580.0,-4.6467,0.9551,0.9834,55,43.75,-0.1219
ANT,JEA,LNG_Carrier,LNG,5160.9,6.91,519065.0,99355.0,23493.0,-698537.0,-29.7339,0.931,0.9613,47,84.78,-0.4632
SHA,HOU,Container_Ship,Containers,12195.4,13.96,1621000.0,114995.0,93339.0,-1852108.0,-19.8427,0.947,0.9126,52,61.42,-0.6859
SHA,CPT,Tanker,Fuel Oil,12978.3,21.58,469227.0,75458.0,68347.0,-800105.0,-11.7065,0.7779,1.046,18,62.12,-0.2922
SYD,JEA,Bulk_Carrier,Grain,12058.9,24.42,328545.0,88061.0,37795.0,-745044.0,-19.713,0.7594,0.9875,21,89.17,-0.4024
SYD,HAM,Tanker,Crude Oil,16284.4,28.05,513330.0,109625.0,11523.0,-1032164.0,-89.5728,0.8066,0.9524,45,35.07,-0.1926
TYO,SAN,Container_Ship,Auto Parts,18591.0,21.36,2304245.0,121065.0,227395.0,-2518327.0,-11.0747,0.9101,0.9254,62,45.07,-0.5664
RTM,SAN,Bulk_Carrier,Coal,9775.5,16.92,247782.0,93645.0,18310.0,-576885.0,-31.5068,0.7706,0.9429,19,52.65,-0.1988
CPT,JEA,LNG_Carrier,LNG,7606.3,10.32,723522.0,65431.0,24111.0,-919597.0,-38.1402,0.9055,1.0143,51,40.58,-0.2646
CPT,KHI,Container_Ship,Machinery,8308.9,9.07,1000786.0,48918.0,176450.0,-1009253.0,-5.7198,0.9844,0.9335,57,77.81,-0.5421
ANT,SHA,Container_Ship,Machinery,8980.7,10.34,1195670.0,120327.0,159640.0,-1311482.0,-8.2152,0.8247,1.0082,26,71.64,-0.6327
SAN,TYO,LNG_Carrier,LPG,18591.0,25.68,1971842.0,122749.0,18547.0,-2461212.0,-132.7029,0.8611,1.0256,36,42.65,-0.5239
HAM,TYO,Container_Ship,Machinery,8979.6,9.42,1073388.0,129468.0,138970.0,-1205190.0,-8.6723,0.798,0.907,53,82.68,-0.671
ANT,SGP,Tanker,Chemical,10551.1,19.5,422064.0,94447.0,119264.0,-689770.0,-5.7836,0.7544,0.9299,59,45.71,-0.2008
TYO,RTM,Reefer,Pharmaceuticals,9345.2,12.35,316061.0,130100.0,84222.0,-547236.0,-6.4975,0.8168,1.074,38,34.79,-0.1265
BUS,NYK,LNG_Carrier,LNG,11254.3,13.49,937930.0,115026.0,30437.0,-1224821.0,-40.2416,0.988,1.1736,35,49.26,-0.3753
CPT,RTM,LNG_Carrier,LNG,9642.1,11.45,815769.0,83967.0,19955.0,-1051488.0,-52.6935,0.8235,0.9231,36,85.79,-0.5933
SAN,SGP,Container_Ship,Machinery,15934.4,18.34,1795384.0,73057.0,175338.0,-1968247.0,-11.2254,0.8345,1.0943,48,84.46,-0.8935
CPT,COL,Container_Ship,Auto Parts,7888.4,9.01,860732.0,53322.0,242220.0,-806971.0,-3.3316,0.7804,1.1495,33,33.16,-0.1876
TYO,HAM,Bulk_Carrier,Bauxite,8979.6,16.14,256462.0,151014.0,9229.0,-640303.0,-69.377,0.9033,1.1353,64,69.03,-0.2977
KHI,LAX,LNG_Carrier,LNG,13476.2,17.64,1500858.0,89366.0,24548.0,-1830255.0,-74.5579,0.8429,1.1095,19,87.1,-0.9227
COL,MUM,Tanker,Fuel Oil,1535.0,2.47,51901.0,56987.0,81483.0,-64428.0,-0.7907,0.9396,1.0324,28,80.37,-0.0478
CPT,TYO,Reefer,Refrigerated Goods,14727.6,19.76,480979.0,103870.0,13371.0,-867928.0,-64.9106,0.8672,1.0707,60,77.39,-0.3742
HOU,SHA,LNG_Carrier,LPG,12195.4,15.15,1092691.0,133231.0,18461.0,-1434689.0,-77.7164,0.8933,0.9841,71,60.96,-0.5274
HOU,JEA,Container_Ship,Machinery,13157.3,14.55,1527138.0,114135.0,196701.0,-1662805.0,-8.4535,0.8551,1.1981,26,51.88,-0.5044
SAN,KHI,Tanker,Crude Oil,13337.2,21.96,420385.0,58441.0,12202.0,-796013.0,-65.2358,0.8352,0.974,38,62.55,-0.2895
ANT,TYO,LNG_Carrier,LPG,9411.9,12.61,1086987.0,140348.0,17483.0,-1398995.0,-80.022,0.8122,1.025,42,36.59,-0.3394
HAM,SGP,LNG_Carrier,LNG,10154.8,12.77,1052687.0,107188.0,21651.0,-1329770.0,-61.4194,0.7814,1.0555,37,55.98,-0.4808
KHI,SHA,Reefer,Refrigerated Goods,5340.0,7.61,182461.0,83863.0,10474.0,-369957.0,-35.3209,0.7593,0.958,37,65.61,-0.1884
ANT,JEA,Bulk_Carrier,Coal,5160.9,9.15,138675.0,104438.0,22996.0,-357331.0,-15.5392,0.8278,1.1024,35,49.97,-0.1396
RTM,BUS,LNG_Carrier,LNG,8936.6,10.63,881242.0,100976.0,27524.0,-1114160.0,-40.48,0.9218,1.1375,18,44.6,-0.3352
BUS,MUM,Reefer,Pharmaceuticals,5775.4,7.27,165499.0,75348.0,90269.0,-259662.0,-2.8765,0.8545,1.1005,67,47.62,-0.0943
HAM,JEA,Tanker,Crude Oil,4892.2,9.15,207247.0,88792.0,13621.0,-419734.0,-30.8144,0.8533,1.0643,19,86.41,-0.2869
BUS,MUM,Reefer,Pharmaceuticals,5775.4,7.84,193291.0,89793.0,111031.0,-289595.0,-2.6082,0.98,1.1802,22,68.21,-0.1506
COL,ANT,Tanker,Fuel Oil,8396.7,15.31,342071.0,86196.0,89283.0,-568651.0,-6.3691,0.9249,1.1492,23,39.76,-0.1556
TYO,COL,LNG_Carrier,LNG,6846.1,8.58,662960.0,99020.0,26417.0,-864241.0,-32.7158,0.8481,1.1866,48,54.12,-0.3415
COL,HAM,Bulk_Carrier,Coal,8074.9,14.2,233364.0,90881.0,25493.0,-511705.0,-20.0722,0.9968,1.0149,21,71.3,-0.2541
NYK,JEA,LNG_Carrier,LNG,11017.6,13.91,1047880.0,104779.0,24517.0,-1336831.0,-54.5265,0.7507,1.2441,55,31.26,-0.262
SAN,LAX,LNG_Carrier,LNG,9942.3,12.86,1038156.0,101761.0,22025.0,-1310780.0,-59.512,0.7831,1.0714,22,40.59,-0.3462
SYD,CPT,Reefer,Perishables,11011.7,14.95,327242.0,82183.0,9405.0,-624241.0,-66.3712,0.8084,1.0773,45,84.23,-0.3298
SAN,HAM,Reefer,Pharmaceuticals,10166.5,13.5,357045.0,104096.0,102225.0,-561452.0,-5.4923,0.9636,1.1051,18,54.62,-0.198
SAN,LAG,LNG_Carrier,LNG,6362.4,7.9,622962.0,60874.0,19991.0,-782319.0,-39.1336,0.7985,0.9537,25,53.59,-0.3121
LAX,LAG,Tanker,Crude Oil,12430.0,23.07,534486.0,94171.0,16500.0,-958274.0,-58.0778,0.9058,1.2143,36,78.86,-0.4522
SHA,LAX,LNG_Carrier,LPG,10457.0,13.55,1081524.0,110947.0,22304.0,-1373395.0,-61.5749,0.9532,1.1142,62,35.69,-0.3132
LAG,NYK,Bulk_Carrier,Grain,8481.1,16.39,251620.0,104268.0,43948.0,-557790.0,-12.6921,0.894,0.9753,44,57.62,-0.2204
TYO,ANT,Tanker,Fuel Oil,9411.9,16.24,300293.0,148764.0,84981.0,-607687.0,-7.1508,0.916,1.1045,68,84.77,-0.3415
MUM,SGP,Container_Ship,Auto Parts,3906.7,4.27,458949.0,74651.0,218663.0,-379043.0,-1.7335,0.7915,1.0232,35,76.77,-0.2403
LAX,MUM,Reefer,Perishables,14043.2,18.01,445583.0,95527.0,10486.0,-800724.0,-76.3605,0.9901,0.9806,68,74.63,-0.3399
LAG,SHA,Reefer,Frozen Fish,12229.8,15.98,392857.0,80410.0,15019.0,-697949.0,-46.4725,0.8387,0.9949,34,38.59,-0.1622
COL,KHI,Bulk_Carrier,Bauxite,2418.3,4.77,70685.0,50705.0,7608.0,-185294.0,-24.3543,0.812,1.0411,22,36.58,-0.0599
RTM,BUS,Reefer,Pharmaceuticals,8936.6,12.89,318134.0,120436.0,70685.0,-561270.0,-7.9405,0.8044,0.9153,36,67.4,-0.2552
MUM,RTM,Tanker,Fuel Oil,6887.0,11.48,231240.0,87576.0,69570.0,-421502.0,-6.0586,0.8976,0.9227,22,71.47,-0.2196
HAM,RTM,Reefer,Perishables,406.5,0.52,13369.0,116741.0,10731.0,-127233.0,-11.8564,0.9032,1.1002,67,83.1,-0.1035
SYD,SAN,Bulk_Carrier,Grain,13322.4,24.26,350474.0,99323.0,44684.0,-769047.0,-17.2108,0.9276,0.9558,66,43.41,-0.1942
SHA,BUS,Tanker,Fuel Oil,832.1,1.42,28476.0,114384.0,67472.0,-96638.0,-1.4323,0.7892,1.0177,35,38.88,-0.036
LAX,LAG,LNG_Carrier,LPG,12430.0,15.24,1243705.0,87106.0,16079.0,-1543296.0,-95.9823,0.8231,0.9302,27,80.49,-0.7433
MUM,ANT,Bulk_Carrier,Grain,6885.8,13.58,219838.0,94167.0,43225.0,-474537.0,-10.9783,0.9229,0.9293,53,50.76,-0.1756
SYD,RTM,Container_Ship,Auto Parts,16689.6,18.22,1926962.0,127226.0,218756.0,-2108726.0,-9.6396,0.8995,0.9007,23,89.72,-0.9952
SAN,SYD,Tanker,Fuel Oil,13322.4,21.83,437515.0,87269.0,72969.0,-779275.0,-10.6795,0.9492,0.9152,21,84.32,-0.3822
LAX,SHA,Reefer,Refrigerated Goods,10457.0,14.39,366626.0,131291.0,11452.0,-702312.0,-61.3291,0.7898,1.0069,23,51.76,-0.2323
SYD,SAN,LNG_Carrier,LNG,13322.4,16.86,1344780.0,86102.0,30378.0,-1653460.0,-54.4292,0.9354,1.2372,52,58.81,-0.5655
RTM,MUM,LNG_Carrier,LNG,6887.0,9.24,788658.0,100653.0,30936.0,-996966.0,-32.2268,0.9962,1.183,31,58.5,-0.4251
SYD,CPT,Reefer,Perishables,11011.7,14.74,322524.0,81078.0,9039.0,-615635.0,-68.108,0.816,1.0257,61,84.76,-0.3272
CPT,HOU,Reefer,Pharmaceuticals,13853.3,17.84,429355.0,97956.0,110655.0,-684219.0,-6.1833,0.9999,1.1528,70,70.92,-0.2776
SAN,JEA,LNG_Carrier,LNG,12181.9,15.11,1147996.0,74651.0,29536.0,-1419790.0,-48.0705,0.9621,1.1695,68,77.05,-0.6599
RTM,TYO,Bulk_Carrier,Coal,9345.2,18.96,288289.0,143159.0,23978.0,-691903.0,-28.8562,0.8544,1.1136,19,62.37,-0.2868
SYD,TYO,LNG_Carrier,LPG,7825.8,10.58,831177.0,138693.0,16137.0,-1112382.0,-68.9316,0.7946,0.967,31,48.97,-0.383
JEA,HAM,Tanker,Crude Oil,4892.2,8.65,162349.0,98628.0,15562.0,-375189.0,-24.1098,0.9555,1.0857,67,48.92,-0.1452
LAG,JEA,Bulk_Carrier,Coal,5856.7,11.12,179758.0,67514.0,27463.0,-386633.0,-14.0786,0.9637,1.1308,62,33.97,-0.0998
SAN,HAM,Bulk_Carrier,Coal,10166.5,19.49,297918.0,88604.0,24516.0,-654288.0,-26.688,0.916,1.0621,25,69.58,-0.2939
MUM,JEA,LNG_Carrier,LNG,1954.2,2.36,177804.0,76207.0,27024.0,-262442.0,-9.7113,0.9319,1.1047,30,52.74,-0.1252
SYD,LAG,Container_Ship,Auto Parts,15517.5,17.57,2077314.0,79272.0,273998.0,-2146084.0,-7.8325,0.9401,1.0794,27,82.83,-0.9672
BUS,SAN,Tanker,Fuel Oil,18691.4,35.28,687322.0,89648.0,74594.0,-1231514.0,-16.5097,0.8452,1.0507,26,71.29,-0.4369
MUM,COL,Tanker,Chemical,1535.0,2.61,59990.0,60740.0,124900.0,-34997.0,-0.2802,0.8013,0.9169,56,76.93,-0.0249
ANT,SHA,Reefer,Frozen Fish,8980.7,11.73,302279.0,112829.0,20797.0,-570262.0,-27.4204,0.9821,1.1764,64,40.23,-0.1545
ANT,SAN,Reefer,Pharmaceuticals,9716.8,13.16,326821.0,89051.0,104987.0,-508290.0,-4.8414,0.9418,1.1612,40,66.9,-0.223
BUS,CPT,Reefer,Frozen Fish,13800.1,20.02,473440.0,72752.0,13732.0,-832832.0,-60.6477,0.8209,0.9293,26,71.18,-0.3397
COL,ANT,Reefer,Refrigerated Goods,8396.7,11.22,244277.0,77251.0,15141.0,-474679.0,-31.3498,0.8439,1.2459,70,36.21,-0.1183
BUS,HOU,Reefer,Pharmaceuticals,11424.5,14.97,315276.0,122874.0,84487.0,-578186.0,-6.8435,0.7625,1.1542,43,86.69,-0.31
LAG,MUM,LNG_Carrier,LNG,7617.6,9.51,689126.0,65969.0,24025.0,-873677.0,-36.3654,0.9056,1.0106,32,77.09,-0.4772
ANT,SYD,Reefer,Pharmaceuticals,16725.3,21.85,475991.0,113689.0,111300.0,-806137.0,-7.2429,0.9488,1.2219,68,86.38,-0.3659
SAN,MUM,Bulk_Carrier,Grain,13740.7,27.01,352625.0,70206.0,44866.0,-783148.0,-17.4552,0.7886,1.1288,71,64.31,-0.2891
SGP,BUS,Container_Ship,Machinery,4583.4,4.77,509375.0,92210.0,149598.0,-523595.0,-3.5,0.863,0.9029,62,43.13,-0.181
TYO,KHI,LNG_Carrier,LPG,6926.4,8.82,615877.0,105227.0,17467.0,-836003.0,-47.8606,0.807,1.0308,62,71.04,-0.4323
MUM,BUS,Reefer,Perishables,5775.4,7.37,189037.0,74495.0,8889.0,-365243.0,-41.0881,0.892,0.9227,34,57.88,-0.1612
COL,SAN,LNG_Carrier,LPG,13986.2,17.29,1460648.0,60190.0,18914.0,-1761204.0,-93.1175,0.8046,1.1194,40,36.89,-0.3701
COL,MUM,LNG_Carrier,LNG,1535.0,1.94,152165.0,53219.0,20520.0,-213981.0,-10.4277,0.8545,0.9149,66,74.2,-0.1466
COL,NYK,Reefer,Refrigerated Goods,14086.8,20.4,507415.0,98392.0,13783.0,-898059.0,-65.1588,0.9891,0.9677,45,35.97,-0.1835
ANT,TYO,LNG_Carrier,LNG,9411.9,12.14,851780.0,136474.0,24819.0,-1145492.0,-46.1534,0.9972,0.9482,33,39.04,-0.2965
COL,SHA,Tanker,Fuel Oil,5092.6,9.35,191939.0,78607.0,94784.0,-315960.0,-3.3335,0.9265,1.2179,43,85.86,-0.2128
ANT,BUS,Bulk_Carrier,Coal,8997.1,16.02,229124.0,115105.0,26137.0,-558322.0,-21.3618,0.8603,1.2056,27,54.32,-0.2041
ANT,JEA,Container_Ship,Auto Parts,5160.9,5.4,508663.0,87633.0,257068.0,-420256.0,-1.6348,0.8489,1.1215,26,51.6,-0.1696
BUS,SAN,Reefer,Pharmaceuticals,18691.4,25.46,662820.0,77775.0,75579.0,-1046859.0,-13.8511,0.8109,0.9709,50,57.79,-0.3011
TYO,ANT,Tanker,Fuel Oil,9411.9,17.67,366248.0,134756.0,74497.0,-691548.0,-9.2829,0.8651,1.0251,28,85.41,-0.3916
HAM,SHA,Reefer,Pharmaceuticals,8527.4,12.02,285493.0,109278.0,91663.0,-483388.0,-5.2735,0.7767,1.2293,20,38.14,-0.1262
HAM,NYK,Reefer,Refrigerated Goods,6125.8,8.56,183257.0,146073.0,14127.0,-443550.0,-31.3967,0.8867,1.1064,50,41.79,-0.1393
LAX,MUM,LNG_Carrier,LPG,14043.2,18.88,1618913.0,105805.0,14738.0,-1993222.0,-135.2481,0.7709,0.9103,62,63.0,-0.7142
HAM,NYK,Tanker,Chemical,6125.8,10.27,208328.0,141500.0,155022.0,-348883.0,-2.2505,0.8431,1.0816,51,67.43,-0.1768
ANT,BUS,LNG_Carrier,LNG,8997.1,11.52,968989.0,112521.0,24501.0,-1229812.0,-50.1941,0.7603,1.2277,55,49.29,-0.4079
JEA,SYD,LNG_Carrier,LNG,12058.9,15.7,1142294.0,104970.0,23854.0,-1458851.0,-61.1566,0.7923,1.147,38,53.08,-0.469
LAX,SGP,Reefer,Refrigerated Goods,14141.5,19.49,409112.0,99890.0,12249.0,-789075.0,-64.4171,0.7824,1.0873,59,88.89,-0.3977
LAX,SHA,Container_Ship,Electronics,10457.0,11.68,1371145.0,122949.0,259634.0,-1409589.0,-5.4291,0.8848,0.9782,39,50.67,-0.4565
BUS,COL,Reefer,Pharmaceuticals,5911.7,8.19,171508.0,73351.0,87752.0,-279996.0,-3.1908,0.8541,1.0702,56,68.34,-0.1451
LAX,HOU,LNG_Carrier,LPG,2204.4,2.66,229508.0,122634.0,19066.0,-372924.0,-19.5591,0.9821,0.9245,26,41.39,-0.1379
NYK,SGP,Container_Ship,Machinery,15342.9,16.93,1639891.0,122807.0,179928.0,-1836646.0,-10.2077,0.9622,0.9739,38,43.36,-0.4355
SGP,ANT,Tanker,Fuel Oil,10551.1,17.86,340411.0,100017.0,97361.0,-610942.0,-6.275,0.9925,1.1678,27,87.29,-0.3397
LAX,SYD,LNG_Carrier,LPG,12054.8,16.09,1126090.0,124169.0,23375.0,-1468225.0,-62.8122,0.9122,1.2203,25,51.98,-0.4622
HAM,BUS,Tanker,Crude Oil,8550.1,16.06,338363.0,106239.0,13872.0,-671597.0,-48.4154,0.85,1.088,27,55.51,-0.2551
CPT,MUM,LNG_Carrier,LNG,8227.2,9.77,751669.0,57228.0,23297.0,-932161.0,-40.0118,0.8357,1.0621,38,46.3,-0.2989
SAN,JEA,LNG_Carrier,LPG,12181.9,16.08,1310894.0,68494.0,20444.0,-1600094.0,-78.2682,0.8301,1.1728,33,74.26,-0.7168
MUM,SGP,Bulk_Carrier,Coal,3906.7,7.14,99223.0,84139.0,27051.0,-263389.0,-9.7369,0.9725,1.1038,32,48.73,-0.106
NYK,TYO,Reefer,Perishables,10853.1,15.94,368256.0,168956.0,8069.0,-768298.0,-95.2143,0.7907,0.9449,57,66.7,-0.3231
SGP,KHI,Container_Ship,Containers,4744.0,4.98,486542.0,65220.0,131348.0,-495126.0,-3.7696,0.9828,1.2375,43,44.26,-0.1744
BUS,RTM,Bulk_Carrier,Bauxite,8936.6,16.74,256747.0,114744.0,9146.0,-613457.0,-67.0714,0.8493,1.1966,53,77.2,-0.3195
BUS,COL,Reefer,Perishables,5911.7,7.58,200901.0,68743.0,11918.0,-371424.0,-31.1643,0.9687,1.1392,54,52.37,-0.1474
ANT,LAG,Bulk_Carrier,Iron Ore,4978.7,9.95,130002.0,86361.0,14632.0,-350928.0,-23.9836,0.8053,0.9177,40,31.73,-0.0878
HAM,SAN,Container_Ship,Electronics,10166.5,11.0,1124940.0,88405.0,238315.0,-1140016.0,-4.7837,0.7503,1.0588,24,36.34,-0.2675
RTM,TYO,Tanker,Fuel Oil,9345.2,15.28,285393.0,131095.0,92808.0,-552869.0,-5.9572,0.952,1.1606,39,43.64,-0.1604
BUS,SYD,Bulk_Carrier,Grain,8015.7,15.49,211246.0,106803.0,41774.0,-508679.0,-12.1769,0.8051,1.0295,31,39.95,-0.1418
CPT,LAG,Tanker,Chemical,4761.1,8.65,198171.0,53585.0,184415.0,-197081.0,-1.0687,0.99,1.0958,61,70.73,-0.1109
ANT,MUM,Bulk_Carrier,Coal,6885.8,13.24,188574.0,86452.0,23877.0,-449812.0,-18.8387,0.9167,1.0336,53,47.69,-0.1564
LAX,BUS,Tanker,Chemical,9637.7,17.79,368036.0,110483.0,161020.0,-584308.0,-3.6288,0.8582,1.1036,43,77.0,-0.2959
MUM,NYK,Bulk_Carrier,Iron Ore,12555.7,24.25,324324.0,101428.0,19544.0,-769957.0,-39.396,0.8722,1.1317,21,54.66,-0.2508
SGP,JEA,Tanker,Fuel Oil,5858.9,10.52,235223.0,82543.0,76692.0,-398947.0,-5.2019,0.8882,1.0279,25,35.98,-0.109
BUS,CPT,LNG_Carrier,LPG,13800.1,16.37,1365707.0,74257.0,22980.0,-1662531.0,-72.347,0.9646,1.1344,57,72.49,-0.6906
KHI,JEA,Tanker,Crude Oil,1207.1,2.1,41804.0,58448.0,15206.0,-116503.0,-7.6618,0.8443,1.2007,18,78.68,-0.0861
ANT,NYK,LNG_Carrier,LPG,5881.5,7.66,582144.0,124588.0,18207.0,-803466.0,-44.1305,0.8213,1.0556,37,81.41,-0.4965
HAM,TYO,Reefer,Refrigerated Goods,8979.6,11.66,286664.0,146869.0,12112.0,-596262.0,-49.2299,0.8969,0.9378,20,71.64,-0.2877
RTM,SGP,LNG_Carrier,LNG,10534.9,14.28,1129886.0,106622.0,25024.0,-1425618.0,-56.9708,0.8435,1.1302,38,53.92,-0.49
ANT,HAM,Reefer,Frozen Fish,453.6,0.63,15703.0,110010.0,16901.0,-118321.0,-7.0008,0.7883,1.1912,38,32.55,-0.0376
SGP,SAN,Container_Ship,Machinery,15934.4,18.86,2223209.0,80020.0,206505.0,-2379558.0,-11.523,0.8904,1.2079,47,45.01,-0.5757
NYK,CPT,Tanker,Crude Oil,12566.3,20.45,476361.0,100023.0,14228.0,-868974.0,-61.0765,0.9267,1.0235,44,84.18,-0.4358
COL,TYO,LNG_Carrier,LPG,6846.1,8.72,708657.0,102081.0,22981.0,-918528.0,-39.9687,0.9849,1.1111,34,48.4,-0.3246
HAM,KHI,Tanker,Chemical,5660.0,9.27,198131.0,78871.0,152531.0,-263475.0,-1.7274,0.8347,1.0749,39,44.38,-0.0896
NYK,HAM,Reefer,Frozen Fish,6125.8,8.2,201311.0,140507.0,13870.0,-451020.0,-32.5165,0.8087,0.9529,67,39.98,-0.1355
HAM,LAX,LNG_Carrier,LNG,9100.3,11.19,817654.0,135158.0,23238.0,-1097441.0,-47.2259,0.8903,0.9943,24,60.32,-0.4438
HOU,MUM,Reefer,Refrigerated Goods,14456.2,19.86,488046.0,110162.0,14975.0,-881125.0,-58.8414,0.941,1.1051,19,55.4,-0.2741
SAN,HOU,Reefer,Refrigerated Goods,7942.5,11.61,300487.0,113008.0,12563.0,-575102.0,-45.7764,0.8704,1.0024,21,55.47,-0.2233
HOU,LAX,Tanker,Chemical,2204.4,4.13,90025.0,123761.0,162978.0,-112785.0,-0.692,0.8738,1.0971,24,67.74,-0.0683
ANT,KHI,Reefer,Refrigerated Goods,5992.6,8.1,188884.0,85799.0,14121.0,-382065.0,-27.0561,0.8884,1.1038,23,40.91,-0.1181
CPT,MUM,Bulk_Carrier,Iron Ore,8227.2,15.47,253476.0,56153.0,19776.0,-521897.0,-26.3908,0.8234,1.213,20,51.76,-0.187
CPT,NYK,Tanker,Fuel Oil,12566.3,20.64,440663.0,93257.0,69124.0,-774334.0,-11.2022,0.7806,1.0542,29,46.88,-0.2163
SYD,NYK,Container_Ship,Auto Parts,15985.3,18.59,2114746.0,123500.0,248122.0,-2269037.0,-9.1448,0.8542,1.0758,60,83.21,-1.0
SHA,HAM,Bulk_Carrier,Coal,8527.4,15.92,242045.0,108524.0,23682.0,-565702.0,-23.8871,0.9323,1.008,51,69.18,-0.268
COL,SHA,Bulk_Carrier,Coal,5092.6,10.18,167451.0,83324.0,18587.0,-384840.0,-20.7053,0.7735,0.9536,23,59.59,-0.1799
SHA,RTM,Bulk_Carrier,Grain,8927.2,16.35,261929.0,113014.0,44805.0,-575363.0,-12.8414,0.9084,0.9787,27,85.82,-0.3332
LAG,NYK,Container_Ship,Containers,8481.1,9.16,982558.0,113519.0,81046.0,-1152408.0,-14.2192,0.8315,0.9025,65,45.1,-0.3565
MUM,TYO,Tanker,Fuel Oil,6733.0,10.82,250550.0,116895.0,75932.0,-453874.0,-5.9774,0.8581,1.0534,23,74.97,-0.2495
COL,SYD,Reefer,Frozen Fish,8748.1,11.58,289531.0,89528.0,16519.0,-536209.0,-32.4609,0.9081,1.0105,40,73.98,-0.2694
JEA,LAG,Reefer,Refrigerated Goods,5856.7,7.88,178366.0,63019.0,11360.0,-348289.0,-30.6604,0.7553,1.0444,50,35.7,-0.0945
SAN,BUS,Tanker,Crude Oil,18691.4,31.99,710773.0,81212.0,13882.0,-1257932.0,-90.6181,0.8142,1.1367,47,68.65,-0.4298
SYD,KHI,LNG_Carrier,LNG,11020.1,14.96,1118090.0,84219.0,29515.0,-1397170.0,-47.3379,0.9087,1.2373,35,85.69,-0.7506
JEA,HOU,Bulk_Carrier,Iron Ore,13157.3,22.86,345409.0,109908.0,13958.0,-784187.0,-56.1805,0.7755,0.909,49,63.91,-0.293
LAG,CPT,Container_Ship,Machinery,4761.1,4.92,581909.0,54956.0,166070.0,-544658.0,-3.2797,0.7565,1.1434,71,44.74,-0.1939
HOU,COL,Bulk_Carrier,Iron Ore,15903.9,31.36,501064.0,89501.0,20206.0,-1040820.0,-51.5099,0.9311,1.0961,68,40.72,-0.228
ANT,HOU,Bulk_Carrier,Grain,8102.1,15.87,213995.0,140513.0,45801.0,-546700.0,-11.9365,0.8993,1.0105,52,45.71,-0.1738
LAX,NYK,Tanker,Crude Oil,3948.9,6.65,148356.0,140516.0,13366.0,-375184.0,-28.0701,0.8915,0.9996,37,50.32,-0.1556
ANT,HAM,Bulk_Carrier,Bauxite,453.6,0.79,10384.0,117994.0,8012.0,-132158.0,-16.4943,0.8002,1.1126,37,34.02,-0.0439
RTM,SAN,Reefer,Frozen Fish,9775.5,14.27,323802.0,94240.0,18415.0,-613674.0,-33.3255,0.9215,1.1101,35,54.62,-0.2194
SHA,JEA,Container_Ship,Electronics,6458.3,6.86,797133.0,88863.0,223231.0,-765733.0,-3.4302,0.7854,0.9474,56,71.0,-0.4031
KHI,COL,Reefer,Perishables,2418.3,3.27,84543.0,49666.0,10307.0,-172964.0,-16.7806,0.905,1.0545,41,48.64,-0.0744
SAN,LAX,Tanker,Chemical,9942.3,17.03,314731.0,103529.0,190403.0,-483253.0,-2.5381,0.9128,1.227,28,77.52,-0.2438
MUM,CPT,Tanker,Fuel Oil,8227.2,13.23,245715.0,54398.0,87604.0,-411003.0,-4.6916,0.9426,1.1065,22,41.9,-0.1192
RTM,SGP,Bulk_Carrier,Bauxite,10534.9,19.02,268650.0,101877.0,7061.0,-648715.0,-91.87,0.8458,0.9276,42,64.56,-0.267
HOU,JEA,Container_Ship,Machinery,13157.3,15.76,1591697.0,97707.0,169660.0,-1756206.0,-10.3513,0.8362,1.0568,20,40.88,-0.4198
LAX,HAM,LNG_Carrier,LPG,9100.3,11.06,864198.0,128186.0,20632.0,-1137592.0,-55.1377,0.8343,1.1776,46,63.5,-0.4844
HOU,SGP,Bulk_Carrier,Iron Ore,16004.8,27.77,403177.0,122641.0,18155.0,-924140.0,-50.902,0.7792,1.1767,58,59.73,-0.2961
NYK,SHA,LNG_Carrier,LNG,11860.8,15.22,1248959.0,117291.0,23017.0,-1571504.0,-68.2769,0.817,1.0732,25,89.03,-0.8529
HOU,MUM,Bulk_Carrier,Grain,14456.2,25.49,399078.0,107525.0,54374.0,-834577.0,-15.3488,0.8779,1.2289,35,48.51,-0.2274
BUS,JEA,Bulk_Carrier,Coal,7055.4,13.03,194012.0,94619.0,25762.0,-458288.0,-17.7893,0.8984,1.1379,71,71.9,-0.2386
SYD,SGP,Tanker,Crude Oil,6299.1,11.3,247813.0,103954.0,12134.0,-509172.0,-41.9632,0.7977,1.0141,48,86.52,-0.3287
MUM,RTM,Reefer,Frozen Fish,6887.0,9.65,230249.0,88061.0,16891.0,-446235.0,-26.4191,0.787,1.1924,55,37.72,-0.1227
NYK,KHI,Reefer,Refrigerated Goods,11689.8,14.79,381040.0,100813.0,15245.0,-688396.0,-45.1552,0.8479,1.2486,53,30.26,-0.1277
LAX,TYO,Container_Ship,Machinery,8839.0,9.62,969107.0,141719.0,150987.0,-1104155.0,-7.3129,0.8531,0.9218,50,32.14,-0.2402
LAX,HAM,LNG_Carrier,LNG,9100.3,11.34,979929.0,114457.0,24019.0,-1240467.0,-51.6463,0.8955,1.0217,61,47.73,-0.397
LAG,HOU,Tanker,Crude Oil,10488.9,17.88,384287.0,104139.0,14893.0,-741798.0,-49.8098,0.795,1.2489,24,44.76,-0.212
SHA,SYD,Container_Ship,Containers,7881.4,8.39,818458.0,110734.0,113376.0,-941625.0,-8.3053,0.8567,1.2254,70,45.53,-0.3008
CPT,JEA,Container_Ship,Containers,7606.3,8.85,1012337.0,62166.0,87632.0,-1119614.0,-12.7763,0.8218,0.9874,46,79.35,-0.6298
ANT,LAX,Bulk_Carrier,Iron Ore,9036.9,17.85,278872.0,126125.0,21783.0,-650978.0,-29.8851,0.9908,1.1103,40,46.8,-0.2048
ANT,BUS,Bulk_Carrier,Coal,8997.1,16.56,226828.0,107174.0,24118.0,-558295.0,-23.1488,0.9976,0.9593,39,66.05,-0.2482
LAG,SHA,Bulk_Carrier,Bauxite,12229.8,21.45,346899.0,86805.0,7641.0,-747791.0,-97.8623,0.9131,0.9298,43,30.64,-0.138
KHI,MUM,Tanker,Fuel Oil,893.2,1.46,32089.0,58468.0,84783.0,-27748.0,-0.3273,0.9285,1.087,66,30.02,-0.0079
LAX,RTM,Bulk_Carrier,Bauxite,8985.5,17.54,236626.0,129007.0,8458.0,-620227.0,-73.3331,0.9123,1.0301,69,75.11,-0.3137
CPT,SHA,LNG_Carrier,LPG,12978.3,16.3,1334396.0,89632.0,19611.0,-1648990.0,-84.0854,0.8298,1.1254,24,47.69,-0.4624
LAG,NYK,Container_Ship,Containers,8481.1,9.24,951494.0,97424.0,99026.0,-1088518.0,-10.9923,0.9825,0.9333,32,89.9,-0.6712
HAM,ANT,LNG_Carrier,LNG,453.6,0.56,48406.0,117183.0,24871.0,-149099.0,-5.995,0.7786,1.2168,30,84.17,-0.1225
JEA,BUS,LNG_Carrier,LPG,7055.4,8.42,679159.0,79271.0,18458.0,-866346.0,-46.9366,0.8005,1.0979,38,66.97,-0.4201
LAX,HOU,Tanker,Chemical,2204.4,4.12,90976.0,134055.0,136782.0,-150046.0,-1.097,0.7521,1.0698,41,51.2,-0.0687
HOU,LAG,Container_Ship,Machinery,10488.9,11.2,1119773.0,93087.0,226078.0,-1154841.0,-5.1081,0.9422,1.2497,63,30.02,-0.2213
SAN,NYK,Tanker,Chemical,7737.9,13.4,251872.0,103807.0,186517.0,-370175.0,-1.9847,0.9995,1.0977,31,54.69,-0.1428
MUM,KHI,Container_Ship,Electronics,893.2,1.02,99032.0,54512.0,328154.0,159356.0,0.4856,0.8776,1.2465,58,68.21,0.1037
SAN,RTM,Reefer,Pharmaceuticals,9775.5,14.18,376735.0,104041.0,91567.0,-601878.0,-6.5731,0.9951,0.9585,40,34.27,-0.135
RTM,SHA,Bulk_Carrier,Coal,8927.2,17.91,250638.0,113964.0,26564.0,-606673.0,-22.8382,0.9785,1.0773,28,89.89,-0.368
NYK,CPT,Reefer,Frozen Fish,12566.3,16.9,382310.0,113292.0,20001.0,-729072.0,-36.4514,0.9888,1.1237,22,31.21,-0.1355
TYO,LAX,LNG_Carrier,LPG,8839.0,11.11,890937.0,136681.0,18378.0,-1175925.0,-63.9859,0.7509,1.1655,36,46.25,-0.3681
ANT,LAG,Container_Ship,Auto Parts,4978.7,5.66,590033.0,85988.0,312370.0,-448501.0,-1.4358,0.9739,1.1879,49,70.94,-0.2508
HAM,SHA,Container_Ship,Containers,8527.4,8.76,893784.0,106160.0,83754.0,-1047657.0,-12.5087,0.8152,0.9513,29,89.44,-0.6416
BUS,COL,Tanker,Chemical,5911.7,10.46,234463.0,68493.0,130083.0,-329729.0,-2.5348,0.8104,0.9442,61,64.83,-0.162
ANT,LAX,Reefer,Perishables,9036.9,11.91,253820.0,130307.0,10440.0,-552336.0,-52.9041,0.8157,1.185,40,44.6,-0.1655
MUM,HAM,Bulk_Carrier,Coal,6551.7,12.14,176086.0,98661.0,28881.0,-428000.0,-14.8193,0.9213,1.244,55,30.14,-0.0953
NYK,MUM,Container_Ship,Machinery,12555.7,14.47,1362128.0,116505.0,186729.0,-1508990.0,-8.0812,0.9992,0.9733,59,85.52,-0.7691
COL,HOU,Reefer,Pharmaceuticals,15903.9,20.67,514806.0,100428.0,88990.0,-836313.0,-9.3978,0.8349,1.1103,24,72.78,-0.3275
LAG,SYD,Reefer,Refrigerated Goods,15517.5,22.72,605315.0,81390.0,12329.0,-1015156.0,-82.3369,0.8202,1.0439,35,74.57,-0.4119
HOU,SYD,Tanker,Fuel Oil,13818.5,23.72,481295.0,130499.0,90986.0,-876672.0,-9.6352,0.8844,1.2248,70,76.68,-0.385
HOU,SGP,Tanker,Chemical,16004.8,29.0,634599.0,109309.0,140256.0,-1038702.0,-7.4058,0.8094,1.0193,51,47.04,-0.2621
BUS,KHI,Container_Ship,Auto Parts,5990.8,6.4,638584.0,72370.0,238559.0,-568412.0,-2.3827,0.8958,0.9863,31,44.05,-0.1892
SAN,JEA,LNG_Carrier,LPG,12181.9,16.8,1185072.0,69711.0,16809.0,-1490000.0,-88.6437,0.7637,1.0481,44,80.31,-0.7218
CPT,ANT,Reefer,Perishables,9566.7,12.39,311665.0,89478.0,11567.0,-575463.0,-49.7494,0.9638,1.1113,43,73.46,-0.2788
COL,SAN,Tanker,Crude Oil,13986.2,26.12,516167.0,56781.0,11526.0,-953168.0,-82.6975,0.8206,0.9364,58,53.18,-0.2888
SGP,COL,Bulk_Carrier,Bauxite,2732.3,5.1,68487.0,67933.0,9776.0,-203143.0,-20.7795,0.9942,1.0926,59,60.84,-0.1077
LAG,COL,Tanker,Crude Oil,8435.8,14.92,300420.0,54499.0,15909.0,-562863.0,-35.3801,0.9458,1.1213,71,63.42,-0.2452
BUS,JEA,LNG_Carrier,LNG,7055.4,9.07,701644.0,89084.0,21983.0,-904813.0,-41.1604,0.7518,1.114,40,84.55,-0.554
COL,RTM,Container_Ship,Machinery,8401.4,9.85,1011059.0,80339.0,168956.0,-1070264.0,-6.3346,0.915,0.9617,65,72.62,-0.5347
SAN,HOU,Container_Ship,Auto Parts,7942.5,8.93,998766.0,104888.0,205445.0,-1032124.0,-5.0239,0.7708,0.9872,22,70.27,-0.5076
TYO,MUM,Tanker,Chemical,6733.0,11.24,206439.0,114605.0,180409.0,-309301.0,-1.7144,0.9885,1.0736,56,62.98,-0.1429
KHI,SGP,Container_Ship,Electronics,4744.0,5.06,533138.0,61373.0,261252.0,-409160.0,-1.5661,0.7676,1.1346,24,52.42,-0.1707
COL,NYK,Container_Ship,Electronics,14086.8,14.54,1597596.0,101896.0,294023.0,-1623637.0,-5.5222,0.904,1.0842,24,83.4,-0.7691
COL,SAN,Bulk_Carrier,Bauxite,13986.2,24.57,323299.0,64702.0,8825.0,-747723.0,-84.7261,0.8042,1.2193,31,35.74,-0.1522
BUS,SGP,Container_Ship,Auto Parts,4583.4,4.7,561212.0,86044.0,232555.0,-485238.0,-2.0865,0.7508,1.1472,54,84.32,-0.328
HAM,BUS,LNG_Carrier,LNG,8550.1,11.5,821270.0,119112.0,21732.0,-1091195.0,-50.2105,0.8956,0.9244,19,57.54,-0.4296
SHA,LAG,Reefer,Refrigerated Goods,12229.8,16.99,366784.0,86008.0,11055.0,-696569.0,-63.0115,0.8162,0.9405,29,41.55,-0.1743
JEA,ANT,Bulk_Carrier,Coal,5160.9,9.78,133093.0,86534.0,24682.0,-341678.0,-13.843,0.8229,1.1903,41,61.23,-0.1636
CPT,NYK,Reefer,Frozen Fish,12566.3,17.57,422007.0,102726.0,17170.0,-771111.0,-44.9095,0.837,1.1396,57,88.3,-0.4057
RTM,MUM,Container_Ship,Containers,6887.0,7.65,757904.0,92741.0,107936.0,-857523.0,-7.9447,0.976,1.024,41,84.32,-0.5271
CPT,COL,Tanker,Chemical,7888.4,13.27,304809.0,51663.0,181119.0,-374430.0,-2.0673,0.9628,1.1066,56,43.67,-0.1147
NYK,SAN,Reefer,Refrigerated Goods,7737.9,10.96,238075.0,101565.0,15523.0,-488509.0,-31.4699,0.9341,1.154,70,62.58,-0.2156
LAX,HAM,Bulk_Carrier,Iron Ore,9100.3,17.7,279311.0,130386.0,22976.0,-652184.0,-28.3852,0.9791,1.1852,61,45.95,-0.2009
SHA,LAX,Bulk_Carrier,Iron Ore,10457.0,20.41,333829.0,122827.0,15928.0,-746898.0,-46.8922,0.7774,1.0348,31,50.9,-0.243
SHA,ANT,Tanker,Chemical,8980.7,14.46,332694.0,119042.0,170915.0,-497786.0,-2.9125,0.8478,1.1859,46,42.45,-0.1423
HAM,BUS,Reefer,Perishables,8550.1,11.09,261931.0,108937.0,7968.0,-529195.0,-66.417,0.7952,0.9277,39,59.42,-0.2151
CPT,COL,Reefer,Perishables,7888.4,11.57,280448.0,53578.0,9522.0,-498114.0,-52.3133,0.8677,1.016,19,80.34,-0.2806
SHA,RTM,Bulk_Carrier,Coal,8927.2,17.67,284054.0,109430.0,21856.0,-636723.0,-29.1328,0.8417,1.0304,39,70.78,-0.3041
NYK,COL,LNG_Carrier,LNG,14086.8,17.41,1472556.0,101941.0,30812.0,-1804891.0,-58.5779,0.9714,1.2084,60,77.94,-0.799
KHI,RTM,LNG_Carrier,LPG,5993.9,7.89,573072.0,85783.0,14788.0,-762422.0,-51.5562,0.7771,0.9062,49,66.06,-0.3805
LAX,CPT,Bulk_Carrier,Coal,16044.7,28.24,387617.0,91365.0,20215.0,-882423.0,-43.6521,0.8228,0.9749,53,77.13,-0.3647
ANT,RTM,Reefer,Perishables,78.1,0.1,2587.0,109021.0,12122.0,-100993.0,-8.3311,0.938,1.1966,34,78.73,-0.0792
NYK,BUS,LNG_Carrier,LNG,11254.3,15.0,1206018.0,132275.0,27036.0,-1536283.0,-56.8245,0.8314,1.2388,61,85.59,-0.8179
LAX,NYK,Reefer,Perishables,3948.9,5.37,119320.0,143892.0,12433.0,-331371.0,-26.6529,0.985,1.1687,55,60.79,-0.1661
SHA,JEA,Container_Ship,Containers,6458.3,6.65,767703.0,94563.0,122458.0,-839486.0,-6.8553,0.9797,1.1574,36,34.93,-0.2174
SGP,SHA,LNG_Carrier,LNG,3810.3,5.2,403440.0,106369.0,20540.0,-567228.0,-27.6163,0.8051,0.9719,22,52.06,-0.2449
COL,HAM,Tanker,Chemical,8074.9,13.39,271360.0,89617.0,173533.0,-388221.0,-2.2372,0.8746,1.1672,39,48.41,-0.1309
ANT,LAG,Bulk_Carrier,Bauxite,4978.7,8.79,115982.0,90595.0,8249.0,-330151.0,-40.0255,0.9216,0.9944,18,84.25,-0.2192
BUS,SYD,Reefer,Refrigerated Goods,8015.7,11.57,308175.0,113228.0,15069.0,-579915.0,-38.4843,0.8548,1.2243,62,54.83,-0.2219
MUM,SGP,LNG_Carrier,LNG,3906.7,4.74,359103.0,83261.0,21302.0,-492168.0,-23.1041,0.7531,1.0776,26,37.62,-0.1529
SGP,LAG,Bulk_Carrier,Coal,11147.2,22.62,349508.0,68400.0,23246.0,-733944.0,-31.5724,0.8961,1.0294,28,46.74,-0.2141
HOU,NYK,LNG_Carrier,LPG,2277.1,2.86,204486.0,145573.0,20577.0,-372446.0,-18.1005,0.9977,0.9821,34,39.85,-0.1322
ANT,HAM,Container_Ship,Machinery,453.6,0.53,62551.0,126949.0,179066.0,-18387.0,-0.1027,0.9481,0.9837,35,65.43,-0.0117
MUM,SYD,Tanker,Chemical,10150.5,16.56,367119.0,85920.0,178342.0,-523059.0,-2.9329,0.9883,1.0615,66,39.89,-0.1348
SGP,JEA,Bulk_Carrier,Bauxite,5858.9,11.06,178486.0,87293.0,7179.0,-424514.0,-59.1347,0.7743,1.0302,64,86.97,-0.2805
CPT,HOU,LNG_Carrier,LNG,13853.3,18.64,1377815.0,96485.0,24049.0,-1729838.0,-71.9308,0.7571,1.2101,56,76.08,-0.7529
SYD,SAN,Bulk_Carrier,Grain,13322.4,23.09,382916.0,97308.0,49214.0,-777381.0,-15.7959,0.8708,1.1213,70,59.58,-0.2694
ANT,SGP,LNG_Carrier,LNG,10551.1,14.33,1111600.0,100191.0,21417.0,-1405319.0,-65.6173,0.878,0.9292,57,72.81,-0.6518
SHA,SAN,Reefer,Perishables,18568.6,26.07,611338.0,98005.0,9876.0,-1090583.0,-110.4252,0.8189,1.1168,60,73.02,-0.3976
SYD,LAG,Container_Ship,Containers,15517.5,17.55,1941279.0,92758.0,100318.0,-2196929.0,-21.8997,0.8978,1.0347,23,85.61,-1.0
TYO,COL,Bulk_Carrier,Grain,6846.1,13.89,226949.0,95231.0,42838.0,-487701.0,-11.3847,0.9214,0.9225,71,37.56,-0.1338
LAG,HAM,Bulk_Carrier,Iron Ore,5272.3,9.96,137626.0,84287.0,18473.0,-352886.0,-19.1028,0.8216,1.1356,27,69.55,-0.1911
SGP,KHI,Reefer,Pharmaceuticals,4744.0,6.45,169749.0,60997.0,94695.0,-232746.0,-2.4578,0.9623,1.0251,28,60.65,-0.1124
NYK,HOU,LNG_Carrier,LPG,2277.1,3.05,224486.0,130847.0,17245.0,-383802.0,-22.256,0.8104,1.0133,33,32.53,-0.1112
TYO,SAN,LNG_Carrier,LPG,18591.0,25.1,2091585.0,111104.0,24612.0,-2554601.0,-103.7955,0.9794,1.1966,32,58.43,-0.7449
RTM,SGP,Tanker,Crude Oil,10534.9,18.97,421941.0,96735.0,15991.0,-787210.0,-49.2273,0.894,1.1925,56,43.15,-0.2165
KHI,SGP,Container_Ship,Containers,4744.0,5.24,492652.0,72718.0,108923.0,-535041.0,-4.9121,0.9799,1.0292,39,41.94,-0.1786
SGP,JEA,Container_Ship,Auto Parts,5858.9,6.28,706421.0,78122.0,197066.0,-681679.0,-3.4591,0.7711,0.9466,25,31.84,-0.1649
HAM,SGP,Bulk_Carrier,Bauxite,10154.8,18.3,245512.0,96027.0,7510.0,-608471.0,-81.0184,0.861,0.9692,66,31.99,-0.1257
HOU,KHI,LNG_Carrier,LPG,13656.9,17.73,1413097.0,83961.0,15665.0,-1747383.0,-111.5444,0.8124,0.9183,50,75.92,-0.7636
HOU,SHA,Tanker,Fuel Oil,12195.4,22.76,484611.0,125744.0,73193.0,-878495.0,-12.0024,0.8508,1.0241,47,33.96,-0.1799
NYK,COL,Container_Ship,Electronics,14086.8,16.3,1606469.0,96225.0,274862.0,-1672333.0,-6.0843,0.8643,1.0601,30,39.18,-0.3722
ANT,SYD,Tanker,Fuel Oil,16725.3,31.12,584882.0,111837.0,79832.0,-1083725.0,-13.5751,0.8697,1.0928,35,80.33,-0.4574
TYO,JEA,LNG_Carrier,LNG,7963.6,10.54,904811.0,127517.0,22691.0,-1167709.0,-51.4606,0.9141,0.9456,45,74.56,-0.6089
JEA,SHA,Bulk_Carrier,Coal,6458.3,11.22,180254.0,92943.0,22823.0,-418721.0,-18.3466,0.8489,1.0669,56,80.33,-0.2494
HOU,RTM,LNG_Carrier,LNG,8072.0,10.57,788357.0,136401.0,21611.0,-1061629.0,-49.1249,0.7884,1.0443,68,66.36,-0.4907
KHI,HOU,Container_Ship,Electronics,13656.9,14.62,1611931.0,82846.0,242027.0,-1672113.0,-6.9088,0.8684,0.929,22,78.87,-0.7591
RTM,JEA,Bulk_Carrier,Coal,5176.2,9.62,138361.0,90747.0,23997.0,-349486.0,-14.5638,0.7747,1.2292,53,70.76,-0.1933
LAG,SHA,Container_Ship,Machinery,12229.8,12.88,1345883.0,76931.0,135255.0,-1480707.0,-10.9475,0.7531,0.9354,19,48.31,-0.4308
SAN,KHI,Bulk_Carrier,Coal,13337.2,26.7,406346.0,53887.0,21823.0,-838873.0,-38.4404,0.8998,0.9625,41,71.29,-0.3477
HOU,SAN,Tanker,Fuel Oil,7942.5,13.85,311275.0,102069.0,68948.0,-552193.0,-8.0088,0.8141,1.0083,65,79.2,-0.3061
CPT,KHI,Container_Ship,Auto Parts,8308.9,9.95,1129079.0,54186.0,250817.0,-1081644.0,-4.3125,0.8284,1.1214,57,36.42,-0.272
TYO,NYK,LNG_Carrier,LPG,10853.1,13.27,1024524.0,167434.0,19327.0,-1371630.0,-70.9713,0.9946,0.9253,24,67.89,-0.5871
KHI,LAX,LNG_Carrier,LPG,13476.2,16.34,1389946.0,93415.0,19860.0,-1708575.0,-86.0307,0.9483,0.9973,21,67.66,-0.6692
LAG,TYO,Tanker,Fuel Oil,13474.1,24.84,549184.0,120924.0,66139.0,-976502.0,-14.7645,0.8736,0.9013,65,65.37,-0.3695
SYD,SGP,LNG_Carrier,LPG,6299.1,8.44,696812.0,109037.0,19213.0,-913164.0,-47.5278,0.9282,0.9857,41,49.84,-0.3396
ANT,BUS,Container_Ship,Electronics,8997.1,9.55,1121766.0,112062.0,303474.0,-1073563.0,-3.5376,0.9087,1.1132,19,38.62,-0.279
SGP,RTM,Tanker,Crude Oil,10534.9,17.6,328270.0,98511.0,16006.0,-674842.0,-42.1614,0.9381,1.1374,28,78.12,-0.336
ANT,NYK,Bulk_Carrier,Grain,5881.5,10.6,145508.0,130333.0,61040.0,-373830.0,-6.1244,0.9912,1.2218,59,31.73,-0.09
HOU,NYK,Bulk_Carrier,Grain,2277.1,4.04,66364.0,131878.0,44361.0,-214555.0,-4.8366,0.897,0.9812,24,78.16,-0.1493
CPT,ANT,Bulk_Carrier,Grain,9566.7,16.6,274398.0,77784.0,48746.0,-552366.0,-11.3315,0.8146,1.1873,51,85.79,-0.3125
CPT,HOU,Tanker,Crude Oil,13853.3,22.98,456874.0,103614.0,15205.0,-889929.0,-58.5277,0.8328,1.2172,50,38.43,-0.1956
RTM,COL,LNG_Carrier,LPG,8401.4,11.28,840205.0,82413.0,18719.0,-1073090.0,-57.3265,0.9839,0.906,47,79.37,-0.5859
COL,RTM,LNG_Carrier,LNG,8401.4,10.08,789562.0,85951.0,25448.0,-1001203.0,-39.3426,0.7759,1.2495,38,47.81,-0.3293
SHA,KHI,Bulk_Carrier,Coal,5340.0,10.83,150783.0,81342.0,27376.0,-367205.0,-13.4136,0.9759,1.1132,35,78.77,-0.2245
NYK,HOU,Reefer,Refrigerated Goods,2277.1,3.12,74298.0,148562.0,13947.0,-255749.0,-18.3375,0.8732,1.1091,63,81.6,-0.1858
SGP,SAN,Container_Ship,Containers,15934.4,17.36,1828289.0,84796.0,113735.0,-2059701.0,-18.1097,0.9976,1.0557,45,35.73,-0.3956
JEA,CPT,Bulk_Carrier,Bauxite,7606.3,15.34,222336.0,65132.0,6633.0,-510990.0,-77.0408,0.7731,0.9533,47,59.2,-0.2144
ANT,SGP,Reefer,Perishables,10551.1,13.54,302675.0,96334.0,10872.0,-591186.0,-54.3764,0.8529,1.1803,63,81.6,-0.3073
KHI,LAG,Tanker,Crude Oil,7048.8,11.68,234386.0,54540.0,14975.0,-449219.0,-29.9983,0.9257,1.0785,61,55.15,-0.1794
COL,NYK,Container_Ship,Machinery,14086.8,16.01,1867683.0,97525.0,141942.0,-2063476.0,-14.5375,0.8038,0.9198,21,33.01,-0.3869
KHI,SAN,LNG_Carrier,LPG,13337.2,15.94,1303150.0,51728.0,19718.0,-1574317.0,-79.8434,0.8993,1.0441,40,66.81,-0.6115
SGP,ANT,Bulk_Carrier,Grain,10551.1,21.16,309791.0,109055.0,39792.0,-696453.0,-17.5021,0.8109,0.9737,49,53.08,-0.2355
HOU,CPT,Reefer,Perishables,13853.3,18.9,444139.0,97488.0,9039.0,-816059.0,-90.2775,0.7642,1.0953,57,48.8,-0.2278
CPT,NYK,Tanker,Crude Oil,12566.3,22.26,430412.0,102717.0,11671.0,-855385.0,-73.2922,0.8386,0.9279,20,37.52,-0.1912
RTM,HOU,Tanker,Chemical,8072.0,14.36,299397.0,119977.0,179097.0,-455723.0,-2.5446,0.8977,1.1736,57,30.83,-0.0978
BUS,CPT,Bulk_Carrier,Grain,13800.1,26.38,413725.0,84538.0,38834.0,-855101.0,-22.0191,0.8345,0.9233,55,76.95,-0.3771
HOU,KHI,LNG_Carrier,LNG,13656.9,16.64,1375176.0,93087.0,23621.0,-1694212.0,-71.7255,0.8576,1.0493,27,58.85,-0.5739
COL,TYO,Container_Ship,Containers,6846.1,7.22,733028.0,94944.0,127089.0,-809229.0,-6.3674,0.9741,1.2081,51,34.65,-0.2047
TYO,LAG,Tanker,Crude Oil,13474.1,24.73,554418.0,101698.0,12667.0,-1014378.0,-80.0819,0.7642,1.105,18,35.91,-0.2108
SGP,SYD,LNG_Carrier,LPG,6299.1,7.65,609504.0,100596.0,19232.0,-805569.0,-41.8867,0.8808,1.0398,55,78.28,-0.4705
ANT,SHA,Reefer,Frozen Fish,8980.7,11.51,292749.0,116947.0,18376.0,-563896.0,-30.6866,0.9596,1.0639,67,57.86,-0.2197
LAG,LAX,LNG_Carrier,LNG,12430.0,14.91,1192782.0,87932.0,25766.0,-1478630.0,-57.3878,0.8292,1.1837,18,41.42,-0.3665
COL,TYO,Container_Ship,Containers,6846.1,7.93,817497.0,113719.0,106821.0,-943340.0,-8.8311,0.7948,1.2445,43,46.46,-0.32
TYO,SGP,Bulk_Carrier,Coal,5314.4,9.42,152072.0,124619.0,22842.0,-395207.0,-17.302,0.9522,0.952,55,76.21,-0.234
CPT,COL,Container_Ship,Machinery,7888.4,9.08,920489.0,52786.0,138298.0,-971165.0,-7.0223,0.7946,0.9065,54,88.45,-0.6024
KHI,SAN,Container_Ship,Machinery,13337.2,14.51,1652108.0,52258.0,171628.0,-1750394.0,-10.1988,0.9695,0.922,60,59.23,-0.6027
SAN,KHI,Bulk_Carrier,Grain,13337.2,26.15,359610.0,54429.0,52122.0,-754114.0,-14.4682,0.9345,1.1067,23,60.72,-0.2662
SYD,NYK,LNG_Carrier,LNG,15985.3,19.3,1370138.0,134013.0,21228.0,-1772494.0,-83.4972,0.7767,1.0412,47,37.07,-0.3526
COL,KHI,LNG_Carrier,LPG,2418.3,3.15,260787.0,51435.0,21978.0,-337532.0,-15.3578,0.9934,1.0535,44,50.66,-0.1513
RTM,BUS,LNG_Carrier,LPG,8936.6,10.65,795935.0,108631.0,20164.0,-1044107.0,-51.7808,0.9623,0.9978,30,32.61,-0.2297
SYD,RTM,Reefer,Perishables,16689.6,21.52,539686.0,127998.0,9711.0,-980796.0,-101.0017,0.7628,1.1788,56,70.56,-0.364
BUS,LAG,Bulk_Carrier,Grain,12692.5,23.82,377842.0,76564.0,46427.0,-765219.0,-16.4823,0.7597,1.2125,66,44.93,-0.204
LAX,KHI,LNG_Carrier,LPG,13476.2,16.4,1153610.0,88916.0,20925.0,-1467556.0,-70.1327,0.7995,1.2463,21,46.17,-0.3922
RTM,KHI,Bulk_Carrier,Grain,5993.9,11.51,186877.0,89747.0,52175.0,-397119.0,-7.6113,0.9906,1.045,29,51.37,-0.1541
SAN,SHA,Tanker,Fuel Oil,18568.6,30.11,552511.0,90518.0,86410.0,-1008216.0,-11.6677,0.9868,1.0424,29,82.5,-0.4154
COL,RTM,Reefer,Frozen Fish,8401.4,11.72,265611.0,92245.0,13727.0,-519858.0,-37.8724,0.8015,0.9514,31,70.75,-0.253
HAM,SGP,Tanker,Chemical,10154.8,17.91,402587.0,100452.0,170156.0,-601582.0,-3.5355,0.8701,1.1504,61,73.45,-0.2854
NYK,SYD,LNG_Carrier,LPG,15985.3,20.59,1696651.0,145042.0,22897.0,-2127611.0,-92.921,0.8968,1.2158,44,70.04,-0.7998
ANT,JEA,Bulk_Carrier,Iron Ore,5160.9,9.95,162468.0,96815.0,19484.0,-389038.0,-19.9673,0.873,1.1272,69,52.75,-0.1605
HAM,JEA,Tanker,Fuel Oil,4892.2,9.06,205923.0,99737.0,80902.0,-360705.0,-4.4586,0.9129,1.055,44,44.13,-0.1259
LAX,RTM,LNG_Carrier,LNG,8985.5,11.8,1001783.0,123472.0,21766.0,-1280531.0,-58.8319,0.7572,1.095,56,74.65,-0.6436
BUS,KHI,LNG_Carrier,LNG,5990.8,8.01,600580.0,67083.0,22068.0,-765736.0,-34.6996,0.7728,1.0878,34,53.43,-0.3092
NYK,LAX,LNG_Carrier,LPG,3948.9,5.38,459881.0,148791.0,19550.0,-669753.0,-34.2589,0.8256,1.1276,46,63.6,-0.3511
JEA,SAN,Reefer,Frozen Fish,12181.9,15.26,344381.0,73231.0,15843.0,-630626.0,-39.8058,0.9765,0.9013,46,66.37,-0.2525
SAN,TYO,LNG_Carrier,LPG,18591.0,24.35,1892848.0,111716.0,22135.0,-2347710.0,-106.0656,0.9478,1.112,24,52.47,-0.6147
SYD,COL,Tanker,Crude Oil,8748.1,15.43,315051.0,79244.0,15530.0,-610216.0,-39.2936,0.8862,1.1682,39,46.96,-0.1946
HOU,CPT,Bulk_Carrier,Grain,13853.3,26.22,411700.0,92412.0,57759.0,-839628.0,-14.5367,0.9243,1.2399,22,60.3,-0.2896
HAM,LAX,Bulk_Carrier,Grain,9100.3,18.15,297471.0,130004.0,41365.0,-658400.0,-15.9167,0.771,1.0645,47,71.44,-0.3154
KHI,CPT,Container_Ship,Machinery,8308.9,9.6,931828.0,53927.0,196415.0,-933332.0,-4.7518,0.9079,1.1267,33,80.69,-0.5199
SYD,JEA,Bulk_Carrier,Iron Ore,12058.9,24.16,384612.0,104080.0,16167.0,-834995.0,-51.6488,0.8228,0.9923,31,84.65,-0.4281
CPT,MUM,Reefer,Pharmaceuticals,8227.2,10.9,258577.0,57383.0,78136.0,-401371.0,-5.1369,0.8594,0.9471,39,56.85,-0.158
BUS,JEA,LNG_Carrier,LNG,7055.4,8.56,650014.0,79626.0,19366.0,-838635.0,-43.3041,0.7566,0.9751,33,41.07,-0.2494
LAG,SYD,Container_Ship,Containers,15517.5,16.21,1683378.0,93122.0,80395.0,-1939219.0,-24.1212,0.7753,0.9601,18,48.33,-0.5099
JEA,SGP,Tanker,Crude Oil,5858.9,9.93,231216.0,84545.0,13104.0,-451615.0,-34.4649,0.7614,1.1473,69,73.22,-0.2512
CPT,NYK,Tanker,Chemical,12566.3,21.76,401226.0,92815.0,156092.0,-664312.0,-4.2559,0.7807,1.176,54,86.54,-0.3425
LAX,RTM,LNG_Carrier,LPG,8985.5,11.34,790719.0,124199.0,15723.0,-1069301.0,-68.0092,0.774,0.9674,56,51.68,-0.3721
SHA,HAM,LNG_Carrier,LPG,8527.4,11.31,782539.0,105796.0,19792.0,-1038153.0,-52.4525,0.8434,1.1175,64,82.76,-0.5883
JEA,SHA,Bulk_Carrier,Grain,6458.3,11.89,156550.0,84000.0,41382.0,-377541.0,-9.1234,0.7727,1.0626,54,57.71,-0.1615
SHA,BUS,LNG_Carrier,LPG,832.1,1.13,96427.0,112179.0,22437.0,-203127.0,-9.0534,0.8706,1.2272,35,41.56,-0.0808
TYO,BUS,Container_Ship,Auto Parts,959.3,1.06,112923.0,127040.0,225443.0,-30471.0,-0.1352,0.8532,0.9786,19,56.32,-0.0163
ANT,MUM,Bulk_Carrier,Coal,6885.8,13.15,187813.0,91414.0,25219.0,-451270.0,-17.894,0.8508,1.1763,37,71.98,-0.2368
HAM,MUM,Reefer,Pharmaceuticals,6551.7,8.32,189088.0,99874.0,88118.0,-325716.0,-3.6964,0.8295,1.1066,64,86.07,-0.2071
BUS,LAG,LNG_Carrier,LPG,12692.5,15.4,1118181.0,87934.0,22201.0,-1414951.0,-63.7345,0.9838,1.0746,65,87.62,-0.7356
KHI,SGP,Tanker,Chemical,4744.0,8.06,185943.0,60440.0,181337.0,-185971.0,-1.0256,0.9304,1.1464,38,86.83,-0.1285
BUS,HAM,Container_Ship,Machinery,8550.1,9.17,968162.0,105569.0,204872.0,-1006482.0,-4.9127,0.8974,1.1891,50,49.48,-0.3407
COL,SYD,Container_Ship,Containers,8748.1,9.51,1036128.0,84393.0,112240.0,-1150895.0,-10.2539,0.889,1.169,40,42.67,-0.3336
JEA,SHA,Container_Ship,Machinery,6458.3,6.75,772398.0,90314.0,176841.0,-787053.0,-4.4506,0.8797,1.047,31,31.11,-0.1815
BUS,CPT,Tanker,Chemical,13800.1,24.97,555682.0,83429.0,166466.0,-847140.0,-5.089,0.8922,1.0975,30,52.09,-0.2528
TYO,KHI,LNG_Carrier,LNG,6926.4,8.62,667747.0,106021.0,22676.0,-880395.0,-38.8245,0.9048,0.9547,35,61.88,-0.3965
SAN,SHA,Container_Ship,Machinery,18568.6,22.32,2315135.0,93975.0,163566.0,-2580272.0,-15.7751,0.8961,0.9507,31,72.45,-0.9335
RTM,TYO,LNG_Carrier,LPG,9345.2,13.0,965083.0,138585.0,24228.0,-1274414.0,-52.6009,0.9872,1.1686,65,77.54,-0.6568
COL,NYK,Bulk_Carrier,Coal,14086.8,26.76,378620.0,105072.0,22264.0,-862765.0,-38.7512,0.9406,0.9393,36,83.52,-0.4093
CPT,HAM,Reefer,Frozen Fish,9764.5,13.23,294382.0,82116.0,20875.0,-554031.0,-26.5408,0.9492,1.2217,48,40.19,-0.1458
CPT,HAM,Container_Ship,Electronics,9764.5,11.27,1297017.0,84946.0,207011.0,-1344049.0,-6.4926,0.7524,0.9171,61,64.9,-0.5712
CPT,BUS,Bulk_Carrier,Iron Ore,13800.1,24.28,320799.0,84123.0,15458.0,-753712.0,-48.7576,0.8349,0.9351,34,44.2,-0.1909
NYK,COL,Tanker,Chemical,14086.8,26.3,501415.0,97373.0,163464.0,-829850.0,-5.0767,0.7829,1.2282,28,48.16,-0.227
JEA,ANT,LNG_Carrier,LNG,5160.9,6.39,442589.0,102593.0,20309.0,-620709.0,-30.5639,0.7799,0.992,55,36.48,-0.1771
SYD,HOU,Bulk_Carrier,Bauxite,13818.5,26.97,442585.0,121684.0,9471.0,-959297.0,-101.2884,0.9653,1.0902,58,51.0,-0.2802
SHA,TYO,LNG_Carrier,LNG,1754.3,2.41,194095.0,139826.0,21210.0,-348934.0,-16.4511,0.8896,0.9083,37,46.4,-0.1479
KHI,SYD,Reefer,Frozen Fish,11020.1,15.69,396925.0,81208.0,17816.0,-695642.0,-39.0469,0.936,1.0574,49,74.02,-0.3228
MUM,ANT,Reefer,Perishables,6885.8,8.84,209570.0,93945.0,9851.0,-426272.0,-43.2718,0.7996,1.1407,70,87.92,-0.2732
LAG,ANT,LNG_Carrier,LNG,4978.7,6.69,540576.0,79828.0,24417.0,-696301.0,-28.5174,0.7984,1.165,66,88.61,-0.4863
KHI,ANT,Bulk_Carrier,Grain,5992.6,10.6,146868.0,82869.0,43834.0,-344916.0,-7.8688,0.7873,1.1047,68,84.39,-0.2199
COL,HOU,LNG_Carrier,LPG,15903.9,20.38,1469002.0,92770.0,22473.0,-1845000.0,-82.097,0.8965,1.1937,38,52.78,-0.5239
BUS,SYD,Bulk_Carrier,Coal,8015.7,16.08,217255.0,114192.0,29946.0,-542727.0,-18.1238,0.9979,1.1908,27,84.05,-0.3184
ANT,HOU,Tanker,Fuel Oil,8102.1,13.31,250817.0,119619.0,89568.0,-480446.0,-5.364,0.9201,1.1589,22,65.9,-0.2203
CPT,COL,Tanker,Fuel Oil,7888.4,13.81,271109.0,55493.0,85224.0,-448594.0,-5.2637,0.9989,1.0157,22,58.63,-0.1844
SGP,HAM,Tanker,Crude Oil,10154.8,17.41,401118.0,99239.0,11797.0,-749642.0,-63.544,0.8727,0.9012,23,42.54,-0.206
ANT,CPT,Bulk_Carrier,Iron Ore,9566.7,17.52,281688.0,80668.0,19679.0,-605440.0,-30.7651,0.8242,1.2059,69,59.07,-0.2358
RTM,ANT,Bulk_Carrier,Coal,78.1,0.16,2530.0,114865.0,18594.0,-101140.0,-5.4395,0.7747,0.9524,42,49.52,-0.0499
MUM,ANT,Bulk_Carrier,Grain,6885.8,13.55,220431.0,87409.0,42779.0,-468312.0,-10.9473,0.7798,1.0885,26,82.52,-0.2817
BUS,SAN,Reefer,Perishables,18691.4,25.19,572345.0,79189.0,9082.0,-1020233.0,-112.3338,0.9047,0.9295,42,58.39,-0.2965
SHA,HAM,LNG_Carrier,LPG,8527.4,10.67,901605.0,120561.0,20525.0,-1161645.0,-56.5955,0.9067,1.0779,45,80.91,-0.6436
SGP,TYO,Container_Ship,Machinery,5314.4,5.61,648331.0,124486.0,177873.0,-679034.0,-3.8175,0.8893,1.0418,32,87.74,-0.463
LAG,KHI,Reefer,Perishables,7048.8,9.77,256649.0,50251.0,10086.0,-443430.0,-43.9649,0.8186,1.1409,55,62.02,-0.1992
COL,NYK,Reefer,Frozen Fish,14086.8,19.97,515968.0,91372.0,17047.0,-889869.0,-52.2022,0.8885,1.0659,56,56.44,-0.2853
SHA,KHI,Tanker,Crude Oil,5340.0,9.08,192593.0,72934.0,14365.0,-387318.0,-26.9617,0.9979,0.9597,41,40.76,-0.1225
HOU,NYK,LNG_Carrier,LPG,2277.1,2.93,240837.0,157158.0,17587.0,-424331.0,-24.1277,0.8897,0.9413,50,42.61,-0.161
TYO,SHA,Reefer,Pharmaceuticals,1754.3,2.57,63086.0,133078.0,87720.0,-147039.0,-1.6762,0.8489,1.0764,56,67.28,-0.0904
LAG,ANT,Container_Ship,Auto Parts,4978.7,5.53,638845.0,93384.0,217918.0,-597299.0,-2.7409,0.7613,1.0602,55,74.48,-0.3506
COL,SAN,Bulk_Carrier,Grain,13986.2,24.42,377222.0,64559.0,44386.0,-763624.0,-17.2043,0.7737,1.1383,26,60.7,-0.2641
NYK,KHI,LNG_Carrier,LPG,11689.8,14.52,1201459.0,105001.0,20363.0,-1503960.0,-73.8576,0.8714,1.1128,33,68.24,-0.6292
LAX,TYO,Container_Ship,Machinery,8839.0,9.27,911851.0,134866.0,210142.0,-975643.0,-4.6428,0.9929,1.1023,43,48.35,-0.3193
BUS,KHI,LNG_Carrier,LPG,5990.8,8.16,620337.0,75877.0,19802.0,-798756.0,-40.3363,0.9666,0.9755,20,86.75,-0.5236
HAM,COL,Bulk_Carrier,Iron Ore,8074.9,14.59,230143.0,82809.0,22013.0,-509812.0,-23.1598,0.9022,1.2322,66,65.87,-0.2339
HOU,SYD,LNG_Carrier,LPG,13818.5,16.68,1231161.0,118808.0,16907.0,-1583303.0,-93.6451,0.7847,1.026,19,87.59,-0.7942
HOU,LAG,Tanker,Fuel Oil,10488.9,18.65,402419.0,98341.0,79519.0,-701027.0,-8.8159,0.9695,0.9764,43,89.23,-0.3993
COL,SAN,Tanker,Fuel Oil,13986.2,25.81,554014.0,59679.0,79825.0,-921056.0,-11.5384,0.8999,1.056,37,82.31,-0.4319
KHI,LAG,Tanker,Crude Oil,7048.8,12.33,248176.0,51736.0,14546.0,-470268.0,-32.3295,0.854,1.1356,37,63.19,-0.2152
HOU,CPT,Container_Ship,Auto Parts,13853.3,14.42,1384097.0,107641.0,273027.0,-1435022.0,-5.256,0.8602,1.1756,58,46.41,-0.381
TYO,SAN,Reefer,Refrigerated Goods,18591.0,24.19,606455.0,106379.0,13262.0,-1062486.0,-80.1132,0.9304,0.9899,48,59.38,-0.3148
SHA,LAX,Container_Ship,Electronics,10457.0,12.15,1451576.0,125889.0,257963.0,-1501798.0,-5.8218,0.783,1.0981,29,71.69,-0.6881
HOU,NYK,Reefer,Pharmaceuticals,2277.1,2.95,70838.0,145005.0,95211.0,-164917.0,-1.7321,0.8446,1.1742,61,46.39,-0.0681
LAX,TYO,Tanker,Crude Oil,8839.0,14.66,321633.0,157948.0,11518.0,-687954.0,-59.7278,0.7664,1.0019,47,42.89,-0.1997
HOU,LAX,Reefer,Pharmaceuticals,2204.4,3.23,75069.0,126247.0,87624.0,-162177.0,-1.8508,0.7535,1.2114,70,70.15,-0.1017
ANT,SYD,Tanker,Crude Oil,16725.3,28.28,575941.0,118622.0,11818.0,-1106903.0,-93.6661,0.8137,0.9683,44,62.53,-0.3637
SYD,JEA,Bulk_Carrier,Coal,12058.9,22.6,371431.0,103453.0,24169.0,-789690.0,-32.6739,0.9036,1.0614,68,73.77,-0.3528
TYO,ANT,Bulk_Carrier,Grain,9411.9,18.0,294474.0,124705.0,55972.0,-633250.0,-11.3137,0.891,1.2464,70,51.31,-0.2154
SAN,HAM,Tanker,Crude Oil,10166.5,17.04,313933.0,99229.0,11972.0,-656798.0,-54.859,0.8256,0.9668,20,72.65,-0.308
HAM,KHI,Tanker,Chemical,5660.0,9.35,175170.0,79655.0,164283.0,-230772.0,-1.4047,0.9531,1.014,69,60.41,-0.1068
NYK,COL,Reefer,Pharmaceuticals,14086.8,18.48,487798.0,90237.0,94041.0,-761138.0,-8.0937,0.8664,1.1306,65,78.29,-0.3384
NYK,HOU,Tanker,Fuel Oil,2277.1,3.77,71299.0,143038.0,68553.0,-202331.0,-2.9515,0.818,0.9977,71,35.75,-0.0644
LAG,HOU,Container_Ship,Auto Parts,10488.9,11.09,1091270.0,100750.0,206375.0,-1152026.0,-5.5822,0.8264,0.9249,59,58.63,-0.4312
BUS,HAM,Reefer,Perishables,8550.1,11.43,248984.0,102427.0,8925.0,-514008.0,-57.5915,0.811,1.019,24,84.11,-0.2958
BUS,NYK,Bulk_Carrier,Iron Ore,11254.3,21.01,291752.0,124213.0,20306.0,-710838.0,-35.0055,0.8924,1.1492,26,74.47,-0.3293
HAM,BUS,Reefer,Pharmaceuticals,8550.1,11.46,262447.0,107023.0,104264.0,-437114.0,-4.1924,0.9558,1.1364,48,70.49,-0.2108
ANT,HAM,LNG_Carrier,LNG,453.6,0.61,50832.0,125039.0,24111.0,-160901.0,-6.6734,0.965,0.9518,65,39.77,-0.0625
TYO,COL,Container_Ship,Electronics,6846.1,8.02,835124.0,109807.0,262537.0,-802661.0,-3.0573,0.9504,0.9208,21,30.51,-0.1788
HAM,SHA,Bulk_Carrier,Iron Ore,8527.4,16.81,232156.0,113082.0,18975.0,-578469.0,-30.4854,0.8512,1.1258,18,33.11,-0.1312
TYO,KHI,LNG_Carrier,LNG,6926.4,9.05,721646.0,101711.0,26785.0,-932321.0,-34.8077,0.8667,1.1773,65,52.4,-0.3556
SAN,KHI,Container_Ship,Containers,13337.2,15.82,1876322.0,60821.0,100475.0,-2073913.0,-20.6412,0.9073,1.0254,63,40.48,-0.4881
SAN,KHI,Tanker,Chemical,13337.2,23.52,530986.0,61334.0,144666.0,-800505.0,-5.5335,0.8598,0.9898,61,32.34,-0.1505
CPT,HOU,Container_Ship,Auto Parts,13853.3,16.42,1643367.0,106061.0,215191.0,-1780490.0,-8.274,0.76,1.0488,39,75.32,-0.7672
COL,SYD,LNG_Carrier,LPG,8748.1,11.33,798872.0,81718.0,18173.0,-1032433.0,-56.812,0.7721,1.1209,52,79.45,-0.5571
KHI,SGP,Tanker,Fuel Oil,4744.0,8.43,167541.0,62721.0,83238.0,-273461.0,-3.2853,0.8793,1.127,48,32.49,-0.0707
COL,RTM,Tanker,Crude Oil,8401.4,14.06,303203.0,80055.0,14791.0,-579310.0,-39.1674,0.8872,1.1114,18,44.53,-0.1775
HAM,SHA,LNG_Carrier,LPG,8527.4,10.69,800170.0,105254.0,21839.0,-1043904.0,-47.8,0.9129,1.1391,49,42.58,-0.3044
TYO,HAM,LNG_Carrier,LNG,8979.6,12.05,972140.0,135805.0,22629.0,-1266111.0,-55.9511,0.894,0.9643,68,75.26,-0.6417
LAX,BUS,Tanker,Chemical,9637.7,17.49,338735.0,105101.0,180207.0,-525983.0,-2.9188,0.8687,1.2203,32,66.39,-0.2297
SGP,ANT,Tanker,Crude Oil,10551.1,18.84,422286.0,103137.0,11617.0,-796383.0,-68.5517,0.8334,0.9293,57,35.02,-0.1777
NYK,MUM,Bulk_Carrier,Iron Ore,12555.7,23.98,386665.0,117032.0,16384.0,-847039.0,-51.6986,0.841,0.9839,36,55.29,-0.2791
TYO,HOU,Bulk_Carrier,Bauxite,10740.5,21.41,299863.0,140406.0,9278.0,-752080.0,-81.0641,0.9407,1.0959,23,32.6,-0.1552
COL,NYK,Bulk_Carrier,Grain,14086.8,24.45,380399.0,108447.0,51575.0,-804020.0,-15.5894,0.9864,1.0374,49,42.64,-0.1947
SAN,JEA,Container_Ship,Machinery,12181.9,13.48,1279080.0,67824.0,162736.0,-1386349.0,-8.519,0.8574,0.9886,64,32.36,-0.2706
NYK,HAM,Bulk_Carrier,Grain,6125.8,11.43,166830.0,129857.0,51597.0,-416587.0,-8.0739,0.9299,1.101,37,30.13,-0.0943
SHA,ANT,Bulk_Carrier,Coal,8980.7,15.74,248281.0,116515.0,27979.0,-572952.0,-20.4777,0.8935,1.2427,23,37.12,-0.1432
TYO,COL,Bulk_Carrier,Iron Ore,6846.1,11.95,170805.0,96821.0,21067.0,-425846.0,-20.2135,0.9867,1.0784,24,39.33,-0.1223
MUM,TYO,Reefer,Frozen Fish,6733.0,9.08,197984.0,123107.0,16236.0,-441109.0,-27.1685,0.8733,1.0329,60,60.17,-0.1946
SYD,KHI,Bulk_Carrier,Bauxite,11020.1,20.93,310339.0,78353.0,7587.0,-694995.0,-91.6081,0.8896,0.9476,26,89.57,-0.3903
NYK,LAG,Container_Ship,Electronics,8481.1,9.69,970460.0,99888.0,285893.0,-929852.0,-3.2525,0.9445,1.009,41,36.18,-0.2308
LAX,LAG,Tanker,Chemical,12430.0,22.4,497365.0,91687.0,143491.0,-781532.0,-5.4465,0.8479,0.9954,41,33.37,-0.156
CPT,KHI,LNG_Carrier,LPG,8308.9,11.14,898136.0,46509.0,20334.0,-1091344.0,-53.672,0.8603,1.1255,32,47.01,-0.3542
SGP,COL,Container_Ship,Electronics,2732.3,2.92,339732.0,66780.0,292110.0,-158172.0,-0.5415,0.9343,1.0422,40,77.58,-0.1069
TYO,LAX,Reefer,Refrigerated Goods,8839.0,12.47,261835.0,141817.0,13496.0,-577203.0,-42.7669,0.8628,1.0863,53,89.04,-0.3479
SYD,COL,Reefer,Perishables,8748.1,12.73,273681.0,80904.0,7557.0,-538012.0,-71.1909,0.7682,0.9109,61,64.36,-0.2352
BUS,SHA,Reefer,Pharmaceuticals,832.1,1.22,29124.0,106753.0,86135.0,-67996.0,-0.7894,0.8085,1.1097,43,66.09,-0.043
SHA,LAG,Tanker,Chemical,12229.8,20.33,454596.0,76745.0,149952.0,-686353.0,-4.5771,0.7574,1.1646,46,57.17,-0.2363
SYD,RTM,Bulk_Carrier,Grain,16689.6,33.65,527578.0,129394.0,42853.0,-1118846.0,-26.1088,0.9096,0.9348,29,67.59,-0.3978
MUM,JEA,Bulk_Carrier,Grain,1954.2,3.62,57397.0,64506.0,46803.0,-129406.0,-2.7649,0.825,1.1256,18,44.13,-0.0517
ANT,HOU,Tanker,Fuel Oil,8102.1,13.66,291989.0,127753.0,87537.0,-537158.0,-6.1363,0.9205,1.1322,47,52.19,-0.195
CPT,ANT,LNG_Carrier,LPG,9566.7,11.8,948620.0,85383.0,24583.0,-1186456.0,-48.2625,0.9403,1.245,58,66.42,-0.5196
BUS,NYK,Container_Ship,Containers,11254.3,12.31,1383662.0,123367.0,85029.0,-1606695.0,-18.8959,0.7822,1.0065,71,72.99,-0.7295
HAM,KHI,Bulk_Carrier,Grain,5660.0,11.3,163329.0,90164.0,52693.0,-370231.0,-7.0262,0.9504,1.1001,20,85.76,-0.2432
HOU,JEA,LNG_Carrier,LPG,13157.3,16.52,1161016.0,108456.0,24835.0,-1492464.0,-60.0946,0.9617,1.2298,23,72.76,-0.6348
SAN,SYD,Bulk_Carrier,Coal,13322.4,25.78,355495.0,86583.0,28144.0,-800600.0,-28.4462,0.8952,1.2476,66,69.75,-0.3248
RTM,TYO,Reefer,Pharmaceuticals,9345.2,12.32,270883.0,128118.0,100141.0,-483721.0,-4.8304,0.8403,1.2413,55,53.92,-0.1734
KHI,RTM,Bulk_Carrier,Coal,5993.9,11.2,171063.0,90811.0,24562.0,-405289.0,-16.5009,0.8518,1.1442,65,55.83,-0.171
SAN,LAG,Reefer,Pharmaceuticals,6362.4,9.15,207896.0,63042.0,114798.0,-293405.0,-2.5558,0.9614,1.2439,44,47.93,-0.1047
CPT,LAX,Container_Ship,Auto Parts,16044.7,17.95,1926921.0,92116.0,308682.0,-1979539.0,-6.4129,0.9413,1.2145,26,60.68,-0.6436
RTM,JEA,Reefer,Refrigerated Goods,5176.2,6.59,164156.0,104495.0,16979.0,-350530.0,-20.6452,0.9865,1.1952,22,42.77,-0.1172
CPT,ANT,Tanker,Fuel Oil,9566.7,15.9,303097.0,86624.0,77297.0,-550905.0,-7.1271,0.7858,1.1711,59,31.84,-0.1157
SAN,SYD,Bulk_Carrier,Grain,13322.4,23.34,310993.0,93793.0,46297.0,-708632.0,-15.3061,0.8612,1.0667,23,57.16,-0.2356
HAM,BUS,Reefer,Frozen Fish,8550.1,12.41,266833.0,109133.0,19532.0,-542601.0,-27.7799,0.9117,1.1902,31,84.01,-0.3119
SAN,TYO,Tanker,Chemical,18591.0,32.4,753171.0,112702.0,150794.0,-1201085.0,-7.9651,0.9406,0.943,67,82.61,-0.4952
LAX,SHA,Container_Ship,Auto Parts,10457.0,11.82,1287448.0,131399.0,269066.0,-1327019.0,-4.932,0.8257,1.2069,49,70.67,-0.5994
SAN,SHA,Container_Ship,Machinery,18568.6,21.37,2505856.0,93501.0,185968.0,-2733870.0,-14.7008,0.8618,1.1239,45,86.44,-1.0
KHI,SYD,Tanker,Fuel Oil,11020.1,19.33,448469.0,75784.0,92322.0,-721916.0,-7.8196,0.9954,1.1042,70,81.31,-0.368
HOU,LAG,Reefer,Refrigerated Goods,10488.9,13.3,340566.0,90379.0,12521.0,-617997.0,-49.3561,0.8879,0.9793,22,57.74,-0.2278
SAN,HAM,Reefer,Frozen Fish,10166.5,14.84,376437.0,89882.0,21194.0,-667791.0,-31.5079,0.9698,1.2142,63,54.18,-0.2336
CPT,SAN,LNG_Carrier,LPG,6297.2,8.33,708078.0,59113.0,20429.0,-871678.0,-42.6694,0.8964,1.0852,36,67.46,-0.4389
LAX,LAG,Bulk_Carrier,Iron Ore,12430.0,21.76,335824.0,86564.0,18812.0,-730007.0,-38.806,0.7728,1.2294,27,32.49,-0.1419
HAM,ANT,Container_Ship,Machinery,453.6,0.51,51301.0,114432.0,162495.0,-10947.0,-0.0674,0.8083,1.0471,23,67.71,-0.0072
SYD,MUM,Tanker,Chemical,10150.5,16.7,383267.0,84652.0,145084.0,-573392.0,-3.9522,0.8356,1.0213,58,54.22,-0.2008
COL,MUM,Container_Ship,Containers,1535.0,1.58,151518.0,52362.0,92613.0,-134996.0,-1.4576,0.8177,1.0486,60,59.55,-0.0742
MUM,NYK,Container_Ship,Containers,12555.7,14.95,1565712.0,109956.0,98796.0,-1801077.0,-18.2302,0.8723,1.0488,56,60.42,-0.6485
BUS,KHI,Bulk_Carrier,Iron Ore,5990.8,10.59,175385.0,69086.0,21254.0,-382141.0,-17.9797,0.9354,1.1476,19,43.84,-0.1266
MUM,SHA,Container_Ship,Electronics,5043.9,5.23,626245.0,80830.0,302064.0,-483435.0,-1.6004,0.84,1.1986,54,89.63,-0.3406
JEA,ANT,Container_Ship,Auto Parts,5160.9,5.81,588107.0,89064.0,214761.0,-549517.0,-2.5587,0.8487,0.9372,35,41.45,-0.1781
SHA,LAG,Bulk_Carrier,Grain,12229.8,23.97,320964.0,82715.0,45180.0,-718013.0,-15.8924,0.7563,1.1853,30,86.67,-0.3748
SHA,LAG,Container_Ship,Auto Parts,12229.8,13.71,1630402.0,89859.0,245043.0,-1680834.0,-6.8593,0.7995,1.1352,33,89.75,-0.9085
LAG,MUM,Reefer,Frozen Fish,7617.6,9.55,221728.0,58139.0,18594.0,-404471.0,-21.7529,0.8859,1.166,63,52.03,-0.1491
TYO,HOU,Reefer,Refrigerated Goods,10740.5,14.95,331772.0,163159.0,12125.0,-707002.0,-58.3087,0.8217,1.0247,39,46.24,-0.2069
ANT,COL,Reefer,Perishables,8396.7,11.88,251425.0,87619.0,12772.0,-504421.0,-39.4933,0.9628,1.2283,60,63.87,-0.2217
JEA,ANT,LNG_Carrier,LNG,5160.9,6.68,510099.0,101918.0,27181.0,-684994.0,-25.2016,0.8316,1.2451,59,62.75,-0.3362
MUM,BUS,Container_Ship,Machinery,5775.4,6.26,675383.0,77265.0,208816.0,-637733.0,-3.054,0.9715,1.1195,70,74.42,-0.3618
HOU,TYO,Tanker,Crude Oil,10740.5,17.28,341210.0,142038.0,15390.0,-727055.0,-47.2432,0.9302,1.1029,45,87.15,-0.4011
SAN,SHA,Reefer,Perishables,18568.6,26.4,604783.0,87947.0,10638.0,-1078121.0,-101.348,0.8224,1.1976,71,36.95,-0.1989
SGP,SHA,Reefer,Refrigerated Goods,3810.3,5.0,109214.0,104297.0,11365.0,-277103.0,-24.3819,0.7561,1.0438,53,37.66,-0.0865
LAX,JEA,Tanker,Fuel Oil,13447.6,23.07,507945.0,94409.0,90012.0,-858368.0,-9.5362,0.9009,1.1894,34,54.09,-0.269
COL,HOU,Bulk_Carrier,Iron Ore,15903.9,28.65,381844.0,102237.0,18962.0,-894853.0,-47.1916,0.8231,1.1634,53,58.55,-0.2819
NYK,COL,Tanker,Crude Oil,14086.8,22.7,500745.0,106864.0,15875.0,-932212.0,-58.7213,0.8833,1.1982,57,55.48,-0.2938
NYK,SHA,Reefer,Pharmaceuticals,11860.8,15.91,413144.0,122707.0,78116.0,-696391.0,-8.9149,0.8502,0.957,21,37.64,-0.1598
ANT,SGP,LNG_Carrier,LPG,10551.1,13.63,1003074.0,111407.0,18172.0,-1300751.0,-71.58,0.756,1.1446,61,40.21,-0.3332
HOU,LAG,LNG_Carrier,LPG,10488.9,14.37,1214493.0,94543.0,16426.0,-1508114.0,-91.8113,0.7964,0.9822,24,52.73,-0.5077
BUS,SGP,LNG_Carrier,LPG,4583.4,5.98,456322.0,98428.0,20491.0,-623915.0,-30.4477,0.8081,1.2075,47,33.34,-0.1668
NYK,JEA,Reefer,Perishables,11017.6,14.22,378808.0,115041.0,10123.0,-696955.0,-68.8504,0.8758,1.0702,38,74.02,-0.3235
SHA,CPT,LNG_Carrier,LPG,12978.3,16.65,1290365.0,88539.0,18970.0,-1609667.0,-84.8551,0.9808,0.921,22,54.3,-0.5139
SGP,LAG,Bulk_Carrier,Bauxite,11147.2,21.5,285733.0,76582.0,8015.0,-676747.0,-84.4351,0.9763,0.9122,44,47.66,-0.2013
BUS,JEA,Tanker,Chemical,7055.4,12.1,224983.0,89525.0,125066.0,-371012.0,-2.9665,0.7552,0.9742,46,80.93,-0.2174
KHI,LAG,Reefer,Refrigerated Goods,7048.8,9.2,233378.0,50955.0,12681.0,-409618.0,-32.3025,0.8929,0.9863,42,54.96,-0.1631
BUS,CPT,Reefer,Frozen Fish,13800.1,19.47,421216.0,83747.0,16988.0,-780015.0,-45.9166,0.7631,1.2368,36,74.52,-0.3331
ANT,JEA,Reefer,Refrigerated Goods,5160.9,6.51,142706.0,87920.0,14438.0,-313795.0,-21.7337,0.9489,1.0566,70,80.87,-0.1985
LAG,MUM,LNG_Carrier,LNG,7617.6,10.5,828286.0,56324.0,23617.0,-1018463.0,-43.1243,0.836,1.0762,18,85.02,-0.6135
HAM,SHA,Bulk_Carrier,Iron Ore,8527.4,14.98,221661.0,112256.0,16335.0,-542266.0,-33.1967,0.7552,1.0924,68,86.18,-0.32
COL,RTM,LNG_Carrier,LNG,8401.4,10.23,765958.0,91702.0,19314.0,-991731.0,-51.3481,0.7562,0.973,53,64.57,-0.4405
SGP,COL,Tanker,Chemical,2732.3,5.01,96235.0,75426.0,139454.0,-107345.0,-0.7698,0.8946,0.917,33,38.85,-0.0363
BUS,CPT,Container_Ship,Auto Parts,13800.1,14.9,1592339.0,84526.0,208160.0,-1692204.0,-8.1294,0.7856,0.9814,67,30.55,-0.2962
SYD,SGP,Bulk_Carrier,Iron Ore,6299.1,12.52,165970.0,94365.0,17492.0,-430621.0,-24.618,0.93,0.9499,52,74.46,-0.2393
SHA,CPT,Reefer,Pharmaceuticals,12978.3,18.07,389259.0,87089.0,88980.0,-658348.0,-7.3988,0.8705,1.0648,70,44.39,-0.1718
NYK,SYD,Container_Ship,Machinery,15985.3,19.19,2300537.0,122036.0,236937.0,-2473522.0,-10.4396,0.9951,1.2402,22,84.49,-1.0
COL,KHI,LNG_Carrier,LNG,2418.3,3.16,265295.0,44203.0,25128.0,-331811.0,-13.2046,0.7838,1.2213,48,58.12,-0.1706
RTM,LAG,Reefer,Pharmaceuticals,5056.8,6.91,155106.0,89043.0,75083.0,-272751.0,-3.6327,0.8201,0.9536,61,39.72,-0.0851
LAX,BUS,Tanker,Chemical,9637.7,18.15,364528.0,110124.0,180814.0,-566147.0,-3.1311,0.9218,1.1538,70,63.29,-0.2357
KHI,NYK,Tanker,Chemical,11689.8,21.01,430239.0,99996.0,147760.0,-697624.0,-4.7213,0.8814,0.9861,53,86.67,-0.3707
MUM,HAM,LNG_Carrier,LPG,6551.7,8.51,606846.0,86501.0,18410.0,-802650.0,-43.5993,0.7789,1.1254,36,83.52,-0.4952
HOU,TYO,Bulk_Carrier,Bauxite,10740.5,20.34,286300.0,140997.0,6400.0,-726001.0,-113.4306,0.7545,0.9426,24,77.0,-0.3538
HAM,MUM,Reefer,Pharmaceuticals,6551.7,9.23,216432.0,85343.0,102271.0,-337924.0,-3.3042,0.8843,1.2047,52,75.92,-0.1895
SYD,HAM,Bulk_Carrier,Coal,16284.4,30.58,476171.0,115192.0,27823.0,-1022220.0,-36.7404,0.8984,1.2289,59,83.62,-0.4549
ANT,KHI,Tanker,Chemical,5992.6,10.43,232706.0,80509.0,161053.0,-308538.0,-1.9158,0.9258,1.0233,37,48.6,-0.1133
LAG,BUS,Reefer,Frozen Fish,12692.5,17.46,451266.0,81219.0,20983.0,-773442.0,-36.8601,0.9854,1.183,53,37.44,-0.1718
COL,BUS,Tanker,Chemical,5911.7,10.15,190518.0,76695.0,177051.0,-242338.0,-1.3687,0.8682,1.1996,18,31.13,-0.0572
COL,SGP,Reefer,Frozen Fish,2732.3,3.92,93916.0,64407.0,20211.0,-196986.0,-9.7466,0.934,1.2022,26,82.36,-0.1414
CPT,NYK,Container_Ship,Auto Parts,12566.3,13.97,1602471.0,108989.0,203412.0,-1717592.0,-8.4439,0.7565,0.9959,31,59.71,-0.611
NYK,MUM,Tanker,Crude Oil,12555.7,22.35,446592.0,99312.0,17544.0,-863654.0,-49.2277,0.9368,1.2485,67,79.17,-0.4075
CPT,KHI,Container_Ship,Electronics,8308.9,8.75,975417.0,48292.0,276738.0,-878240.0,-3.1735,0.9484,0.9726,60,74.16,-0.4496
MUM,SHA,Container_Ship,Containers,5043.9,5.65,624521.0,87636.0,119059.0,-677856.0,-5.6934,0.9551,1.1542,19,47.91,-0.2552
SGP,COL,Reefer,Pharmaceuticals,2732.3,3.87,93338.0,64679.0,86311.0,-129768.0,-1.5035,0.9659,0.9308,22,86.23,-0.0975
SYD,HAM,Tanker,Fuel Oil,16284.4,29.15,554000.0,115088.0,91792.0,-1014505.0,-11.0523,0.9929,1.1006,29,47.65,-0.2573
CPT,MUM,Container_Ship,Machinery,8227.2,8.48,805579.0,65738.0,193741.0,-804741.0,-4.1537,0.8646,1.1671,29,88.83,-0.495
MUM,SGP,Bulk_Carrier,Bauxite,3906.7,7.48,121587.0,84449.0,9535.0,-308677.0,-32.3714,0.9834,1.0774,41,51.76,-0.1319
SYD,CPT,Bulk_Carrier,Coal,11011.7,20.12,293063.0,86336.0,23249.0,-657911.0,-28.2984,0.8945,1.0314,37,62.76,-0.259
ANT,CPT,LNG_Carrier,LPG,9566.7,12.64,920675.0,87799.0,16760.0,-1181302.0,-70.4841,0.7725,1.0331,64,46.66,-0.3635
LAG,RTM,Reefer,Frozen Fish,5056.8,6.66,147432.0,94413.0,16556.0,-325234.0,-19.6445,0.8421,1.0922,50,37.78,-0.0965
NYK,SAN,Bulk_Carrier,Grain,7737.9,14.34,238436.0,107983.0,52665.0,-508841.0,-9.6618,0.9986,1.0464,31,37.25,-0.1337
SAN,TYO,LNG_Carrier,LNG,18591.0,23.76,1681934.0,126126.0,20253.0,-2144154.0,-105.8679,0.7584,1.0173,27,81.56,-0.8727
SHA,SGP,LNG_Carrier,LNG,3810.3,5.25,409075.0,102001.0,21990.0,-567868.0,-25.8244,0.8947,0.9363,46,37.87,-0.1784
MUM,JEA,Reefer,Perishables,1954.2,2.48,60227.0,71556.0,12583.0,-156361.0,-12.4259,0.9681,1.2036,49,30.78,-0.0435
HOU,RTM,Tanker,Chemical,8072.0,13.4,267670.0,129133.0,163638.0,-434094.0,-2.6528,0.9572,1.0056,66,76.46,-0.2312
HOU,LAG,Tanker,Chemical,10488.9,18.87,380471.0,107646.0,162586.0,-608565.0,-3.743,0.8911,1.0733,57,63.49,-0.2467
COL,LAG,Container_Ship,Electronics,8435.8,9.75,1099433.0,57210.0,247932.0,-1054919.0,-4.2549,0.7669,1.0776,46,66.33,-0.4807
RTM,CPT,LNG_Carrier,LNG,9642.1,12.48,919997.0,98713.0,21704.0,-1184205.0,-54.5618,0.8956,0.9232,23,71.64,-0.5579
COL,TYO,Tanker,Fuel Oil,6846.1,12.77,270091.0,98583.0,65099.0,-495124.0,-7.6057,0.784,0.9886,37,55.25,-0.1997
HOU,ANT,Tanker,Chemical,8102.1,13.31,256888.0,128644.0,150466.0,-434706.0,-2.8891,0.8808,1.0048,42,58.07,-0.1756
LAX,LAG,Tanker,Fuel Oil,12430.0,21.49,415378.0,92240.0,76230.0,-753740.0,-9.8878,0.9899,0.9168,58,75.55,-0.3408
TYO,HOU,Container_Ship,Electronics,10740.5,11.52,1340998.0,135730.0,271600.0,-1377857.0,-5.0731,0.8422,1.075,40,88.22,-0.7693
RTM,HOU,LNG_Carrier,LPG,8072.0,9.76,760458.0,125548.0,18420.0,-1013957.0,-55.0458,0.8719,1.0061,23,45.02,-0.3179
TYO,JEA,Container_Ship,Electronics,7963.6,8.79,1036993.0,116929.0,293237.0,-992549.0,-3.3848,0.8586,1.1384,41,82.18,-0.5704
JEA,ANT,Container_Ship,Machinery,5160.9,5.74,622784.0,102147.0,206714.0,-604337.0,-2.9235,0.9337,1.1531,65,73.18,-0.3459
LAX,TYO,Container_Ship,Containers,8839.0,9.13,1092643.0,156377.0,102368.0,-1283672.0,-12.5398,0.9665,0.9808,61,39.78,-0.3457
TYO,COL,Container_Ship,Containers,6846.1,7.28,741014.0,101412.0,95237.0,-856314.0,-8.9914,0.7979,1.1052,57,69.06,-0.4318
HOU,BUS,Container_Ship,Electronics,11424.5,12.67,1395294.0,120753.0,343587.0,-1362497.0,-3.9655,0.9723,1.1779,36,66.91,-0.5639
SAN,MUM,Bulk_Carrier,Iron Ore,13740.7,25.87,397704.0,70806.0,20444.0,-836171.0,-40.9002,0.9197,1.1227,60,56.05,-0.2691
SAN,HOU,Reefer,Pharmaceuticals,7942.5,11.6,306993.0,107427.0,98280.0,-490128.0,-4.9871,0.9296,1.1012,55,64.77,-0.2222
JEA,NYK,Bulk_Carrier,Bauxite,11017.6,19.86,288661.0,117917.0,7668.0,-696784.0,-90.8747,0.8757,0.9729,56,40.98,-0.179
SGP,LAX,Reefer,Pharmaceuticals,14141.5,18.08,435725.0,107792.0,103489.0,-711293.0,-6.8731,0.9633,1.119,27,82.73,-0.3337
TYO,HAM,Tanker,Crude Oil,8979.6,16.66,359551.0,136058.0,17005.0,-728561.0,-42.8441,0.9496,1.1938,63,50.96,-0.25
RTM,COL,Container_Ship,Auto Parts,8401.4,8.81,1003773.0,81525.0,217300.0,-1000134.0,-4.6026,0.7667,1.0498,31,64.17,-0.4415
MUM,HAM,Container_Ship,Containers,6551.7,7.72,795218.0,89103.0,105295.0,-894831.0,-8.4983,0.9423,1.0346,30,32.47,-0.2146
SGP,COL,Bulk_Carrier,Bauxite,2732.3,5.2,68040.0,67675.0,9937.0,-203831.0,-20.513,0.9938,1.111,54,85.32,-0.1515
SGP,CPT,Container_Ship,Electronics,9665.9,9.91,1073280.0,68056.0,257736.0,-1032194.0,-4.0049,0.7987,1.0757,34,55.92,-0.3792
SYD,LAX,Reefer,Pharmaceuticals,12054.8,16.28,369294.0,118470.0,99027.0,-633003.0,-6.3922,0.8518,1.211,23,55.27,-0.2119
COL,LAX,Bulk_Carrier,Bauxite,15107.0,26.62,407918.0,91080.0,8278.0,-890065.0,-107.5183,0.9687,0.9495,55,50.79,-0.249
SGP,RTM,Container_Ship,Machinery,10534.9,12.62,1222108.0,112144.0,160818.0,-1362784.0,-8.4741,0.8975,0.9332,36,39.03,-0.339
SHA,SYD,Container_Ship,Containers,7881.4,8.56,807452.0,116971.0,96009.0,-956755.0,-9.9653,0.8871,1.0021,21,40.43,-0.2713
JEA,SGP,LNG_Carrier,LNG,5858.9,7.28,547245.0,75480.0,21615.0,-710377.0,-32.8648,0.8907,0.9244,52,85.22,-0.4599
COL,NYK,Tanker,Chemical,14086.8,23.96,493566.0,108447.0,190905.0,-770531.0,-4.0362,0.9342,1.2021,51,65.88,-0.2883
ANT,MUM,Tanker,Crude Oil,6885.8,11.64,232722.0,98803.0,13489.0,-492589.0,-36.5188,0.8177,1.0997,59,42.56,-0.1528
COL,KHI,Container_Ship,Auto Parts,2418.3,2.87,291452.0,48039.0,289303.0,-93286.0,-0.3225,0.9048,1.1843,70,58.74,-0.0485
SAN,RTM,Tanker,Fuel Oil,9775.5,17.96,408939.0,98178.0,92619.0,-683961.0,-7.3847,0.8891,1.2401,70,87.91,-0.3936
NYK,BUS,Container_Ship,Containers,11254.3,11.99,1339609.0,125041.0,96815.0,-1547640.0,-15.9855,0.9572,0.9365,25,44.49,-0.4283
SHA,TYO,Reefer,Perishables,1754.3,2.25,57875.0,125212.0,9671.0,-207129.0,-21.4179,0.7654,1.1698,19,48.67,-0.0921
NYK,CPT,Reefer,Pharmaceuticals,12566.3,16.65,431739.0,96592.0,84732.0,-693281.0,-8.1821,0.759,1.1629,52,52.63,-0.2174
SAN,NYK,Reefer,Perishables,7737.9,9.84,213314.0,99294.0,10280.0,-449986.0,-43.771,0.8806,1.081,28,30.21,-0.0959
TYO,RTM,Reefer,Pharmaceuticals,9345.2,12.91,333885.0,128000.0,76534.0,-579040.0,-7.5658,0.8512,0.9366,27,55.66,-0.2142
SAN,ANT,LNG_Carrier,LNG,9716.8,12.08,984027.0,100419.0,27566.0,-1238032.0,-44.9119,0.9689,1.0839,43,41.87,-0.34
SAN,LAG,LNG_Carrier,LNG,6362.4,7.61,603821.0,70003.0,18707.0,-769271.0,-41.1229,0.7875,0.905,29,60.86,-0.3484
SHA,BUS,Bulk_Carrier,Bauxite,832.1,1.58,23854.0,99193.0,9661.0,-137052.0,-14.1857,0.8734,1.2291,20,46.74,-0.0613
BUS,HOU,Container_Ship,Machinery,11424.5,12.58,1215476.0,116794.0,207755.0,-1313154.0,-6.3207,0.8989,1.2038,57,70.86,-0.5755
JEA,RTM,Tanker,Chemical,5176.2,9.78,203526.0,95816.0,157743.0,-288261.0,-1.8274,0.9534,0.9732,51,85.62,-0.1929
BUS,RTM,Reefer,Frozen Fish,8936.6,11.34,237732.0,107117.0,18700.0,-496218.0,-26.536,0.9992,1.0397,36,85.52,-0.2862
RTM,KHI,LNG_Carrier,LPG,5993.9,8.01,560082.0,77668.0,17919.0,-739910.0,-41.2925,0.8574,0.9952,32,73.38,-0.4102
ANT,BUS,Container_Ship,Auto Parts,8997.1,10.67,1092180.0,103422.0,260759.0,-1094916.0,-4.199,0.8659,1.1153,21,82.12,-0.6051
COL,BUS,LNG_Carrier,LNG,5911.7,7.65,649112.0,78480.0,23714.0,-818702.0,-34.5246,0.9366,0.9645,31,78.38,-0.4864
RTM,MUM,LNG_Carrier,LPG,6887.0,8.65,640344.0,101466.0,18801.0,-852779.0,-45.3586,0.9164,0.9769,49,50.97,-0.3168
TYO,ANT,LNG_Carrier,LNG,9411.9,11.44,916843.0,131978.0,19989.0,-1200389.0,-60.0512,0.8243,0.9238,29,74.66,-0.5942
SGP,ANT,LNG_Carrier,LNG,10551.1,13.9,1108167.0,94966.0,28741.0,-1382933.0,-48.1174,0.8804,1.2436,67,36.09,-0.3179
CPT,BUS,Tanker,Crude Oil,13800.1,23.95,508680.0,76928.0,17281.0,-927618.0,-53.6781,0.9554,1.2059,35,39.48,-0.2099
MUM,HAM,Container_Ship,Containers,6551.7,7.43,829730.0,91866.0,95972.0,-937116.0,-9.7644,0.7947,1.1182,43,40.61,-0.2811
RTM,LAG,Container_Ship,Auto Parts,5056.8,5.76,668582.0,87194.0,225413.0,-616835.0,-2.7365,0.8908,0.9372,41,83.89,-0.4065
BUS,LAG,Tanker,Crude Oil,12692.5,22.49,460086.0,82877.0,17647.0,-862654.0,-48.8836,0.9433,1.2472,37,45.6,-0.2334
MUM,LAX,Reefer,Frozen Fish,14043.2,19.2,462062.0,99129.0,20738.0,-828420.0,-39.9465,0.9692,1.1888,51,80.41,-0.3789
TYO,MUM,Container_Ship,Auto Parts,6733.0,7.25,705104.0,108244.0,266764.0,-655380.0,-2.4568,0.9547,1.0349,28,63.49,-0.3052
MUM,HAM,Bulk_Carrier,Bauxite,6551.7,12.63,173815.0,97680.0,7774.0,-453244.0,-58.3024,0.8912,0.9693,34,56.02,-0.1876
SYD,LAX,LNG_Carrier,LNG,12054.8,14.95,1210685.0,111823.0,28440.0,-1518280.0,-53.3853,0.9301,1.1648,49,40.96,-0.3767
KHI,TYO,LNG_Carrier,LNG,6926.4,9.63,757742.0,92984.0,25188.0,-970055.0,-38.5122,0.998,0.9615,41,43.49,-0.3071
HAM,LAX,Reefer,Refrigerated Goods,9100.3,12.54,296851.0,125403.0,11427.0,-598946.0,-52.4168,0.8252,0.9616,29,51.6,-0.2072
MUM,SAN,Bulk_Carrier,Grain,13740.7,24.82,366591.0,72865.0,41785.0,-769922.0,-18.4259,0.8702,0.9528,46,37.58,-0.1661
LAG,LAX,Container_Ship,Auto Parts,12430.0,13.52,1586217.0,88280.0,281246.0,-1595997.0,-5.6747,0.8565,1.2162,23,39.12,-0.3736
TYO,SHA,Reefer,Frozen Fish,1754.3,2.43,54532.0,147824.0,17785.0,-220962.0,-12.4239,0.9037,1.0934,71,34.54,-0.0697
TYO,SHA,Tanker,Crude Oil,1754.3,2.85,59326.0,131734.0,13886.0,-219902.0,-15.8358,0.9668,0.9575,39,88.86,-0.1785
SGP,COL,Tanker,Crude Oil,2732.3,4.73,88529.0,70705.0,10674.0,-219463.0,-20.56,0.7663,0.9286,22,79.34,-0.1517
NYK,BUS,LNG_Carrier,LPG,11254.3,13.39,1007120.0,117538.0,17336.0,-1308160.0,-75.4589,0.8593,0.9607,24,34.11,-0.2776
SHA,RTM,Container_Ship,Containers,8927.2,9.4,1096893.0,119656.0,99091.0,-1258477.0,-12.7003,0.8816,1.0408,32,53.93,-0.4579
COL,MUM,Container_Ship,Electronics,1535.0,1.79,186399.0,62090.0,284170.0,8874.0,0.0312,0.8205,1.1544,55,74.41,0.0061
TYO,JEA,LNG_Carrier,LNG,7963.6,10.9,859524.0,121315.0,19314.0,-1124979.0,-58.2465,0.7897,0.9317,36,66.03,-0.5194
HAM,HOU,Bulk_Carrier,Grain,8306.0,15.86,262657.0,122264.0,43599.0,-579214.0,-13.2849,0.7813,1.1073,49,81.46,-0.3257
SYD,SHA,Reefer,Frozen Fish,7881.4,10.16,217834.0,110735.0,18508.0,-462491.0,-24.9882,0.9773,1.0522,64,77.13,-0.2502
HAM,MUM,Bulk_Carrier,Grain,6551.7,12.05,159919.0,92059.0,38337.0,-394417.0,-10.2881,0.7744,0.9822,31,68.88,-0.2007
BUS,LAX,Tanker,Crude Oil,9637.7,16.37,336081.0,114574.0,12172.0,-684033.0,-56.195,0.755,1.0748,54,58.83,-0.2647
JEA,HOU,Tanker,Crude Oil,13157.3,24.08,466640.0,99933.0,14803.0,-912936.0,-61.6718,0.8276,1.1925,41,51.16,-0.2731
HAM,BUS,Container_Ship,Machinery,8550.1,8.89,851019.0,114822.0,183499.0,-915656.0,-4.99,0.8769,1.0899,27,67.07,-0.4201
SGP,BUS,Bulk_Carrier,Coal,4583.4,8.13,118553.0,97282.0,23350.0,-314470.0,-13.4677,0.8785,1.0548,34,32.85,-0.0828
ANT,SYD,Reefer,Frozen Fish,16725.3,21.65,539207.0,107164.0,15523.0,-955524.0,-61.5558,0.94,0.9174,38,37.22,-0.1869
HAM,CPT,Bulk_Carrier,Grain,9764.5,19.17,275679.0,84978.0,51295.0,-596887.0,-11.6364,0.8808,1.1554,39,43.31,-0.1693
NYK,RTM,LNG_Carrier,LPG,5858.2,8.09,608715.0,128300.0,21316.0,-837053.0,-39.2679,0.9441,1.0751,41,39.99,-0.2543
HAM,SYD,Reefer,Frozen Fish,16284.4,23.85,632275.0,107276.0,17604.0,-1079654.0,-61.3316,0.8465,1.1553,43,80.39,-0.4618
CPT,JEA,Bulk_Carrier,Grain,7606.3,14.72,240599.0,67169.0,49376.0,-479201.0,-9.7052,0.7917,1.2374,66,82.31,-0.2796
SAN,HOU,Container_Ship,Containers,7942.5,8.41,841767.0,112578.0,106221.0,-974231.0,-9.1717,0.8842,1.1124,29,35.21,-0.2401
ANT,SHA,Container_Ship,Machinery,8980.7,9.76,1101597.0,111371.0,148557.0,-1210876.0,-8.1509,0.8023,0.9645,59,81.27,-0.6627
TYO,LAX,LNG_Carrier,LNG,8839.0,10.94,881335.0,154325.0,22314.0,-1177413.0,-52.7645,0.8417,1.01,64,40.44,-0.3223
BUS,SGP,Tanker,Chemical,4583.4,8.47,178552.0,86279.0,121249.0,-270675.0,-2.2324,0.7666,0.9304,33,35.3,-0.0766
COL,MUM,LNG_Carrier,LPG,1535.0,1.83,129957.0,53721.0,22201.0,-188954.0,-8.5112,0.939,1.1259,67,41.93,-0.0732
CPT,HAM,LNG_Carrier,LPG,9764.5,11.59,845585.0,88139.0,18495.0,-1089024.0,-58.8808,0.8072,1.0911,62,31.99,-0.2281
LAX,HOU,Container_Ship,Electronics,2204.4,2.45,273447.0,125974.0,268543.0,-167648.0,-0.6243,0.93,0.9625,52,51.84,-0.0777
LAG,HAM,Bulk_Carrier,Bauxite,5272.3,10.47,167565.0,83821.0,10180.0,-398269.0,-39.1234,0.9426,1.2,42,41.23,-0.1278
SHA,SYD,Container_Ship,Machinery,7881.4,8.26,941861.0,123775.0,182948.0,-1006619.0,-5.5022,0.7633,1.2483,19,55.54,-0.3922
SGP,TYO,Bulk_Carrier,Coal,5314.4,10.15,169124.0,131863.0,20881.0,-432385.0,-20.7068,0.8673,0.9554,18,87.33,-0.2934
BUS,LAG,Tanker,Chemical,12692.5,23.11,538231.0,73634.0,130898.0,-827657.0,-6.3229,0.7635,1.0084,70,80.42,-0.3949
SGP,TYO,Container_Ship,Electronics,5314.4,6.14,585782.0,135528.0,274637.0,-538728.0,-1.9616,0.9509,0.9627,54,86.0,-0.36
BUS,SYD,Bulk_Carrier,Coal,8015.7,14.82,198949.0,112811.0,26094.0,-508005.0,-19.4682,0.8976,1.1536,66,54.44,-0.193
LAG,COL,Bulk_Carrier,Coal,8435.8,16.05,242533.0,53210.0,23781.0,-512722.0,-21.5606,0.8625,1.0941,40,31.46,-0.1108
TYO,CPT,Bulk_Carrier,Coal,14727.6,26.33,413390.0,107370.0,21521.0,-894186.0,-41.5497,0.8907,0.9588,65,79.9,-0.398
RTM,COL,Reefer,Perishables,8401.4,11.0,293455.0,87426.0,8843.0,-537059.0,-60.7328,0.7567,1.082,67,40.77,-0.1506
COL,NYK,Container_Ship,Electronics,14086.8,15.57,1804509.0,108812.0,270335.0,-1876591.0,-6.9417,0.8009,1.1251,21,85.33,-0.9095
KHI,SHA,LNG_Carrier,LNG,5340.0,7.22,613077.0,82358.0,22917.0,-780770.0,-34.0688,0.7843,1.1131,63,63.97,-0.3877
JEA,NYK,Reefer,Refrigerated Goods,11017.6,13.82,334065.0,112800.0,16822.0,-637315.0,-37.8859,0.9448,1.2365,57,82.94,-0.3314
JEA,SHA,Bulk_Carrier,Iron Ore,6458.3,12.68,204274.0,87113.0,20776.0,-460860.0,-22.1819,0.853,1.2302,61,83.13,-0.2841
LAG,SHA,Container_Ship,Machinery,12229.8,13.98,1541659.0,82597.0,227100.0,-1606903.0,-7.0758,0.978,1.2094,46,54.52,-0.5277
BUS,CPT,Bulk_Carrier,Iron Ore,13800.1,25.37,415047.0,70939.0,19083.0,-847494.0,-44.4113,0.9982,0.9655,40,69.86,-0.3393
SAN,MUM,Container_Ship,Containers,13740.7,14.29,1623507.0,73387.0,93682.0,-1817564.0,-19.4014,0.8505,1.0199,68,47.04,-0.4908
HOU,LAG,Tanker,Crude Oil,10488.9,16.92,316893.0,105611.0,13204.0,-663130.0,-50.2218,0.8285,1.0625,50,34.76,-0.1472
CPT,SGP,LNG_Carrier,LPG,9665.9,13.21,1127721.0,68066.0,20587.0,-1373290.0,-66.7061,0.9515,1.0303,50,86.07,-0.7766
MUM,BUS,Reefer,Perishables,5775.4,7.54,172568.0,85869.0,8968.0,-362601.0,-40.4325,0.8096,1.0257,37,70.32,-0.1944
HOU,RTM,Bulk_Carrier,Bauxite,8072.0,15.47,225759.0,132331.0,8380.0,-581731.0,-69.4187,0.8742,1.0651,54,65.97,-0.2673
RTM,SGP,LNG_Carrier,LPG,10534.9,12.69,991631.0,116477.0,15449.0,-1283024.0,-83.0472,0.7769,0.947,25,66.49,-0.5438
ANT,HOU,Bulk_Carrier,Grain,8102.1,15.19,232563.0,122938.0,60631.0,-522683.0,-8.6208,0.9821,1.2249,22,79.0,-0.2873
TYO,LAG,Reefer,Perishables,13474.1,18.19,408178.0,111443.0,10434.0,-782024.0,-74.9523,0.8973,1.0766,56,60.55,-0.2741
LAG,COL,Container_Ship,Machinery,8435.8,9.31,1050773.0,52240.0,192558.0,-1050050.0,-5.4532,0.9485,1.0574,24,86.39,-0.6232
CPT,ANT,Reefer,Pharmaceuticals,9566.7,13.81,322376.0,82280.0,109316.0,-502507.0,-4.5968,0.9482,1.201,44,80.21,-0.2658
NYK,RTM,LNG_Carrier,LNG,5858.2,7.42,632694.0,136840.0,26222.0,-854613.0,-32.5912,0.9338,1.0697,33,69.94,-0.4541
BUS,COL,LNG_Carrier,LNG,5911.7,7.84,619566.0,75625.0,25772.0,-786998.0,-30.537,0.8418,1.1663,44,72.71,-0.4337
SGP,CPT,Container_Ship,Auto Parts,9665.9,9.93,1062923.0,76637.0,246020.0,-1042462.0,-4.2373,0.7728,1.179,23,44.11,-0.3021
SAN,TYO,Reefer,Refrigerated Goods,18591.0,26.07,597703.0,112464.0,13015.0,-1088240.0,-83.6158,0.8735,1.0347,26,66.87,-0.3631
SYD,CPT,LNG_Carrier,LNG,11011.7,14.13,964097.0,85832.0,21515.0,-1240331.0,-57.6495,0.8148,1.0059,35,54.29,-0.4223
SGP,COL,Reefer,Pharmaceuticals,2732.3,3.49,91400.0,67073.0,95796.0,-115057.0,-1.2011,0.8106,1.231,66,73.87,-0.0741
RTM,KHI,LNG_Carrier,LPG,5993.9,7.76,644265.0,84388.0,19037.0,-825987.0,-43.388,0.9651,0.9393,63,55.51,-0.3464
SYD,LAG,Reefer,Pharmaceuticals,15517.5,21.31,539176.0,85949.0,83634.0,-861113.0,-10.2962,0.8159,1.0678,38,67.57,-0.3166
MUM,BUS,Bulk_Carrier,Iron Ore,5775.4,10.18,141597.0,78977.0,18980.0,-354329.0,-18.6687,0.8625,1.1114,36,42.63,-0.1151
LAG,SYD,Tanker,Fuel Oil,15517.5,25.12,552958.0,91654.0,76629.0,-944799.0,-12.3295,0.8035,1.1353,57,77.0,-0.3959
KHI,CPT,Reefer,Refrigerated Goods,8308.9,10.45,273202.0,53934.0,12268.0,-471558.0,-38.4378,0.8667,0.983,32,71.69,-0.2333
MUM,COL,Reefer,Refrigerated Goods,1535.0,2.04,48273.0,51601.0,13765.0,-116667.0,-8.4755,0.9623,0.9934,64,89.27,-0.0962
LAX,HAM,Reefer,Perishables,9100.3,13.05,289437.0,132464.0,8437.0,-609286.0,-72.2195,0.8279,0.9435,63,72.03,-0.2943
SHA,HOU,Tanker,Chemical,12195.4,21.74,494342.0,123601.0,135120.0,-808889.0,-5.9864,0.8696,0.914,41,37.37,-0.1823
JEA,NYK,LNG_Carrier,LNG,11017.6,13.08,1063000.0,117801.0,25136.0,-1351860.0,-53.7823,0.9355,1.0236,59,69.01,-0.5849
RTM,HOU,Reefer,Perishables,8072.0,10.12,258462.0,129919.0,8675.0,-531474.0,-61.2677,0.844,0.9516,18,40.52,-0.15
CPT,COL,Bulk_Carrier,Coal,7888.4,15.26,225197.0,48431.0,21903.0,-480699.0,-21.947,0.8494,1.0233,45,40.4,-0.1362
NYK,ANT,Container_Ship,Containers,5881.5,6.22,708741.0,139944.0,113371.0,-828652.0,-7.3092,0.949,1.1062,36,41.14,-0.2587
MUM,HAM,Bulk_Carrier,Iron Ore,6551.7,12.0,184965.0,93725.0,17805.0,-440818.0,-24.758,0.8006,1.1233,49,73.19,-0.2383
TYO,SGP,LNG_Carrier,LPG,5314.4,6.31,489674.0,131128.0,22664.0,-692740.0,-30.5652,0.992,1.0879,23,54.45,-0.2931
RTM,COL,Reefer,Pharmaceuticals,8401.4,11.69,290414.0,91538.0,88148.0,-469173.0,-5.3226,0.9154,1.003,28,31.18,-0.1006
HAM,SAN,Container_Ship,Electronics,10166.5,11.98,1189972.0,87934.0,302005.0,-1155552.0,-3.8263,0.9931,1.0137,18,60.03,-0.4478
KHI,SGP,LNG_Carrier,LNG,4744.0,6.59,558164.0,65241.0,23759.0,-698443.0,-29.3975,0.8558,1.0576,35,57.99,-0.3224
HAM,TYO,Bulk_Carrier,Grain,8979.6,16.86,243412.0,148623.0,49648.0,-595225.0,-11.9888,0.8067,1.2212,43,35.39,-0.1419
JEA,MUM,Container_Ship,Machinery,1954.2,2.08,198247.0,76780.0,161905.0,-144308.0,-0.8913,0.7658,1.1011,20,52.36,-0.0683
CPT,HAM,LNG_Carrier,LNG,9764.5,13.57,936662.0,86228.0,24220.0,-1202216.0,-49.6367,0.9573,0.9638,50,37.86,-0.298
LAG,JEA,LNG_Carrier,LPG,5856.7,7.27,525658.0,66929.0,14887.0,-686824.0,-46.137,0.7622,0.9301,51,54.75,-0.2857
SAN,JEA,Bulk_Carrier,Iron Ore,12181.9,22.38,343517.0,68454.0,18096.0,-729635.0,-40.32,0.7834,1.1666,60,78.21,-0.3442
LAX,LAG,Container_Ship,Machinery,12430.0,12.96,1286138.0,87188.0,183951.0,-1383702.0,-7.5221,0.9528,1.0055,48,76.38,-0.6324
LAX,JEA,Tanker,Chemical,13447.6,23.78,520038.0,107026.0,122646.0,-861055.0,-7.0207,0.8015,0.9001,49,81.94,-0.4087
SGP,RTM,Bulk_Carrier,Iron Ore,10534.9,20.47,290106.0,96733.0,15856.0,-678040.0,-42.7614,0.8614,0.9297,65,36.9,-0.1595
HAM,LAX,Reefer,Perishables,9100.3,11.68,301108.0,132903.0,11218.0,-598009.0,-53.3103,0.9893,1.0499,47,72.68,-0.2914
HAM,TYO,Container_Ship,Containers,8979.6,9.51,1022219.0,146619.0,119523.0,-1192012.0,-9.9731,0.9051,1.2227,21,62.37,-0.5007
CPT,HAM,Container_Ship,Containers,9764.5,11.04,1133432.0,94686.0,79361.0,-1314379.0,-16.5619,0.7686,0.956,33,54.93,-0.4728
BUS,SHA,Tanker,Chemical,832.1,1.35,25126.0,99443.0,145312.0,513.0,0.0035,0.9202,0.9289,69,86.29,0.0004
HOU,HAM,Bulk_Carrier,Grain,8306.0,16.58,265120.0,128506.0,48999.0,-593330.0,-12.1091,0.7801,1.2463,26,77.73,-0.3184
SAN,RTM,Tanker,Crude Oil,9775.5,18.28,368856.0,91969.0,16663.0,-718296.0,-43.1078,0.99,1.1221,69,56.81,-0.2671
SHA,SGP,Tanker,Fuel Oil,3810.3,6.34,134135.0,91786.0,65635.0,-255427.0,-3.8917,0.7986,0.9785,53,55.58,-0.1177
LAX,LAG,Tanker,Fuel Oil,12430.0,22.38,488996.0,92895.0,95219.0,-822306.0,-8.636,0.9334,1.2144,69,45.49,-0.2238
TYO,RTM,Bulk_Carrier,Coal,9345.2,16.49,218303.0,134508.0,25255.0,-574902.0,-22.7641,0.8716,1.1498,59,34.85,-0.1332
HOU,HAM,Tanker,Crude Oil,8306.0,15.35,339811.0,141823.0,14939.0,-696928.0,-46.65,0.832,1.197,61,58.51,-0.2815
ANT,SGP,LNG_Carrier,LNG,10551.1,14.18,1056448.0,92781.0,23979.0,-1337936.0,-55.7971,0.9707,0.9411,37,40.04,-0.3413
SGP,CPT,Bulk_Carrier,Bauxite,9665.9,17.03,230057.0,72358.0,8500.0,-549352.0,-64.63,0.9937,0.9505,25,77.94,-0.2813
HAM,TYO,Bulk_Carrier,Grain,8979.6,17.03,283537.0,151360.0,40820.0,-649458.0,-15.9104,0.8828,0.9175,18,32.45,-0.1419
MUM,LAX,Container_Ship,Electronics,14043.2,15.12,1647011.0,104196.0,294723.0,-1683308.0,-5.7115,0.8727,1.1257,63,35.66,-0.3414
LAX,NYK,Container_Ship,Machinery,3948.9,4.31,450544.0,128312.0,141411.0,-502147.0,-3.551,0.7884,0.9342,21,79.55,-0.3293
SHA,SYD,LNG_Carrier,LNG,7881.4,10.68,811186.0,124276.0,27469.0,-1068196.0,-38.888,0.9776,1.0704,33,57.95,-0.4342
SAN,RTM,Bulk_Carrier,Iron Ore,9775.5,19.31,311696.0,99311.0,21029.0,-679651.0,-32.3199,0.9513,1.1164,69,70.59,-0.314
SAN,KHI,Tanker,Chemical,13337.2,23.33,487559.0,62632.0,146974.0,-753151.0,-5.1244,0.9011,0.9594,60,36.7,-0.1607
KHI,ANT,Tanker,Chemical,5992.6,10.73,210594.0,82601.0,176457.0,-277745.0,-1.574,0.8883,1.1685,70,76.91,-0.1614
MUM,HOU,LNG_Carrier,LPG,14456.2,17.5,1221696.0,105604.0,17026.0,-1572774.0,-92.3772,0.8114,0.9992,21,64.71,-0.5716
TYO,LAX,Reefer,Refrigerated Goods,8839.0,11.28,253450.0,149027.0,15874.0,-555749.0,-35.0107,0.9492,1.1613,64,81.02,-0.3048
LAX,KHI,Reefer,Refrigerated Goods,13476.2,18.84,403797.0,92111.0,16742.0,-761717.0,-45.4962,0.9425,1.2336,44,65.88,-0.2905
NYK,LAX,LNG_Carrier,LNG,3948.9,5.02,368392.0,151550.0,31920.0,-563393.0,-17.6501,0.985,1.2345,34,73.42,-0.3409
LAG,SAN,Reefer,Perishables,6362.4,9.01,235258.0,66519.0,10465.0,-426518.0,-40.7578,0.8279,1.1704,33,76.73,-0.2436
CPT,SGP,LNG_Carrier,LNG,9665.9,12.96,1117852.0,77365.0,25924.0,-1363689.0,-52.6028,0.8051,1.2266,65,50.6,-0.4534
LAX,MUM,Reefer,Frozen Fish,14043.2,18.38,457265.0,92049.0,17757.0,-807246.0,-45.4609,0.936,1.054,23,55.39,-0.2543
SAN,HAM,Bulk_Carrier,Bauxite,10166.5,19.24,314659.0,98575.0,7443.0,-694326.0,-93.289,0.8822,0.9374,69,74.03,-0.3318
CPT,JEA,Bulk_Carrier,Coal,7606.3,14.09,225719.0,66191.0,30874.0,-472432.0,-15.302,0.9865,1.2419,50,60.86,-0.2038
LAG,LAX,Bulk_Carrier,Grain,12430.0,22.01,318621.0,96135.0,52730.0,-692230.0,-13.1278,0.8534,1.226,45,55.08,-0.2282
TYO,KHI,Tanker,Fuel Oil,6926.4,11.81,244198.0,92701.0,72974.0,-441067.0,-6.0441,0.9326,0.9316,48,41.6,-0.1335
SGP,RTM,Container_Ship,Electronics,10534.9,11.9,1247602.0,99184.0,267951.0,-1257396.0,-4.6926,0.933,0.9573,28,82.93,-0.6647
BUS,RTM,Bulk_Carrier,Grain,8936.6,15.7,224476.0,119656.0,42204.0,-537462.0,-12.7349,0.8686,0.964,55,81.35,-0.2949
SAN,JEA,LNG_Carrier,LPG,12181.9,15.21,1185894.0,77388.0,23349.0,-1468107.0,-62.8756,0.8998,1.2357,63,75.83,-0.6715
LAX,ANT,Bulk_Carrier,Coal,9036.9,18.17,259669.0,116888.0,25364.0,-623692.0,-24.5894,0.9006,1.1177,53,71.21,-0.2985
KHI,NYK,Container_Ship,Electronics,11689.8,12.05,1300654.0,99772.0,340656.0,-1240530.0,-3.6416,0.9351,1.2143,18,77.95,-0.5928
JEA,BUS,Reefer,Refrigerated Goods,7055.4,9.07,213933.0,90047.0,17236.0,-422850.0,-24.5329,0.9947,1.2033,53,67.49,-0.2067
SAN,NYK,LNG_Carrier,LPG,7737.9,9.24,651650.0,112711.0,16607.0,-886407.0,-53.3744,0.7618,1.0381,31,49.12,-0.3071
NYK,COL,Bulk_Carrier,Coal,14086.8,25.43,363187.0,92839.0,23897.0,-813593.0,-34.0459,0.9403,1.0085,68,39.35,-0.1818
ANT,COL,Reefer,Frozen Fish,8396.7,11.53,297005.0,86803.0,19371.0,-537454.0,-27.7446,0.9112,1.1811,68,69.44,-0.2568
SGP,HAM,Reefer,Pharmaceuticals,10154.8,14.4,353229.0,99920.0,82547.0,-586555.0,-7.1057,0.8081,1.0641,70,57.67,-0.2185
HOU,RTM,LNG_Carrier,LNG,8072.0,10.34,751819.0,138985.0,21322.0,-1024641.0,-48.0564,0.7807,1.0404,28,50.96,-0.3636
SGP,SHA,Container_Ship,Containers,3810.3,4.29,490608.0,100393.0,98692.0,-556598.0,-5.6397,0.8345,1.0951,70,52.28,-0.2413
SYD,RTM,LNG_Carrier,LNG,16689.6,22.65,1727439.0,108233.0,26553.0,-2148932.0,-80.9296,0.8241,1.2275,64,33.96,-0.3838
SAN,KHI,Bulk_Carrier,Coal,13337.2,23.94,365491.0,58856.0,20799.0,-762663.0,-36.6685,0.7573,1.0898,60,55.75,-0.2472
NYK,MUM,Reefer,Perishables,12555.7,16.05,350005.0,114295.0,10380.0,-694696.0,-66.9239,0.9341,1.029,18,39.37,-0.163
LAG,RTM,LNG_Carrier,LPG,5056.8,6.18,499473.0,90237.0,19597.0,-662810.0,-33.8214,0.8044,1.1601,52,64.98,-0.3383
SAN,LAG,Reefer,Frozen Fish,6362.4,8.4,188642.0,61277.0,14993.0,-360982.0,-24.0769,0.8233,1.0118,70,79.32,-0.2131
KHI,RTM,Container_Ship,Containers,5993.9,6.69,720945.0,80812.0,108255.0,-793913.0,-7.3337,0.865,1.1588,70,64.68,-0.388
CPT,SGP,Container_Ship,Containers,9665.9,9.97,1185642.0,65870.0,109973.0,-1291081.0,-11.74,0.8815,1.1551,40,43.5,-0.369
LAG,TYO,Reefer,Frozen Fish,13474.1,18.31,407664.0,107922.0,19365.0,-770835.0,-39.8057,0.9844,1.0929,43,59.05,-0.2635
SHA,HOU,Bulk_Carrier,Coal,12195.4,24.25,397260.0,124117.0,23279.0,-861808.0,-37.0209,0.8757,1.0549,34,42.48,-0.2208
SGP,ANT,Tanker,Fuel Oil,10551.1,19.47,359356.0,108076.0,71090.0,-688335.0,-9.6826,0.7623,1.1102,28,55.53,-0.2435
SGP,JEA,Tanker,Fuel Oil,5858.9,10.87,228448.0,87764.0,94347.0,-384854.0,-4.0791,0.9125,1.2308,32,66.87,-0.1955
LAX,TYO,LNG_Carrier,LNG,8839.0,11.43,873824.0,132484.0,23424.0,-1154331.0,-49.2795,0.8457,1.0552,67,33.44,-0.2613
KHI,TYO,Tanker,Fuel Oil,6926.4,12.7,290348.0,98793.0,72674.0,-507042.0,-6.9769,0.9144,0.9461,27,64.15,-0.2367
SAN,MUM,Bulk_Carrier,Bauxite,13740.7,25.67,361712.0,67459.0,7291.0,-806927.0,-110.6758,0.7876,1.0285,50,61.87,-0.2866
LAG,HAM,Tanker,Chemical,5272.3,8.54,172918.0,95522.0,145503.0,-250963.0,-1.7248,0.8874,0.9645,68,32.0,-0.0625
RTM,MUM,Reefer,Frozen Fish,6887.0,8.65,223884.0,87825.0,14807.0,-426667.0,-28.8145,0.7674,1.072,50,87.43,-0.2719
SHA,SAN,LNG_Carrier,LPG,18568.6,22.46,1919540.0,95117.0,21535.0,-2329956.0,-108.1944,0.9863,1.0397,65,32.59,-0.3791
KHI,ANT,Bulk_Carrier,Bauxite,5992.6,11.68,160852.0,82323.0,8774.0,-409601.0,-46.6816,0.9693,1.0058,41,82.02,-0.2538
JEA,RTM,Tanker,Fuel Oil,5176.2,8.94,183601.0,90115.0,75596.0,-332249.0,-4.3951,0.9152,0.9833,23,57.49,-0.1493
LAG,SYD,Bulk_Carrier,Bauxite,15517.5,29.65,455984.0,91678.0,9028.0,-983365.0,-108.9297,0.8207,1.2222,64,56.71,-0.3034
COL,RTM,Reefer,Pharmaceuticals,8401.4,11.86,302548.0,94391.0,89236.0,-485558.0,-5.4413,0.9142,1.0168,30,60.63,-0.2025
TYO,BUS,Tanker,Fuel Oil,959.3,1.78,37440.0,119256.0,87466.0,-95961.0,-1.0971,0.9872,1.0548,60,84.19,-0.0768
RTM,LAX,Bulk_Carrier,Iron Ore,8985.5,16.66,254807.0,132440.0,16446.0,-620653.0,-37.7397,0.7788,1.0665,26,68.39,-0.2858
MUM,HOU,Container_Ship,Containers,14456.2,15.34,1611690.0,105622.0,126061.0,-1821303.0,-14.4478,0.958,1.2184,47,36.98,-0.3782
MUM,SGP,LNG_Carrier,LPG,3906.7,5.29,385017.0,81837.0,25148.0,-521044.0,-20.719,0.9882,1.2118,53,48.12,-0.207
BUS,SHA,LNG_Carrier,LNG,832.1,1.06,78927.0,106649.0,23414.0,-178011.0,-7.6027,0.8241,1.0824,34,72.64,-0.1238
SYD,BUS,Bulk_Carrier,Bauxite,8015.7,14.13,205529.0,113561.0,9009.0,-521986.0,-57.9436,0.9397,1.0652,56,72.41,-0.2638
HAM,COL,Bulk_Carrier,Iron Ore,8074.9,14.8,196527.0,79329.0,16265.0,-481640.0,-29.6119,0.852,0.9642,22,86.3,-0.2895
NYK,CPT,Reefer,Perishables,12566.3,16.43,420514.0,97918.0,10134.0,-754721.0,-74.4734,0.9132,1.0276,34,48.13,-0.2164
JEA,KHI,Reefer,Frozen Fish,1207.1,1.75,40555.0,64152.0,19444.0,-111575.0,-5.7383,0.9855,1.0961,62,76.46,-0.0801
MUM,BUS,Reefer,Refrigerated Goods,5775.4,8.35,217046.0,84971.0,16212.0,-411107.0,-25.3577,0.9368,1.2018,41,72.33,-0.2267
SGP,MUM,Reefer,Perishables,3906.7,5.66,142308.0,83296.0,11225.0,-299339.0,-26.6682,0.8956,1.1604,18,30.15,-0.0745
HOU,SYD,Container_Ship,Containers,13818.5,15.21,1477299.0,139125.0,114773.0,-1729827.0,-15.0717,0.973,1.0922,37,79.25,-0.7851
RTM,SYD,Tanker,Crude Oil,16689.6,31.34,731164.0,108942.0,16050.0,-1294140.0,-80.6301,0.8756,1.222,29,69.79,-0.4751
COL,SGP,Reefer,Perishables,2732.3,3.76,97839.0,68683.0,10608.0,-212266.0,-20.0108,0.8208,1.1966,34,62.98,-0.1165
HAM,JEA,LNG_Carrier,LPG,4892.2,5.86,498337.0,93817.0,18415.0,-661701.0,-35.9332,0.8825,0.9937,29,72.26,-0.3783
HOU,COL,Reefer,Frozen Fish,15903.9,20.84,537675.0,101175.0,17888.0,-933586.0,-52.1903,0.9583,1.037,26,38.81,-0.1949
SHA,LAX,LNG_Carrier,LPG,10457.0,12.72,885940.0,130009.0,17496.0,-1189243.0,-67.9733,0.7713,1.0802,23,55.11,-0.4188
NYK,HOU,LNG_Carrier,LPG,2277.1,3.16,263893.0,133345.0,16699.0,-427865.0,-25.6222,0.8128,0.9783,27,52.17,-0.1988
RTM,SAN,Container_Ship,Containers,9775.5,10.11,1029825.0,91016.0,108045.0,-1164502.0,-10.778,0.8215,1.2177,35,80.2,-0.6113
LAX,SAN,Container_Ship,Auto Parts,9942.3,11.08,1104894.0,94237.0,300446.0,-1064840.0,-3.5442,0.9672,1.1505,23,69.25,-0.4798
TYO,LAX,Tanker,Chemical,8839.0,15.73,301023.0,132673.0,159089.0,-510611.0,-3.2096,0.752,1.2445,66,89.98,-0.311
COL,LAG,Tanker,Chemical,8435.8,14.79,338371.0,53699.0,177729.0,-436232.0,-2.4545,0.9356,1.1175,66,42.56,-0.1276
LAX,SYD,Tanker,Fuel Oil,12054.8,20.18,372641.0,134662.0,86123.0,-723870.0,-8.4051,0.8512,1.2046,59,59.22,-0.2596
CPT,KHI,Reefer,Pharmaceuticals,8308.9,11.61,308411.0,53243.0,79028.0,-456759.0,-5.7797,0.7724,1.0658,38,59.58,-0.1879
KHI,SAN,Tanker,Chemical,13337.2,23.73,481031.0,58538.0,197888.0,-697688.0,-3.5257,0.961,1.2113,23,60.21,-0.2442
HAM,MUM,LNG_Carrier,LPG,6551.7,8.81,600880.0,84738.0,20211.0,-797592.0,-39.4627,0.8543,1.1266,51,58.42,-0.3442
LAX,TYO,Reefer,Refrigerated Goods,8839.0,12.8,336786.0,135554.0,12177.0,-652148.0,-53.5559,0.8587,0.9847,47,43.74,-0.1931
SAN,JEA,Tanker,Fuel Oil,12181.9,20.27,426433.0,66900.0,79883.0,-717541.0,-8.9824,0.8842,1.0755,59,77.08,-0.3336
LAX,ANT,LNG_Carrier,LPG,9036.9,10.85,936212.0,111968.0,20663.0,-1190224.0,-57.6015,0.8412,1.1698,34,69.56,-0.5564
SHA,ANT,Container_Ship,Auto Parts,8980.7,10.64,1064186.0,119402.0,235270.0,-1107935.0,-4.7092,0.7751,1.1242,29,54.39,-0.4058
LAG,SYD,Bulk_Carrier,Coal,15517.5,31.0,443642.0,89532.0,21620.0,-976614.0,-45.172,0.9144,0.9382,18,77.91,-0.414
TYO,MUM,Reefer,Perishables,6733.0,8.72,192168.0,104278.0,9195.0,-418124.0,-45.4744,0.7742,1.0997,29,62.28,-0.191
LAG,SYD,Bulk_Carrier,Grain,15517.5,29.03,387682.0,89744.0,50355.0,-862449.0,-17.1274,0.897,1.1138,55,53.98,-0.2533
SAN,CPT,Reefer,Pharmaceuticals,6297.2,7.88,186706.0,66666.0,84765.0,-286848.0,-3.384,0.9095,0.9708,47,70.06,-0.15
LAG,COL,Container_Ship,Containers,8435.8,9.1,1021047.0,59574.0,106810.0,-1110252.0,-10.3946,0.8799,1.124,39,88.67,-0.6764
BUS,LAX,Reefer,Perishables,9637.7,12.79,321097.0,123580.0,8961.0,-627526.0,-70.0262,0.7789,1.0652,23,75.21,-0.3104
CPT,JEA,Container_Ship,Auto Parts,7606.3,7.83,938468.0,67782.0,277352.0,-846382.0,-3.0517,0.8417,1.2204,56,36.67,-0.22
SYD,BUS,LNG_Carrier,LPG,8015.7,10.23,832118.0,108437.0,16622.0,-1077322.0,-64.8132,0.8127,0.974,56,40.88,-0.3074
HAM,SGP,Reefer,Frozen Fish,10154.8,13.78,354000.0,100467.0,19874.0,-641240.0,-32.2655,0.9557,1.1552,60,32.23,-0.1335
MUM,LAX,LNG_Carrier,LNG,14043.2,17.21,1322467.0,99816.0,18951.0,-1661502.0,-87.6716,0.7581,0.9524,54,43.82,-0.4141
KHI,MUM,LNG_Carrier,LNG,893.2,1.18,97576.0,51610.0,22159.0,-144739.0,-6.5318,0.8145,1.0364,58,42.26,-0.0584
COL,CPT,Container_Ship,Containers,7888.4,9.0,1024195.0,53717.0,109783.0,-1103108.0,-10.0481,0.9847,1.0323,71,70.3,-0.5438
CPT,TYO,LNG_Carrier,LPG,14727.6,19.28,1430283.0,98703.0,17634.0,-1800490.0,-102.1059,0.8319,1.0094,53,33.81,-0.3391
HAM,SHA,Tanker,Crude Oil,8527.4,15.3,281792.0,117244.0,14811.0,-613696.0,-41.436,0.8553,1.1544,45,44.01,-0.1849
HOU,JEA,Bulk_Carrier,Bauxite,13157.3,22.87,345068.0,105627.0,7554.0,-786134.0,-104.0725,0.8398,0.9994,19,62.65,-0.2879
RTM,LAX,Bulk_Carrier,Coal,8985.5,18.05,282397.0,128455.0,27914.0,-653704.0,-23.4186,0.9579,1.1564,53,57.73,-0.2541
JEA,HAM,Tanker,Crude Oil,4892.2,8.47,162193.0,100378.0,13515.0,-376168.0,-27.833,0.8065,1.1172,32,72.07,-0.2145
COL,CPT,LNG_Carrier,LNG,7888.4,10.38,727255.0,56354.0,20446.0,-918901.0,-44.9428,0.8102,0.9614,23,77.29,-0.4981
RTM,JEA,Tanker,Crude Oil,5176.2,9.41,184567.0,93531.0,13154.0,-406140.0,-30.8755,0.9717,0.9025,48,39.32,-0.1248
MUM,CPT,Container_Ship,Electronics,8227.2,9.6,1026282.0,58624.0,276676.0,-952175.0,-3.4415,0.7558,1.2202,36,72.92,-0.4808
HOU,COL,LNG_Carrier,LNG,15903.9,19.14,1382590.0,95411.0,22881.0,-1742269.0,-76.1431,0.7748,1.1251,42,40.78,-0.3822
COL,LAG,Bulk_Carrier,Bauxite,8435.8,15.45,249842.0,60216.0,6650.0,-535155.0,-80.473,0.8127,0.9092,46,65.72,-0.2416
LAX,SHA,LNG_Carrier,LNG,10457.0,13.94,1110377.0,114858.0,19508.0,-1414802.0,-72.5241,0.766,0.9701,28,58.83,-0.532
MUM,BUS,Bulk_Carrier,Coal,5775.4,10.24,169471.0,86397.0,20965.0,-388473.0,-18.5295,0.8661,0.9606,29,72.27,-0.214
HAM,SGP,LNG_Carrier,LNG,10154.8,13.96,1086096.0,97063.0,21037.0,-1371551.0,-65.1985,0.7744,1.0348,71,82.04,-0.7268
HAM,TYO,Reefer,Pharmaceuticals,8979.6,12.02,292428.0,133895.0,113821.0,-492858.0,-4.3301,0.9605,1.2343,48,85.07,-0.2824
RTM,JEA,LNG_Carrier,LNG,5176.2,6.45,458278.0,107052.0,24267.0,-637816.0,-26.2833,0.7968,1.1602,68,50.64,-0.2525
LAG,NYK,Reefer,Pharmaceuticals,8481.1,12.03,299776.0,101629.0,71139.0,-510761.0,-7.1797,0.8174,0.9066,69,54.43,-0.1907
SAN,SYD,Container_Ship,Containers,13322.4,13.82,1615463.0,93146.0,113294.0,-1802611.0,-15.9109,0.8872,1.1824,20,63.08,-0.6613
NYK,SGP,Container_Ship,Machinery,15342.9,17.0,1844237.0,130278.0,206830.0,-2022688.0,-9.7795,0.9847,1.094,20,51.91,-0.5742
NYK,LAX,LNG_Carrier,LPG,3948.9,5.1,421479.0,143961.0,19176.0,-622750.0,-32.4747,0.7876,1.1595,60,62.52,-0.3209
NYK,SHA,Tanker,Crude Oil,11860.8,19.34,372204.0,141086.0,13662.0,-789699.0,-57.8041,0.8233,1.1062,61,70.68,-0.3402
LAX,TYO,Tanker,Chemical,8839.0,15.46,299470.0,156262.0,167310.0,-520391.0,-3.1103,0.9359,1.0516,56,51.19,-0.1803
RTM,JEA,LNG_Carrier,LPG,5176.2,6.51,542286.0,109601.0,18428.0,-731156.0,-39.6762,0.9088,0.9656,50,75.04,-0.4288
SGP,SAN,Tanker,Crude Oil,15934.4,29.92,693703.0,72164.0,15365.0,-1199234.0,-78.0501,0.9459,1.0829,55,44.4,-0.2862
HOU,KHI,Tanker,Chemical,13656.9,23.98,543854.0,98115.0,157972.0,-843628.0,-5.3404,0.9348,0.9941,64,37.34,-0.1813
NYK,SYD,LNG_Carrier,LPG,15985.3,21.5,1472263.0,134140.0,22125.0,-1906742.0,-86.1809,0.8572,1.2291,44,74.86,-0.7661
SYD,JEA,Bulk_Carrier,Bauxite,12058.9,24.44,351371.0,97335.0,9280.0,-805990.0,-86.8551,0.9818,1.0502,29,55.74,-0.2721
TYO,SGP,Reefer,Refrigerated Goods,5314.4,6.98,161153.0,117643.0,11415.0,-372139.0,-32.6005,0.7773,1.0198,29,69.41,-0.2007
JEA,LAX,LNG_Carrier,LNG,13447.6,17.23,1358764.0,103270.0,29142.0,-1691361.0,-58.038,0.9048,1.227,19,75.05,-0.7354
KHI,COL,Bulk_Carrier,Coal,2418.3,4.32,70169.0,49288.0,21634.0,-162562.0,-7.5141,0.8686,0.9883,41,45.41,-0.0653
HOU,SHA,Tanker,Chemical,12195.4,21.77,416662.0,115085.0,157432.0,-700884.0,-4.452,0.9074,1.0206,23,86.7,-0.3664
KHI,LAX,Tanker,Fuel Oil,13476.2,22.76,461724.0,90668.0,78911.0,-814871.0,-10.3265,0.9429,0.9963,30,82.19,-0.3876
SGP,CPT,Container_Ship,Containers,9665.9,11.15,1069215.0,70905.0,123218.0,-1184094.0,-9.6097,0.9241,1.2346,21,57.26,-0.4455
SAN,BUS,LNG_Carrier,LNG,18691.4,25.02,2129426.0,93466.0,26199.0,-2572030.0,-98.1745,0.8292,1.2036,28,70.04,-0.8965
SAN,TYO,Bulk_Carrier,Iron Ore,18591.0,34.87,575525.0,103551.0,18291.0,-1183777.0,-64.7205,0.7731,1.1949,18,39.4,-0.2327
LAG,SGP,Bulk_Carrier,Iron Ore,11147.2,21.76,355577.0,82073.0,17718.0,-746399.0,-42.1257,0.8922,1.003,44,87.44,-0.4074
BUS,MUM,Tanker,Chemical,5775.4,10.63,211040.0,74474.0,122638.0,-322279.0,-2.6279,0.7556,0.9548,25,52.55,-0.1291
CPT,MUM,LNG_Carrier,LNG,8227.2,11.32,929468.0,62053.0,30898.0,-1130486.0,-36.588,0.9619,1.2237,52,74.71,-0.5848
COL,LAG,Reefer,Pharmaceuticals,8435.8,11.3,240671.0,54754.0,100880.0,-364017.0,-3.6084,0.8632,1.2173,44,85.65,-0.2142
SYD,BUS,Container_Ship,Machinery,8015.7,9.18,998586.0,100469.0,193935.0,-1042865.0,-5.3774,0.9997,1.0104,51,35.6,-0.2591
HOU,TYO,Reefer,Pharmaceuticals,10740.5,13.86,296856.0,150351.0,102569.0,-552502.0,-5.3866,0.9392,1.1376,38,81.33,-0.2844
HAM,RTM,Container_Ship,Electronics,406.5,0.46,44447.0,133604.0,269340.0,84320.0,0.3131,0.9908,0.9061,64,54.57,0.045
TYO,NYK,Container_Ship,Machinery,10853.1,11.58,1361578.0,149884.0,211921.0,-1473274.0,-6.952,0.9726,1.1348,58,53.8,-0.4998
BUS,LAX,Container_Ship,Machinery,9637.7,10.21,977632.0,113796.0,220728.0,-1023858.0,-4.6386,0.9285,1.2382,50,42.99,-0.2895
COL,HOU,LNG_Carrier,LNG,15903.9,19.13,1521059.0,95403.0,27967.0,-1875498.0,-67.0599,0.8694,1.2255,33,72.91,-0.7357
NYK,ANT,Container_Ship,Containers,5881.5,6.02,644528.0,120198.0,114582.0,-740506.0,-6.4627,0.9286,1.1425,54,53.48,-0.3006
SAN,SYD,Tanker,Chemical,13322.4,25.18,498123.0,99786.0,132466.0,-843079.0,-6.3645,0.8384,0.9294,65,45.82,-0.2247
SYD,SHA,LNG_Carrier,LPG,7881.4,9.8,770608.0,118686.0,17928.0,-1018344.0,-56.8022,0.772,1.1059,69,77.16,-0.5512
NYK,BUS,Container_Ship,Containers,11254.3,12.18,1204700.0,114815.0,88075.0,-1414114.0,-16.0557,0.8828,0.9238,23,30.58,-0.269
SHA,RTM,Bulk_Carrier,Bauxite,8927.2,15.83,232684.0,107718.0,6699.0,-571097.0,-85.246,0.7881,0.9445,50,38.27,-0.1475
NYK,LAX,Container_Ship,Containers,3948.9,4.42,474150.0,153139.0,110391.0,-583232.0,-5.2833,0.8389,1.2184,47,53.82,-0.2587
RTM,HAM,Tanker,Chemical,406.5,0.68,14762.0,114798.0,167712.0,27954.0,0.1667,0.9458,1.0431,28,83.95,0.023
TYO,KHI,Container_Ship,Auto Parts,6926.4,8.18,807436.0,109410.0,254530.0,-784957.0,-3.084,0.7655,1.2314,45,32.33,-0.1847
SGP,NYK,Reefer,Pharmaceuticals,15342.9,20.53,505390.0,109870.0,99621.0,-823626.0,-8.2676,0.9048,1.1469,21,71.35,-0.3214
NYK,SAN,Tanker,Crude Oil,7737.9,13.52,291882.0,109896.0,13343.0,-591304.0,-44.3171,0.9855,0.9026,31,42.49,-0.1772
SGP,CPT,Tanker,Crude Oil,9665.9,16.31,345535.0,66662.0,15538.0,-641362.0,-41.2774,0.8732,1.1862,39,33.52,-0.1413
KHI,SYD,LNG_Carrier,LPG,11020.1,13.59,1061516.0,86505.0,16838.0,-1334994.0,-79.2849,0.8223,0.975,55,50.3,-0.421
ANT,MUM,Tanker,Crude Oil,6885.8,11.87,219424.0,83010.0,16852.0,-463622.0,-27.5119,0.926,1.2132,54,59.69,-0.2017
NYK,CPT,Reefer,Frozen Fish,12566.3,18.15,461617.0,93592.0,15268.0,-812170.0,-53.1934,0.779,1.0889,62,83.47,-0.4039
JEA,SHA,Bulk_Carrier,Grain,6458.3,11.45,165222.0,85270.0,41827.0,-380381.0,-9.0941,0.7795,1.0647,41,78.93,-0.2226
CPT,ANT,Reefer,Pharmaceuticals,9566.7,13.19,310193.0,82213.0,90654.0,-499672.0,-5.5119,0.9412,1.0033,36,50.5,-0.1664
SGP,KHI,Container_Ship,Machinery,4744.0,5.39,534103.0,61729.0,180069.0,-496609.0,-2.7579,0.758,1.2373,55,45.65,-0.1805
LAX,COL,Tanker,Fuel Oil,15107.0,25.47,477132.0,95652.0,80272.0,-874582.0,-10.8952,0.8796,1.0864,53,31.05,-0.1496
SHA,BUS,Container_Ship,Electronics,832.1,0.94,111371.0,112725.0,244395.0,6260.0,0.0256,0.8156,0.9988,36,73.32,0.0044
NYK,LAG,Bulk_Carrier,Coal,8481.1,14.88,222714.0,94918.0,26211.0,-514679.0,-19.6356,0.9432,1.1028,65,48.98,-0.1729
RTM,KHI,Bulk_Carrier,Grain,5993.9,10.41,148694.0,87392.0,58518.0,-333708.0,-5.7026,0.9413,1.2335,29,31.96,-0.0806
LAG,NYK,Reefer,Refrigerated Goods,8481.1,11.27,287276.0,113277.0,13055.0,-556478.0,-42.6245,0.9206,0.9848,43,74.23,-0.2833
HOU,SAN,Bulk_Carrier,Iron Ore,7942.5,14.09,212972.0,108468.0,16042.0,-516675.0,-32.2067,0.8336,0.9719,37,74.35,-0.2689
COL,BUS,Reefer,Pharmaceuticals,5911.7,7.42,195678.0,71208.0,98329.0,-279844.0,-2.846,0.8575,1.1944,44,44.33,-0.094
SGP,SYD,LNG_Carrier,LPG,6299.1,7.52,525607.0,93022.0,21631.0,-709769.0,-32.8128,0.9706,1.0613,27,63.84,-0.3381
SAN,HAM,Bulk_Carrier,Grain,10166.5,18.47,244851.0,94434.0,44790.0,-571482.0,-12.7591,0.8323,1.0678,70,49.6,-0.183
KHI,HOU,Container_Ship,Electronics,13656.9,14.45,1592728.0,87736.0,291437.0,-1605783.0,-5.5099,0.9799,0.9913,20,75.9,-0.7015
TYO,LAG,Reefer,Frozen Fish,13474.1,19.59,509460.0,110844.0,20983.0,-893118.0,-42.563,0.9958,1.1707,66,74.08,-0.383
LAX,LAG,LNG_Carrier,LPG,12430.0,15.58,1296014.0,89662.0,22520.0,-1596856.0,-70.908,0.8831,1.2144,50,66.05,-0.6312
RTM,CPT,Tanker,Chemical,9642.1,16.26,309725.0,85092.0,186657.0,-452101.0,-2.4221,0.9624,1.1408,58,72.51,-0.2156
SAN,LAX,LNG_Carrier,LPG,9942.3,12.4,1022803.0,109269.0,21177.0,-1296860.0,-61.239,0.915,1.1021,38,86.99,-0.7341
NYK,LAG,Reefer,Perishables,8481.1,11.98,302058.0,105940.0,9249.0,-578381.0,-62.5342,0.8073,1.0608,48,66.97,-0.2657
CPT,NYK,Container_Ship,Auto Parts,12566.3,14.11,1438929.0,108162.0,276011.0,-1482734.0,-5.372,0.904,1.1308,36,32.14,-0.2839
MUM,CPT,Tanker,Chemical,8227.2,15.09,327180.0,61020.0,127206.0,-487286.0,-3.8307,0.7879,0.9497,25,30.34,-0.1024
HAM,HOU,Bulk_Carrier,Iron Ore,8306.0,15.5,258090.0,120968.0,23221.0,-588270.0,-25.3331,0.9877,1.1874,70,50.39,-0.2046
NYK,BUS,Reefer,Pharmaceuticals,11254.3,14.52,319306.0,121816.0,99139.0,-559817.0,-5.6468,0.9023,1.1446,27,57.63,-0.2007
CPT,HOU,Bulk_Carrier,Coal,13853.3,25.86,404097.0,90180.0,26726.0,-855463.0,-32.0092,0.9286,1.1421,20,88.57,-0.4335
TYO,LAX,Container_Ship,Auto Parts,8839.0,10.49,1249474.0,156067.0,300214.0,-1262704.0,-4.206,0.9462,1.1752,22,78.06,-0.6672
NYK,ANT,LNG_Carrier,LPG,5881.5,7.45,610179.0,141824.0,22017.0,-841770.0,-38.2324,0.8669,1.2094,28,47.75,-0.3051
COL,SYD,Bulk_Carrier,Coal,8748.1,16.47,221312.0,91226.0,21054.0,-538595.0,-25.5821,0.8214,1.0171,65,54.67,-0.2
KHI,SAN,Reefer,Refrigerated Goods,13337.2,19.61,489992.0,51860.0,14481.0,-821449.0,-56.7275,0.9469,1.0619,62,64.04,-0.3058
JEA,LAX,Reefer,Frozen Fish,13447.6,18.91,442599.0,105541.0,12194.0,-819668.0,-67.2188,0.7524,0.9003,25,69.93,-0.3321
RTM,HAM,Bulk_Carrier,Grain,406.5,0.74,12017.0,121370.0,52249.0,-92237.0,-1.7653,0.8477,1.2229,47,35.4,-0.032
SAN,HOU,Container_Ship,Auto Parts,7942.5,8.77,1009159.0,104149.0,295640.0,-949234.0,-3.2108,0.8993,1.2176,61,83.97,-0.5578
MUM,LAX,LNG_Carrier,LPG,14043.2,18.0,1364418.0,105478.0,20868.0,-1718968.0,-82.3748,0.8166,1.2169,39,34.6,-0.3383
NYK,BUS,Tanker,Fuel Oil,11254.3,19.56,389720.0,124192.0,75264.0,-732015.0,-9.726,0.9219,0.9719,67,73.51,-0.3347
SYD,HAM,Container_Ship,Containers,16284.4,17.98,1726908.0,117830.0,98697.0,-2015773.0,-20.4238,0.8805,1.0379,25,54.9,-0.5889
HAM,LAX,LNG_Carrier,LPG,9100.3,11.86,905737.0,131541.0,19676.0,-1195535.0,-60.7598,0.7951,1.1784,29,69.22,-0.5549
TYO,KHI,Container_Ship,Machinery,6926.4,7.55,803744.0,95236.0,183792.0,-828510.0,-4.5079,0.7926,1.2078,51,89.14,-0.5375
CPT,TYO,LNG_Carrier,LPG,14727.6,19.92,1459735.0,105175.0,18858.0,-1844847.0,-97.8272,0.9089,0.988,53,63.48,-0.6523
SYD,LAG,Reefer,Refrigerated Goods,15517.5,19.68,465031.0,93400.0,14832.0,-838841.0,-56.5557,0.8661,1.1893,51,46.58,-0.2126
BUS,MUM,Bulk_Carrier,Bauxite,5775.4,10.7,152663.0,82033.0,10080.0,-385112.0,-38.2065,0.9315,1.2024,58,49.08,-0.1441
SHA,NYK,Reefer,Refrigerated Goods,11860.8,15.29,353371.0,124015.0,11900.0,-694836.0,-58.3917,0.9166,0.9015,33,79.19,-0.3354
BUS,TYO,Tanker,Chemical,959.3,1.68,32847.0,141024.0,200314.0,1272.0,0.0063,0.9855,1.1956,34,54.26,0.0007
MUM,ANT,Bulk_Carrier,Grain,6885.8,13.65,203544.0,90016.0,48955.0,-449370.0,-9.1793,0.9593,1.0125,62,88.42,-0.2896
BUS,JEA,Tanker,Crude Oil,7055.4,12.08,269062.0,89989.0,16521.0,-523748.0,-31.7026,0.9499,1.1595,28,42.09,-0.1596
RTM,CPT,Bulk_Carrier,Coal,9642.1,17.39,250214.0,90797.0,25457.0,-576389.0,-22.6415,0.8731,1.1571,28,31.75,-0.1204
LAX,HOU,Container_Ship,Electronics,2204.4,2.46,257621.0,147723.0,290947.0,-151250.0,-0.5199,0.9604,1.0098,33,85.27,-0.1153
BUS,TYO,Bulk_Carrier,Bauxite,959.3,1.89,30977.0,119329.0,8293.0,-170352.0,-20.5419,0.7835,1.1761,65,43.75,-0.0709
TYO,CPT,Tanker,Crude Oil,14727.6,24.04,537802.0,109375.0,13354.0,-994429.0,-74.4651,0.806,1.1045,52,56.39,-0.3124
LAX,SAN,Reefer,Perishables,9942.3,14.2,307643.0,103681.0,9084.0,-615171.0,-67.7201,0.7593,1.1077,27,52.82,-0.2114
KHI,LAX,LNG_Carrier,LPG,13476.2,16.74,1441217.0,95281.0,22335.0,-1765310.0,-79.0374,0.973,1.0931,59,49.57,-0.5065
SGP,BUS,Reefer,Frozen Fish,4583.4,6.15,140588.0,91418.0,17044.0,-307280.0,-18.029,0.8951,1.0578,36,62.74,-0.1545
MUM,NYK,Tanker,Chemical,12555.7,21.62,435154.0,114456.0,146873.0,-727006.0,-4.9499,0.9324,0.9266,50,46.57,-0.2018
SAN,BUS,Container_Ship,Containers,18691.4,22.38,2255139.0,84270.0,122075.0,-2552972.0,-20.9131,0.9652,1.1711,39,77.67,-0.9869
CPT,MUM,Container_Ship,Auto Parts,8227.2,8.44,884614.0,60196.0,210350.0,-861074.0,-4.0935,0.8026,0.9706,41,49.6,-0.2957
LAG,CPT,Tanker,Crude Oil,4761.1,8.83,189227.0,59406.0,13206.0,-367884.0,-27.8579,0.8115,1.0849,19,70.08,-0.2051
SHA,HAM,Bulk_Carrier,Bauxite,8527.4,16.47,232485.0,112246.0,8406.0,-583389.0,-69.4045,0.8013,1.1655,61,47.46,-0.1896
LAG,KHI,Bulk_Carrier,Iron Ore,7048.8,12.7,196849.0,52277.0,21306.0,-418394.0,-19.6369,0.9052,1.1888,23,47.44,-0.1438
CPT,NYK,LNG_Carrier,LPG,12566.3,14.95,1230519.0,108762.0,18174.0,-1545285.0,-85.0291,0.9265,0.934,30,32.74,-0.3014
SYD,SHA,Tanker,Chemical,7881.4,13.14,253381.0,107002.0,181205.0,-376204.0,-2.0761,0.928,1.1486,50,40.06,-0.1057
LAG,JEA,Tanker,Chemical,5856.7,10.44,226743.0,73089.0,143173.0,-313305.0,-2.1883,0.8803,0.9567,59,42.7,-0.1017
KHI,BUS,LNG_Carrier,LNG,5990.8,7.43,532988.0,67419.0,23546.0,-688269.0,-29.2311,0.7643,1.1736,35,77.81,-0.4047
MUM,HOU,Container_Ship,Containers,14456.2,16.9,2012016.0,104161.0,91233.0,-2278399.0,-24.9735,0.9157,0.9225,40,69.26,-0.8862
MUM,NYK,Container_Ship,Containers,12555.7,14.08,1442022.0,100801.0,115446.0,-1638538.0,-14.1932,0.9886,1.0813,54,31.29,-0.3055
SYD,SHA,Container_Ship,Machinery,7881.4,8.38,1000006.0,121454.0,153821.0,-1093403.0,-7.1083,0.8706,0.9202,34,68.67,-0.5267
SAN,SYD,Reefer,Pharmaceuticals,13322.4,17.77,416561.0,94446.0,82500.0,-695044.0,-8.4248,0.852,1.0087,21,79.41,-0.321
ANT,HOU,LNG_Carrier,LPG,8102.1,11.04,840921.0,122228.0,20748.0,-1107975.0,-53.4024,0.8974,1.101,20,72.18,-0.5563
COL,NYK,LNG_Carrier,LNG,14086.8,17.76,1472919.0,108941.0,24383.0,-1823842.0,-74.7984,0.7764,1.1965,28,40.35,-0.418
KHI,SHA,LNG_Carrier,LPG,5340.0,7.03,599760.0,69621.0,18911.0,-755850.0,-39.9679,0.7751,1.1619,20,89.35,-0.5242
CPT,LAX,LNG_Carrier,LNG,16044.7,22.14,1516252.0,96660.0,29355.0,-1915638.0,-65.2568,0.9191,1.2167,51,37.18,-0.3816
TYO,CPT,Tanker,Chemical,14727.6,25.77,479531.0,106351.0,184646.0,-787781.0,-4.2664,0.9525,1.1403,26,56.64,-0.2486
HOU,COL,LNG_Carrier,LNG,15903.9,20.29,1433028.0,95677.0,27317.0,-1805795.0,-66.1063,0.9789,1.063,18,58.74,-0.5707
TYO,ANT,Reefer,Frozen Fish,9411.9,13.62,363051.0,142547.0,19836.0,-690029.0,-34.7875,0.912,1.2083,40,76.19,-0.3486
JEA,LAX,Container_Ship,Machinery,13447.6,14.77,1584938.0,94352.0,177572.0,-1723295.0,-9.7048,0.9665,0.9569,26,42.81,-0.4274
LAX,RTM,Container_Ship,Auto Parts,8985.5,10.22,1022482.0,139579.0,219704.0,-1095713.0,-4.9872,0.7525,1.0814,47,62.27,-0.4594
MUM,LAG,Reefer,Perishables,7617.6,9.95,229699.0,65315.0,8943.0,-435391.0,-48.684,0.8154,1.0155,24,31.36,-0.0967
MUM,SGP,Tanker,Chemical,3906.7,7.17,158208.0,84417.0,149673.0,-200476.0,-1.3394,0.7953,1.1071,66,50.45,-0.0835
KHI,SYD,Bulk_Carrier,Grain,11020.1,20.24,271223.0,78281.0,48668.0,-604491.0,-12.4207,0.8332,1.159,18,31.12,-0.1179
LAG,NYK,Bulk_Carrier,Bauxite,8481.1,15.05,241922.0,97207.0,9732.0,-555196.0,-57.0461,0.9293,1.1637,27,42.68,-0.1625
KHI,SHA,Reefer,Frozen Fish,5340.0,7.36,183397.0,76346.0,19025.0,-351131.0,-18.4566,0.9394,1.1251,45,31.06,-0.0847
COL,SYD,Container_Ship,Machinery,8748.1,10.24,1124811.0,86943.0,162578.0,-1202813.0,-7.3984,0.8278,1.0229,18,74.69,-0.6102
ANT,HOU,LNG_Carrier,LPG,8102.1,10.29,754145.0,120063.0,25121.0,-1003461.0,-39.9458,0.967,1.237,56,75.53,-0.5272
SGP,NYK,Reefer,Pharmaceuticals,15342.9,19.51,445881.0,120334.0,109198.0,-749632.0,-6.8649,0.9387,1.2118,35,34.6,-0.1419
TYO,SHA,Bulk_Carrier,Grain,1754.3,3.48,49451.0,122462.0,52405.0,-171668.0,-3.2758,0.9911,1.0491,68,54.4,-0.0853
MUM,NYK,Tanker,Fuel Oil,12555.7,23.36,539130.0,110661.0,78353.0,-921812.0,-11.7649,0.9312,1.0017,19,89.0,-0.4889
TYO,SHA,Bulk_Carrier,Coal,1754.3,3.28,43407.0,121712.0,21399.0,-192875.0,-9.0133,0.8277,1.026,26,76.19,-0.1342
LAX,TYO,Reefer,Pharmaceuticals,8839.0,11.53,288362.0,142283.0,82240.0,-521376.0,-6.3397,0.8548,1.0022,59,30.73,-0.1085
SGP,SYD,Reefer,Refrigerated Goods,6299.1,8.8,211328.0,105963.0,14669.0,-434652.0,-29.6298,0.8277,1.2308,18,57.81,-0.1875
SHA,JEA,LNG_Carrier,LPG,6458.3,7.93,587414.0,91763.0,23545.0,-774648.0,-32.9001,0.9085,1.2342,24,42.28,-0.2428
HOU,ANT,Container_Ship,Machinery,8102.1,8.39,915542.0,131704.0,196218.0,-976899.0,-4.9786,0.8667,1.1792,48,70.19,-0.477
BUS,LAX,Reefer,Pharmaceuticals,9637.7,13.46,351677.0,125412.0,73668.0,-605301.0,-8.2166,0.8238,0.9316,54,42.74,-0.1702
SGP,RTM,LNG_Carrier,LNG,10534.9,12.92,895979.0,113917.0,21259.0,-1182377.0,-55.6178,0.8907,0.9092,65,55.13,-0.4155
NYK,COL,Reefer,Perishables,14086.8,18.71,421245.0,95494.0,8541.0,-788775.0,-92.3541,0.7598,1.0408,39,79.55,-0.3564
JEA,SYD,Reefer,Pharmaceuticals,12058.9,16.17,356991.0,97672.0,95514.0,-601630.0,-6.2989,0.89,1.1179,42,88.97,-0.3242
HAM,SYD,Bulk_Carrier,Grain,16284.4,30.5,451950.0,126035.0,48609.0,-986819.0,-20.301,0.9872,0.977,29,84.9,-0.4458
COL,JEA,Tanker,Crude Oil,3316.6,5.6,127686.0,65558.0,11625.0,-265597.0,-22.8468,0.8363,0.9268,24,89.86,-0.2024
SAN,RTM,Bulk_Carrier,Bauxite,9775.5,19.58,258214.0,103434.0,8982.0,-646339.0,-71.956,0.8831,1.1302,50,39.83,-0.1685
MUM,CPT,Bulk_Carrier,Coal,8227.2,16.05,252447.0,61117.0,20548.0,-533747.0,-25.9761,0.8655,0.9421,20,60.49,-0.2235
TYO,SHA,Tanker,Crude Oil,1754.3,3.01,56095.0,125795.0,13782.0,-213288.0,-15.4763,0.7508,1.2238,51,46.12,-0.0899
CPT,SYD,Tanker,Chemical,11011.7,20.2,383490.0,91600.0,147573.0,-630452.0,-4.2721,0.752,1.1544,48,81.92,-0.3239
HOU,SGP,Container_Ship,Machinery,16004.8,16.68,1789310.0,125154.0,172319.0,-1992407.0,-11.5623,0.8079,1.1109,18,35.75,-0.3821
TYO,RTM,Bulk_Carrier,Coal,9345.2,16.5,244833.0,155209.0,19598.0,-627956.0,-32.0421,0.8611,0.9031,18,50.3,-0.2099
JEA,TYO,Bulk_Carrier,Grain,7963.6,14.21,233585.0,120172.0,44443.0,-522437.0,-11.7551,0.8107,1.0877,50,68.5,-0.2503
SGP,COL,LNG_Carrier,LPG,2732.3,3.49,299635.0,73809.0,17287.0,-408540.0,-23.6326,0.8399,0.9801,32,62.59,-0.2228
KHI,HAM,Tanker,Chemical,5660.0,9.87,220074.0,80803.0,159728.0,-289236.0,-1.8108,0.7524,1.2487,25,45.99,-0.1019
CPT,HAM,Tanker,Chemical,9764.5,17.51,321855.0,81553.0,158887.0,-507135.0,-3.1918,0.8944,1.0449,52,88.77,-0.2948
TYO,LAG,Reefer,Refrigerated Goods,13474.1,18.01,444503.0,100952.0,12505.0,-803027.0,-64.2161,0.7915,1.0972,43,74.13,-0.3446
HOU,LAX,Tanker,Crude Oil,2204.4,4.02,87737.0,127983.0,12384.0,-263613.0,-21.2862,0.89,0.9277,34,55.54,-0.1308
LAG,TYO,Bulk_Carrier,Grain,13474.1,24.77,347045.0,118995.0,45499.0,-792058.0,-17.4083,0.8263,1.0925,21,50.75,-0.2327
SGP,TYO,Reefer,Pharmaceuticals,5314.4,7.45,176412.0,118026.0,93878.0,-312304.0,-3.3267,0.9422,1.0379,42,65.53,-0.159
LAX,SHA,Tanker,Chemical,10457.0,18.74,360751.0,131154.0,153642.0,-619404.0,-4.0315,0.7617,1.1865,43,32.01,-0.1267
CPT,SHA,LNG_Carrier,LNG,12978.3,15.79,1351514.0,76101.0,27423.0,-1637074.0,-59.6965,0.9273,1.1265,26,32.52,-0.313
BUS,JEA,Bulk_Carrier,Iron Ore,7055.4,13.87,210560.0,85802.0,19490.0,-484980.0,-24.8838,0.9766,1.008,59,31.94,-0.1122
SHA,MUM,LNG_Carrier,LPG,5043.9,5.98,423703.0,93057.0,17310.0,-589206.0,-34.038,0.827,0.9967,50,33.29,-0.1542
SHA,CPT,LNG_Carrier,LPG,12978.3,17.99,1315710.0,75349.0,23149.0,-1637716.0,-70.7456,0.9763,1.1292,62,37.07,-0.357
SYD,ANT,Bulk_Carrier,Grain,16725.3,31.36,516166.0,105407.0,56660.0,-1035276.0,-18.2716,0.9413,1.1943,18,66.33,-0.3608
SYD,RTM,Bulk_Carrier,Iron Ore,16689.6,30.24,485551.0,130780.0,22091.0,-1047818.0,-47.432,0.9391,1.1881,63,64.74,-0.3568
COL,KHI,LNG_Carrier,LNG,2418.3,3.19,262147.0,44789.0,22469.0,-332300.0,-14.7893,0.921,0.9294,34,60.74,-0.1785
SGP,RTM,LNG_Carrier,LPG,10534.9,14.55,1022885.0,112450.0,20372.0,-1333257.0,-65.4462,0.8955,1.0833,57,59.14,-0.5026
JEA,SYD,Reefer,Refrigerated Goods,12058.9,15.87,355917.0,101543.0,15405.0,-680134.0,-44.1488,0.8858,1.2078,18,45.1,-0.1858
BUS,CPT,Tanker,Chemical,13800.1,24.92,538971.0,84184.0,167959.0,-828979.0,-4.9356,0.8375,1.1797,23,63.19,-0.3002
ANT,SAN,Container_Ship,Machinery,9716.8,10.03,1190056.0,96724.0,137703.0,-1299461.0,-9.4367,0.7595,0.9443,18,55.49,-0.473
KHI,HAM,LNG_Carrier,LNG,5660.0,7.53,550321.0,80611.0,29576.0,-714356.0,-24.153,0.9416,1.1966,50,83.27,-0.4556
LAG,SHA,Container_Ship,Containers,12229.8,14.0,1508880.0,90605.0,98007.0,-1711542.0,-17.4634,0.9674,0.938,28,45.01,-0.464
LAG,KHI,LNG_Carrier,LPG,7048.8,9.18,795588.0,50353.0,19705.0,-963875.0,-48.9161,0.8834,1.0622,19,38.78,-0.2707
LAG,SGP,Container_Ship,Machinery,11147.2,12.13,1384728.0,71647.0,169540.0,-1468744.0,-8.6631,0.7808,1.131,34,71.55,-0.6561
TYO,RTM,LNG_Carrier,LNG,9345.2,12.63,1084551.0,152873.0,24385.0,-1402549.0,-57.518,0.7837,1.1854,37,60.4,-0.563
MUM,SYD,LNG_Carrier,LPG,10150.5,12.64,922818.0,91792.0,22779.0,-1181435.0,-51.8653,0.9996,1.0851,64,63.21,-0.4824
SHA,KHI,LNG_Carrier,LPG,5340.0,6.8,546535.0,78322.0,18093.0,-708778.0,-39.1752,0.7533,1.1438,36,58.92,-0.3242
SGP,NYK,Tanker,Crude Oil,15342.9,28.73,571093.0,113870.0,14196.0,-1101647.0,-77.6006,0.9474,0.9989,50,79.36,-0.4781
ANT,MUM,LNG_Carrier,LNG,6885.8,8.28,567138.0,91415.0,27929.0,-754796.0,-27.0255,0.955,1.1141,67,61.82,-0.3402
NYK,TYO,Reefer,Perishables,10853.1,14.42,319021.0,157302.0,11449.0,-681138.0,-59.4951,0.9267,1.1439,30,83.16,-0.3571
NYK,CPT,Container_Ship,Electronics,12566.3,13.61,1333009.0,106592.0,259540.0,-1384139.0,-5.333,0.7718,1.121,26,60.76,-0.5011
MUM,SYD,Bulk_Carrier,Iron Ore,10150.5,19.27,317778.0,97562.0,16767.0,-687663.0,-41.0127,0.8683,0.9752,24,46.35,-0.2059
SHA,KHI,Container_Ship,Containers,5340.0,5.59,602200.0,81309.0,124864.0,-642506.0,-5.1457,0.9298,1.2434,48,63.86,-0.3185
SHA,KHI,Tanker,Chemical,5340.0,9.19,202231.0,76560.0,143989.0,-272630.0,-1.8934,0.777,1.0901,58,63.98,-0.1354
SAN,TYO,Reefer,Refrigerated Goods,18591.0,25.42,676379.0,110808.0,13773.0,-1154687.0,-83.8371,0.9411,1.0163,24,68.08,-0.3923
RTM,ANT,LNG_Carrier,LNG,78.1,0.1,7854.0,119269.0,25712.0,-102843.0,-3.9999,0.8706,1.125,65,35.33,-0.0362
BUS,RTM,Container_Ship,Auto Parts,8936.6,10.65,1249293.0,108942.0,302849.0,-1215201.0,-4.0126,0.9236,1.2144,28,39.49,-0.3237
JEA,LAX,Tanker,Crude Oil,13447.6,24.38,514130.0,112712.0,13209.0,-979364.0,-74.1426,0.7573,1.1628,70,30.74,-0.1744
SYD,LAX,Bulk_Carrier,Grain,12054.8,24.35,378640.0,118647.0,45710.0,-816803.0,-17.8692,0.7672,1.1821,34,39.63,-0.1961
JEA,SYD,Reefer,Refrigerated Goods,12058.9,16.8,440630.0,95147.0,11651.0,-776125.0,-66.614,0.7764,1.0421,53,86.63,-0.4072
CPT,SGP,Bulk_Carrier,Bauxite,9665.9,18.3,275966.0,71804.0,9060.0,-613156.0,-67.6804,0.9083,1.1082,47,70.63,-0.2846
SYD,CPT,Container_Ship,Auto Parts,11011.7,11.62,1114427.0,83964.0,240926.0,-1131825.0,-4.6978,0.7811,1.1423,71,87.61,-0.6218
COL,HOU,Bulk_Carrier,Coal,15903.9,29.54,478665.0,102872.0,21896.0,-1002737.0,-45.7946,0.8157,1.0652,28,76.66,-0.4135
LAX,CPT,Bulk_Carrier,Bauxite,16044.7,32.44,473685.0,101972.0,8193.0,-1054072.0,-128.6505,0.7784,1.1696,63,33.0,-0.1864
COL,JEA,LNG_Carrier,LNG,3316.6,4.0,283690.0,66281.0,28357.0,-381600.0,-13.4571,0.9151,1.1804,32,57.12,-0.1849
RTM,MUM,Container_Ship,Auto Parts,6887.0,7.75,901632.0,92147.0,297768.0,-812195.0,-2.7276,0.9747,1.1314,34,43.75,-0.259
CPT,BUS,LNG_Carrier,LNG,13800.1,18.38,1492970.0,83448.0,24304.0,-1827849.0,-75.2074,0.9965,0.9291,27,64.85,-0.6793
RTM,SAN,Reefer,Frozen Fish,9775.5,14.35,336372.0,88214.0,14232.0,-625676.0,-43.9624,0.8689,0.91,40,52.2,-0.2138
SHA,CPT,Tanker,Chemical,12978.3,22.26,480424.0,87106.0,154555.0,-746896.0,-4.8325,0.8509,1.0684,70,89.81,-0.3944
BUS,ANT,Tanker,Chemical,8997.1,14.69,282883.0,101496.0,176634.0,-428032.0,-2.4233,0.946,1.0983,47,31.47,-0.0907
TYO,NYK,Container_Ship,Electronics,10853.1,12.32,1178609.0,168632.0,237739.0,-1294348.0,-5.4444,0.7599,1.0429,31,36.64,-0.299
LAX,SAN,LNG_Carrier,LNG,9942.3,13.72,1146884.0,95738.0,26030.0,-1422433.0,-54.646,0.8285,1.1969,21,37.31,-0.3453
HAM,SAN,Tanker,Chemical,10166.5,18.22,346175.0,96390.0,120927.0,-594993.0,-4.9203,0.7765,0.916,65,80.96,-0.311
MUM,SGP,LNG_Carrier,LNG,3906.7,4.65,325751.0,71926.0,23401.0,-444014.0,-18.9739,0.8679,1.0271,36,34.01,-0.1247
SAN,RTM,Container_Ship,Electronics,9775.5,10.14,965283.0,91623.0,300958.0,-908103.0,-3.0174,0.8818,1.1376,53,61.54,-0.3658
HOU,HAM,Tanker,Fuel Oil,8306.0,15.21,336302.0,134110.0,71287.0,-627227.0,-8.7986,0.7645,1.1101,64,68.76,-0.2977
MUM,SYD,Bulk_Carrier,Coal,10150.5,20.48,321485.0,98946.0,29111.0,-698464.0,-23.9927,0.9492,1.2171,23,55.13,-0.2487
BUS,LAG,Bulk_Carrier,Coal,12692.5,23.49,311145.0,81784.0,23588.0,-721628.0,-30.5927,0.8283,1.1301,57,82.65,-0.3539
TYO,SAN,Tanker,Fuel Oil,18591.0,30.68,622288.0,121786.0,78354.0,-1125991.0,-14.3705,0.8019,1.1633,24,41.98,-0.2359
LAG,TYO,Reefer,Perishables,13474.1,18.28,398285.0,113684.0,10774.0,-775385.0,-71.9677,0.8888,1.1224,19,68.63,-0.308
KHI,COL,Container_Ship,Machinery,2418.3,2.55,260475.0,51132.0,209918.0,-139916.0,-0.6665,0.9254,1.1814,38,31.71,-0.0392
NYK,HAM,Tanker,Chemical,6125.8,11.4,212180.0,123813.0,141421.0,-365580.0,-2.585,0.9048,0.9194,42,85.94,-0.2361
COL,TYO,Tanker,Crude Oil,6846.1,11.53,266067.0,96494.0,13671.0,-521874.0,-38.175,0.8921,1.0216,42,67.83,-0.2584
LAG,RTM,LNG_Carrier,LPG,5056.8,6.51,536601.0,95254.0,21686.0,-707769.0,-32.6375,0.9223,1.1196,56,51.18,-0.2845
SYD,RTM,Bulk_Carrier,Iron Ore,16689.6,29.79,475261.0,118538.0,20965.0,-1019702.0,-48.6384,0.9486,1.1162,19,79.99,-0.429
COL,SGP,LNG_Carrier,LPG,2732.3,3.55,259884.0,64760.0,18390.0,-359558.0,-19.5515,0.8564,1.0225,43,45.64,-0.143
NYK,ANT,LNG_Carrier,LPG,5881.5,7.79,558082.0,131816.0,18066.0,-788704.0,-43.6564,0.9377,0.9175,47,61.98,-0.371
MUM,SGP,LNG_Carrier,LPG,3906.7,5.1,346353.0,80523.0,20313.0,-483104.0,-23.7824,0.9079,1.0654,22,67.08,-0.2676
MUM,HOU,Bulk_Carrier,Coal,14456.2,25.19,408492.0,106737.0,23678.0,-869400.0,-36.7174,0.9766,0.9621,26,52.4,-0.2559
JEA,SHA,Reefer,Perishables,6458.3,9.44,233081.0,98103.0,11505.0,-461238.0,-40.0907,0.9387,1.1348,47,47.71,-0.1632
NYK,CPT,Reefer,Pharmaceuticals,12566.3,17.54,426810.0,113021.0,82562.0,-720441.0,-8.726,0.893,0.9631,50,30.37,-0.1303
JEA,NYK,LNG_Carrier,LPG,11017.6,14.83,1068275.0,102757.0,20684.0,-1372772.0,-66.3694,0.9855,0.9994,64,56.32,-0.4848
KHI,NYK,LNG_Carrier,LPG,11689.8,13.9,1063777.0,90757.0,18364.0,-1344684.0,-73.2231,0.9259,0.9445,63,84.65,-0.6978
SAN,LAX,Tanker,Crude Oil,9942.3,18.56,421688.0,94813.0,12667.0,-782254.0,-61.753,0.8674,0.9736,41,61.84,-0.3148
TYO,CPT,Bulk_Carrier,Bauxite,14727.6,29.84,461398.0,117231.0,10485.0,-1015747.0,-96.8808,0.9772,1.1921,59,40.5,-0.2291
LAX,NYK,Container_Ship,Electronics,3948.9,4.42,526899.0,140251.0,262948.0,-470542.0,-1.7895,0.759,1.1548,55,80.67,-0.3129
LAG,BUS,Bulk_Carrier,Iron Ore,12692.5,23.63,326205.0,78152.0,19635.0,-739229.0,-37.6485,0.7962,1.2454,21,50.11,-0.2198
TYO,SYD,Tanker,Crude Oil,7825.8,12.67,279230.0,126236.0,15061.0,-580445.0,-38.5389,0.8519,1.1787,35,38.25,-0.1561
SAN,SYD,Bulk_Carrier,Bauxite,13322.4,26.65,426151.0,99455.0,8319.0,-917016.0,-110.2329,0.9504,0.9725,31,63.19,-0.337
COL,LAX,LNG_Carrier,LNG,15107.0,20.42,1670646.0,90969.0,29094.0,-2038832.0,-70.0778,0.9706,1.1419,22,30.98,-0.3479
SGP,NYK,LNG_Carrier,LNG,15342.9,21.13,1486728.0,130867.0,32289.0,-1902191.0,-58.9115,0.9963,1.2346,55,44.01,-0.4579
ANT,HAM,Tanker,Chemical,453.6,0.8,15057.0,114229.0,143669.0,2444.0,0.017,0.8274,1.0213,18,37.21,0.0009
SGP,TYO,Bulk_Carrier,Iron Ore,5314.4,9.36,155714.0,117793.0,15459.0,-398396.0,-25.7719,0.8132,0.9601,19,58.78,-0.182
HOU,ANT,Container_Ship,Electronics,8102.1,9.42,1057505.0,139078.0,320998.0,-1016958.0,-3.1681,0.937,1.142,28,83.89,-0.5935
SAN,COL,LNG_Carrier,LPG,13986.2,18.76,1533979.0,64661.0,20910.0,-1859119.0,-88.9112,0.84,1.1854,35,65.05,-0.689
MUM,COL,Reefer,Perishables,1535.0,2.17,51095.0,59296.0,10040.0,-132922.0,-13.2396,0.8043,1.1558,53,34.27,-0.0421
TYO,HOU,Container_Ship,Containers,10740.5,12.79,1514691.0,159218.0,115591.0,-1750240.0,-15.1416,0.9293,1.1517,30,67.37,-0.7463
NYK,CPT,Container_Ship,Electronics,12566.3,13.19,1356548.0,113201.0,260031.0,-1407630.0,-5.4133,0.8273,1.0478,64,41.18,-0.3453
LAG,ANT,Container_Ship,Electronics,4978.7,5.32,591056.0,83478.0,341043.0,-413256.0,-1.2117,0.9937,1.144,56,58.24,-0.1897
SYD,LAX,Container_Ship,Auto Parts,12054.8,12.62,1421912.0,128362.0,295400.0,-1444116.0,-4.8887,0.9655,1.1331,33,56.32,-0.4926
HOU,RTM,Reefer,Pharmaceuticals,8072.0,11.63,246130.0,121319.0,88043.0,-453828.0,-5.1546,0.8551,1.0725,57,88.74,-0.2805
KHI,JEA,Reefer,Frozen Fish,1207.1,1.66,42867.0,65562.0,15379.0,-117909.0,-7.667,0.783,1.0911,69,59.11,-0.0654
HAM,LAG,LNG_Carrier,LNG,5272.3,6.27,520502.0,94930.0,20427.0,-689129.0,-33.7364,0.8374,0.9293,18,89.74,-0.4814
BUS,SYD,Container_Ship,Electronics,8015.7,8.57,827906.0,107881.0,266618.0,-797730.0,-2.992,0.9729,0.9135,64,33.46,-0.1863
HAM,SGP,LNG_Carrier,LPG,10154.8,13.55,1024524.0,102640.0,17092.0,-1313387.0,-76.8437,0.8679,0.9378,43,85.41,-0.7245
BUS,KHI,Reefer,Refrigerated Goods,5990.8,8.72,213709.0,78072.0,15319.0,-407218.0,-26.5831,0.9165,1.1607,40,37.72,-0.116
SGP,SAN,Bulk_Carrier,Coal,15934.4,31.1,412846.0,77602.0,23145.0,-933758.0,-40.3441,0.7676,1.1965,19,34.1,-0.1711
HAM,LAX,Bulk_Carrier,Grain,9100.3,17.73,257574.0,126878.0,36210.0,-614199.0,-16.9622,0.7755,0.9265,65,48.15,-0.1983
KHI,BUS,Container_Ship,Auto Parts,5990.8,7.1,805180.0,72870.0,194855.0,-789754.0,-4.053,0.7707,0.9364,49,83.7,-0.4995
TYO,SYD,Bulk_Carrier,Grain,7825.8,15.92,211959.0,128135.0,43617.0,-535319.0,-12.2732,0.9592,0.9022,26,71.43,-0.2688
CPT,SAN,Tanker,Chemical,6297.2,11.29,242416.0,63532.0,193284.0,-282047.0,-1.4592,0.9322,1.2197,51,87.38,-0.1839
KHI,TYO,Container_Ship,Auto Parts,6926.4,7.33,800629.0,92769.0,218710.0,-784642.0,-3.5876,0.7886,1.0272,47,64.7,-0.3695
HAM,SHA,Container_Ship,Containers,8527.4,9.33,941517.0,114919.0,89106.0,-1107288.0,-12.4267,0.884,0.9333,50,61.25,-0.4644
NYK,KHI,Container_Ship,Electronics,11689.8,12.43,1202965.0,101588.0,324892.0,-1166171.0,-3.5894,0.9344,1.159,24,60.33,-0.4313
COL,SAN,Container_Ship,Auto Parts,13986.2,15.8,1724317.0,58820.0,225650.0,-1794534.0,-7.9527,0.7775,1.075,48,53.08,-0.5427
NYK,JEA,Bulk_Carrier,Grain,11017.6,20.49,310799.0,115508.0,48814.0,-684915.0,-14.0311,0.8752,1.1066,35,37.54,-0.1612
JEA,KHI,Container_Ship,Electronics,1207.1,1.44,171525.0,63272.0,295599.0,39234.0,0.1327,0.8741,1.1272,48,69.79,0.0257
BUS,HAM,Container_Ship,Electronics,8550.1,10.23,1200044.0,100151.0,231412.0,-1222238.0,-5.2817,0.8446,0.9133,45,74.52,-0.6232
KHI,NYK,Tanker,Chemical,11689.8,20.45,458440.0,99487.0,179892.0,-684767.0,-3.8066,0.9275,1.141,33,57.81,-0.2427
MUM,SYD,LNG_Carrier,LPG,10150.5,13.39,957448.0,85681.0,16584.0,-1227452.0,-74.0124,0.8637,0.9143,66,37.99,-0.3012
SYD,LAX,Container_Ship,Machinery,12054.8,12.59,1215744.0,112404.0,141812.0,-1375253.0,-9.6977,0.7733,0.9551,27,35.85,-0.2986
BUS,CPT,Container_Ship,Machinery,13800.1,15.29,1668933.0,83522.0,156317.0,-1825467.0,-11.678,0.7997,1.0181,43,63.23,-0.6614
HAM,COL,Bulk_Carrier,Bauxite,8074.9,14.98,225282.0,77642.0,7307.0,-520284.0,-71.203,0.7777,1.0439,61,46.95,-0.1701
MUM,KHI,Tanker,Crude Oil,893.2,1.53,34901.0,52588.0,16923.0,-93473.0,-5.5236,0.9325,1.2098,21,83.97,-0.0749
HOU,BUS,Reefer,Perishables,11424.5,16.05,385566.0,122897.0,9229.0,-739916.0,-80.1706,0.831,1.0284,41,55.49,-0.2539
LAG,SGP,Bulk_Carrier,Bauxite,11147.2,19.46,314321.0,80065.0,8772.0,-677472.0,-77.2296,0.9515,1.0244,52,39.53,-0.1672
SHA,SGP,Tanker,Chemical,3810.3,6.9,132641.0,92406.0,173601.0,-154944.0,-0.8925,0.8782,1.1628,60,51.32,-0.066
SAN,BUS,Tanker,Crude Oil,18691.4,32.08,696119.0,92345.0,13314.0,-1256308.0,-94.3613,0.8145,1.0897,20,67.37,-0.4212
JEA,ANT,Reefer,Refrigerated Goods,5160.9,7.34,177035.0,105262.0,12520.0,-379806.0,-30.3353,0.9624,0.9035,29,72.83,-0.2163
SHA,JEA,Container_Ship,Containers,6458.3,6.68,635670.0,89531.0,120590.0,-704759.0,-5.8443,0.9898,1.1281,43,37.64,-0.1967
SGP,KHI,LNG_Carrier,LPG,4744.0,6.05,440463.0,68108.0,22148.0,-577230.0,-26.0621,0.8713,1.2104,35,64.79,-0.2977
HAM,BUS,Container_Ship,Machinery,8550.1,9.55,990101.0,114576.0,177027.0,-1070830.0,-6.049,0.8914,1.0343,64,54.68,-0.4006
SHA,COL,Reefer,Refrigerated Goods,5092.6,7.06,171338.0,76817.0,13207.0,-340823.0,-25.8064,0.8791,1.0432,30,69.05,-0.1846
COL,NYK,LNG_Carrier,LNG,14086.8,18.68,1592227.0,99764.0,28917.0,-1943293.0,-67.2022,0.9874,1.1157,44,71.52,-0.7894
SGP,LAX,Tanker,Crude Oil,14141.5,24.74,504090.0,116344.0,14307.0,-977242.0,-68.303,0.9004,1.0594,44,74.01,-0.4101
JEA,COL,Container_Ship,Containers,3316.6,3.47,398646.0,65203.0,104249.0,-411643.0,-3.9487,0.9347,1.0327,59,88.19,-0.3079
CPT,SHA,Bulk_Carrier,Coal,12978.3,23.27,369739.0,81834.0,25969.0,-774630.0,-29.8293,0.9082,1.1347,33,52.04,-0.237
KHI,SAN,Reefer,Refrigerated Goods,13337.2,17.29,457956.0,57838.0,13237.0,-761906.0,-57.5588,0.7564,1.2153,59,83.91,-0.3716
LAX,CPT,Container_Ship,Machinery,16044.7,17.09,1646392.0,93862.0,169388.0,-1827163.0,-10.7869,0.9182,0.9608,55,74.56,-0.7299
KHI,HOU,Container_Ship,Auto Parts,13656.9,14.43,1612210.0,83548.0,230518.0,-1681672.0,-7.2952,0.9027,0.9458,39,49.03,-0.4746
SAN,CPT,Container_Ship,Auto Parts,6297.2,7.19,768704.0,57214.0,251785.0,-681916.0,-2.7083,0.9917,0.9403,48,50.69,-0.258
JEA,ANT,Reefer,Frozen Fish,5160.9,7.01,184989.0,89082.0,21632.0,-357649.0,-16.5335,0.9817,1.2241,53,81.23,-0.2272
SGP,RTM,LNG_Carrier,LPG,10534.9,14.34,1094373.0,103193.0,20911.0,-1391767.0,-66.5556,0.9419,1.0572,68,65.91,-0.5847
LAG,COL,LNG_Carrier,LNG,8435.8,10.1,869270.0,51205.0,21307.0,-1050597.0,-49.3082,0.7838,1.0356,48,57.23,-0.4131
LAG,SHA,Bulk_Carrier,Iron Ore,12229.8,23.79,344303.0,89802.0,19892.0,-771041.0,-38.761,0.875,1.1482,62,30.88,-0.1434
RTM,ANT,Container_Ship,Containers,78.1,0.09,9035.0,130107.0,129120.0,-11391.0,-0.0882,0.9612,1.2439,20,54.13,-0.0061
LAX,LAG,LNG_Carrier,LPG,12430.0,15.87,1330108.0,95634.0,20781.0,-1642947.0,-79.0591,0.9984,0.9912,62,78.57,-0.7725
CPT,SHA,LNG_Carrier,LNG,12978.3,16.74,1354514.0,82725.0,23918.0,-1664453.0,-69.5898,0.8809,1.0344,53,80.79,-0.7907
SYD,TYO,Bulk_Carrier,Bauxite,7825.8,14.01,197131.0,125434.0,9934.0,-522839.0,-52.6338,0.9139,1.2077,28,45.42,-0.1669
SHA,HOU,Tanker,Fuel Oil,12195.4,20.06,379485.0,113390.0,80985.0,-712827.0,-8.802,0.9547,1.0098,45,84.57,-0.3635
JEA,SAN,Reefer,Pharmaceuticals,12181.9,15.27,359492.0,77834.0,75928.0,-590453.0,-7.7765,0.8337,0.9487,24,76.08,-0.271
HOU,MUM,Reefer,Perishables,14456.2,19.24,498442.0,97866.0,10832.0,-874098.0,-80.6981,0.9179,1.0927,29,58.37,-0.2866
COL,ANT,Bulk_Carrier,Grain,8396.7,16.36,225061.0,81574.0,48979.0,-503101.0,-10.2717,0.9691,1.0028,69,35.5,-0.1229
SGP,BUS,Reefer,Frozen Fish,4583.4,6.16,131944.0,92206.0,21795.0,-294710.0,-13.5219,0.9904,1.2225,44,55.54,-0.1312
SYD,LAX,Container_Ship,Containers,12054.8,12.6,1482865.0,125238.0,123577.0,-1673594.0,-13.543,0.9333,1.226,32,30.6,-0.3102
ANT,BUS,Reefer,Refrigerated Goods,8997.1,13.23,351851.0,102201.0,14589.0,-637846.0,-43.7201,0.8305,1.22,63,89.31,-0.3834
SYD,MUM,Bulk_Carrier,Bauxite,10150.5,19.71,317364.0,96840.0,7078.0,-702785.0,-99.2869,0.8023,0.9803,57,58.35,-0.2649
MUM,KHI,Reefer,Frozen Fish,893.2,1.23,28764.0,50436.0,13372.0,-84225.0,-6.2986,0.7822,0.9497,18,73.72,-0.0592
SYD,HAM,Bulk_Carrier,Grain,16284.4,33.09,451665.0,112180.0,53925.0,-1006264.0,-18.6604,0.9957,1.0745,69,36.13,-0.1935
NYK,HAM,Container_Ship,Containers,6125.8,6.87,771151.0,128256.0,98838.0,-903681.0,-9.1431,0.8592,1.0651,21,89.99,-0.6111
TYO,KHI,Reefer,Perishables,6926.4,9.59,246170.0,98744.0,10222.0,-478607.0,-46.8213,0.8709,1.0868,21,48.24,-0.168
KHI,HOU,Tanker,Chemical,13656.9,22.09,409835.0,84469.0,162828.0,-662762.0,-4.0703,0.9219,1.0389,51,65.76,-0.2509
MUM,BUS,LNG_Carrier,LNG,5775.4,7.1,574369.0,78620.0,21638.0,-737897.0,-34.1014,0.8177,1.0081,68,60.46,-0.3401
KHI,LAG,LNG_Carrier,LPG,7048.8,8.92,710168.0,48077.0,19971.0,-872144.0,-43.6707,0.8651,1.0993,57,52.76,-0.3333
SGP,SHA,Tanker,Fuel Oil,3810.3,6.72,131337.0,91611.0,81800.0,-241899.0,-2.9572,0.9192,1.0594,57,30.16,-0.0605
JEA,HOU,Reefer,Pharmaceuticals,13157.3,17.02,412837.0,110428.0,84966.0,-693560.0,-8.1628,0.934,0.9476,41,51.0,-0.2068
BUS,SHA,LNG_Carrier,LNG,832.1,1.15,78524.0,104834.0,20207.0,-180452.0,-8.9303,0.8124,0.9475,54,38.86,-0.0671
KHI,HAM,LNG_Carrier,LNG,5660.0,6.9,552020.0,79680.0,28427.0,-706836.0,-24.8648,0.9675,1.1193,50,39.94,-0.2162
MUM,NYK,Bulk_Carrier,Grain,12555.7,24.56,393326.0,105101.0,47412.0,-819420.0,-17.283,0.9404,1.0004,21,76.51,-0.3736
KHI,ANT,Tanker,Chemical,5992.6,10.71,229840.0,75691.0,127621.0,-338564.0,-2.6529,0.8045,0.9331,68,41.68,-0.1066
HAM,KHI,Reefer,Refrigerated Goods,5660.0,7.35,191624.0,78737.0,12123.0,-368440.0,-30.3925,0.8183,1.0288,36,81.74,-0.2307
LAG,BUS,Tanker,Fuel Oil,12692.5,23.71,548404.0,72120.0,83778.0,-892462.0,-10.6527,0.9419,1.0589,27,33.38,-0.1768
SYD,JEA,LNG_Carrier,LPG,12058.9,14.48,1179536.0,94499.0,20204.0,-1470964.0,-72.8046,0.8172,1.1773,41,30.33,-0.2702
LAX,MUM,Reefer,Refrigerated Goods,14043.2,18.53,387922.0,88202.0,14291.0,-739847.0,-51.7686,0.8682,1.1432,18,64.45,-0.2712
SAN,SGP,Tanker,Chemical,15934.4,29.27,602616.0,79485.0,142755.0,-978372.0,-6.8535,0.8824,0.9516,26,86.34,-0.454
KHI,HOU,Bulk_Carrier,Grain,13656.9,26.94,379237.0,98064.0,39006.0,-842431.0,-21.5974,0.7636,1.0136,65,60.95,-0.2956
LAG,BUS,Tanker,Crude Oil,12692.5,22.42,508388.0,84022.0,15362.0,-913380.0,-59.4578,0.8908,1.1497,18,73.27,-0.3971
RTM,CPT,Tanker,Fuel Oil,9642.1,15.78,322987.0,87516.0,85874.0,-561290.0,-6.5362,0.9626,1.0621,68,71.53,-0.264
CPT,RTM,Container_Ship,Machinery,9642.1,10.31,1067342.0,81287.0,209429.0,-1093918.0,-5.2233,0.8964,1.2169,56,71.34,-0.5132
LAG,BUS,Container_Ship,Machinery,12692.5,14.57,1740460.0,80206.0,161691.0,-1877535.0,-11.6119,0.8626,0.9763,59,54.88,-0.6113
LAX,SYD,Tanker,Chemical,12054.8,22.68,489397.0,119330.0,173985.0,-775012.0,-4.4545,0.985,1.039,51,85.11,-0.3995
CPT,LAG,Reefer,Perishables,4761.1,6.01,143597.0,62342.0,12895.0,-283184.0,-21.9613,0.9796,1.2188,68,45.83,-0.1032
CPT,HAM,Container_Ship,Auto Parts,9764.5,10.76,1168414.0,79386.0,246626.0,-1162584.0,-4.714,0.772,1.1832,54,88.74,-0.6755
SGP,CPT,Tanker,Fuel Oil,9665.9,17.48,389404.0,74421.0,85767.0,-640293.0,-7.4655,0.8482,1.2038,25,81.44,-0.3426
JEA,LAG,LNG_Carrier,LPG,5856.7,7.81,576285.0,73230.0,20513.0,-746117.0,-36.3737,0.8067,1.2109,39,47.24,-0.2678
HOU,LAX,Container_Ship,Containers,2204.4,2.52,282803.0,145124.0,108012.0,-357690.0,-3.3116,0.8109,1.2333,34,60.12,-0.1922
SGP,LAG,Tanker,Chemical,11147.2,20.85,410276.0,78228.0,140316.0,-660999.0,-4.7108,0.8694,0.9494,40,74.76,-0.3085
SGP,LAX,Bulk_Carrier,Coal,14141.5,26.2,357568.0,115455.0,23891.0,-842171.0,-35.251,0.9864,0.9611,56,37.72,-0.1801
SAN,SYD,Tanker,Fuel Oil,13322.4,21.58,446614.0,102190.0,75622.0,-796899.0,-10.538,0.8983,1.0021,35,44.16,-0.2047
MUM,HOU,Container_Ship,Machinery,14456.2,16.35,1585957.0,102097.0,192366.0,-1740865.0,-9.0498,0.8385,1.1949,28,60.31,-0.5897
MUM,JEA,Reefer,Perishables,1954.2,2.77,60240.0,68801.0,9418.0,-161223.0,-17.1179,0.9274,0.9404,60,38.96,-0.0568
HAM,HOU,Bulk_Carrier,Bauxite,8306.0,14.94,240906.0,122508.0,8332.0,-579143.0,-69.511,0.8398,1.1023,22,82.87,-0.3313
TYO,COL,Reefer,Frozen Fish,6846.1,8.72,184406.0,110056.0,17600.0,-407731.0,-23.1661,0.9015,1.0847,52,72.17,-0.2148
HAM,LAG,Bulk_Carrier,Grain,5272.3,9.46,153438.0,94862.0,52510.0,-337679.0,-6.4308,0.8459,1.2317,22,88.39,-0.2323
HOU,SAN,LNG_Carrier,LNG,7942.5,10.48,834977.0,103877.0,26646.0,-1069342.0,-40.1317,0.8331,1.2184,69,88.9,-0.6653
LAG,SAN,Tanker,Chemical,6362.4,10.9,205423.0,65176.0,172655.0,-261498.0,-1.5146,0.8773,1.1577,30,35.69,-0.0695
ANT,BUS,Bulk_Carrier,Bauxite,8997.1,17.73,247241.0,106147.0,8891.0,-610396.0,-68.651,0.936,1.0555,53,75.2,-0.3089
BUS,COL,Reefer,Perishables,5911.7,7.55,172895.0,70383.0,7725.0,-348749.0,-45.1439,0.7521,0.951,52,52.07,-0.1377
HOU,SGP,Container_Ship,Containers,16004.8,18.33,1996192.0,105756.0,84274.0,-2292559.0,-27.2036,0.8072,0.9668,43,32.27,-0.3969
LAX,KHI,LNG_Carrier,LPG,13476.2,17.22,1331677.0,78678.0,23912.0,-1644722.0,-68.7829,0.9433,1.2071,18,75.88,-0.7224
COL,HOU,LNG_Carrier,LPG,15903.9,20.76,1634966.0,90023.0,18800.0,-2017593.0,-107.3205,0.8393,1.0666,46,76.3,-0.8282
LAG,HOU,Tanker,Crude Oil,10488.9,19.45,422854.0,96113.0,13211.0,-797564.0,-60.3706,0.9007,0.9778,40,74.4,-0.3788
SGP,KHI,LNG_Carrier,LPG,4744.0,5.82,443286.0,61367.0,18567.0,-573361.0,-30.8798,0.9361,0.9445,38,48.65,-0.2221
MUM,BUS,Reefer,Pharmaceuticals,5775.4,8.39,206890.0,75524.0,90783.0,-317410.0,-3.4964,0.8806,1.0738,46,35.04,-0.0848
CPT,MUM,Reefer,Perishables,8227.2,10.72,272826.0,58085.0,11319.0,-480456.0,-42.4473,0.8962,1.1694,58,51.85,-0.1725
SYD,SHA,Container_Ship,Auto Parts,7881.4,8.76,867920.0,106731.0,243259.0,-862808.0,-3.5469,0.9323,0.9663,58,50.56,-0.306
SHA,SGP,Tanker,Crude Oil,3810.3,6.22,121764.0,91985.0,11737.0,-295327.0,-25.1629,0.8215,0.9525,39,65.21,-0.1597
TYO,LAX,Bulk_Carrier,Coal,8839.0,17.6,266046.0,131739.0,18964.0,-642807.0,-33.8967,0.7955,0.946,34,55.64,-0.2421
RTM,COL,LNG_Carrier,LNG,8401.4,10.17,795992.0,92232.0,25578.0,-1015122.0,-39.6874,0.7799,1.2494,53,53.6,-0.3743
KHI,TYO,Tanker,Chemical,6926.4,12.17,236132.0,98489.0,151907.0,-365273.0,-2.4046,0.7998,1.1173,18,85.92,-0.2284
SHA,SGP,Tanker,Chemical,3810.3,6.79,144492.0,90311.0,146842.0,-189851.0,-1.2929,0.7509,1.1503,35,80.62,-0.1269
LAX,HAM,Bulk_Carrier,Coal,9100.3,18.1,238115.0,129232.0,28876.0,-610017.0,-21.1256,0.9932,1.1538,67,72.89,-0.2982
KHI,LAX,Tanker,Fuel Oil,13476.2,22.77,459433.0,86660.0,72634.0,-814998.0,-11.2206,0.8487,1.0189,55,69.29,-0.3269
KHI,HAM,Container_Ship,Containers,5660.0,5.96,644497.0,89658.0,106794.0,-716808.0,-6.712,0.8861,1.116,52,78.33,-0.4301
LAX,SAN,Reefer,Perishables,9942.3,13.42,317683.0,92829.0,9752.0,-602112.0,-61.745,0.7671,1.1771,45,77.74,-0.3046
LAG,TYO,LNG_Carrier,LNG,13474.1,17.26,1492868.0,108142.0,19587.0,-1840265.0,-93.9538,0.7985,0.9345,25,46.56,-0.4959
JEA,CPT,LNG_Carrier,LNG,7606.3,9.48,664652.0,64935.0,28241.0,-843487.0,-29.8671,0.9268,1.1608,58,71.12,-0.4252
SGP,JEA,Tanker,Chemical,5858.9,9.89,224362.0,89543.0,176601.0,-285684.0,-1.6177,0.9263,1.1215,34,71.85,-0.1559
KHI,BUS,Bulk_Carrier,Grain,5990.8,10.57,148810.0,70831.0,52026.0,-326111.0,-6.2682,0.9148,1.1285,43,70.51,-0.1737
KHI,MUM,LNG_Carrier,LPG,893.2,1.21,88862.0,55245.0,16896.0,-145370.0,-8.6036,0.7934,1.0141,53,77.62,-0.1076
HAM,SHA,Container_Ship,Auto Parts,8527.4,9.47,979209.0,119567.0,243843.0,-997012.0,-4.0888,0.8914,1.0131,27,55.68,-0.3801
SGP,NYK,Bulk_Carrier,Coal,15342.9,30.98,505534.0,117981.0,20372.0,-1067916.0,-52.4198,0.8675,0.9319,69,72.78,-0.4251
ANT,SAN,Reefer,Pharmaceuticals,9716.8,12.22,315212.0,96463.0,99716.0,-495270.0,-4.9668,0.9624,1.0793,49,84.68,-0.2751
KHI,MUM,Bulk_Carrier,Bauxite,893.2,1.77,26400.0,56053.0,8680.0,-100249.0,-11.5489,0.9191,1.0494,25,56.77,-0.0543
BUS,LAX,Bulk_Carrier,Grain,9637.7,18.14,245359.0,112281.0,51920.0,-577794.0,-11.1286,0.9903,1.0403,58,31.89,-0.1212
MUM,SYD,Container_Ship,Containers,10150.5,11.92,1218159.0,87447.0,79050.0,-1405369.0,-17.7781,0.7938,0.9221,18,88.89,-0.807
HAM,SGP,Bulk_Carrier,Iron Ore,10154.8,18.6,309431.0,96821.0,18252.0,-666996.0,-36.5442,0.9171,1.0052,39,83.24,-0.3586
COL,MUM,Tanker,Crude Oil,1535.0,2.83,55973.0,58315.0,16162.0,-140593.0,-8.699,0.924,1.1661,30,37.87,-0.0492
JEA,CPT,Tanker,Fuel Oil,7606.3,13.95,324871.0,67006.0,69958.0,-531147.0,-7.5923,0.8419,0.9892,26,88.62,-0.3337
HOU,HAM,Reefer,Perishables,8306.0,10.7,267848.0,141804.0,9407.0,-560785.0,-59.6165,0.7738,1.1257,35,74.67,-0.2891
LAX,JEA,Tanker,Chemical,13447.6,22.13,473699.0,105998.0,183458.0,-728143.0,-3.969,0.9217,1.1708,43,67.31,-0.284
LAX,HAM,Reefer,Perishables,9100.3,12.49,280677.0,130716.0,10837.0,-587951.0,-54.2551,0.9847,1.019,25,45.43,-0.1791
SHA,LAG,Container_Ship,Containers,12229.8,12.88,1285833.0,89100.0,105144.0,-1463057.0,-13.9148,0.8495,1.1461,54,53.36,-0.4702
LAX,NYK,Reefer,Pharmaceuticals,3948.9,5.17,137763.0,151320.0,101898.0,-264672.0,-2.5974,0.9748,1.0889,38,60.11,-0.1311
COL,MUM,LNG_Carrier,LPG,1535.0,1.85,141822.0,60831.0,23093.0,-207237.0,-8.974,0.8888,1.2373,59,69.93,-0.1338
COL,ANT,LNG_Carrier,LPG,8396.7,11.06,796258.0,82853.0,23324.0,-1021647.0,-43.8025,0.9505,1.1684,71,71.87,-0.5052
NYK,HOU,Bulk_Carrier,Iron Ore,2277.1,3.94,57672.0,152056.0,18467.0,-250424.0,-13.5609,0.8913,1.0464,46,57.7,-0.1287
MUM,LAG,Reefer,Frozen Fish,7617.6,10.59,221199.0,61131.0,14819.0,-426300.0,-28.7667,0.8857,0.9295,19,62.45,-0.1886
RTM,MUM,LNG_Carrier,LNG,6887.0,9.34,654630.0,92434.0,23766.0,-863401.0,-36.3299,0.7922,1.1428,22,60.02,-0.3777
TYO,SYD,LNG_Carrier,LNG,7825.8,9.75,738656.0,136965.0,25880.0,-995957.0,-38.4834,0.9619,1.025,39,71.01,-0.4971
TYO,COL,LNG_Carrier,LNG,6846.1,9.21,781177.0,99225.0,24985.0,-993620.0,-39.7684,0.796,1.1958,71,82.49,-0.5984
RTM,LAG,Tanker,Fuel Oil,5056.8,8.23,189724.0,91521.0,71044.0,-333718.0,-4.6974,0.7959,1.0627,62,37.04,-0.0971
BUS,LAX,LNG_Carrier,LNG,9637.7,13.3,1035030.0,108315.0,25095.0,-1317756.0,-52.5102,0.9413,1.0157,68,59.66,-0.5171
HOU,HAM,LNG_Carrier,LPG,8306.0,10.55,738610.0,141555.0,19639.0,-1018787.0,-51.8753,0.8276,1.13,33,82.3,-0.5789
NYK,COL,Tanker,Fuel Oil,14086.8,23.87,539938.0,108482.0,85793.0,-920710.0,-10.7318,0.9923,1.0293,24,67.24,-0.3516
KHI,JEA,LNG_Carrier,LPG,1207.1,1.54,106366.0,56082.0,15530.0,-170028.0,-10.948,0.7917,0.9341,36,51.65,-0.0824
MUM,LAG,Reefer,Frozen Fish,7617.6,10.38,228816.0,65902.0,19608.0,-430763.0,-21.9686,0.9441,1.1539,61,37.7,-0.1151
KHI,SYD,Reefer,Frozen Fish,11020.1,14.2,297725.0,79680.0,16875.0,-573554.0,-33.9887,0.8922,1.0508,68,74.99,-0.2697
KHI,TYO,Container_Ship,Auto Parts,6926.4,7.52,881163.0,111337.0,188122.0,-917171.0,-4.8754,0.7505,0.9284,51,79.13,-0.5282
HAM,ANT,Tanker,Fuel Oil,453.6,0.79,15724.0,108552.0,72689.0,-63379.0,-0.8719,0.8826,0.9805,31,49.21,-0.0304
TYO,SYD,Bulk_Carrier,Coal,7825.8,15.17,251761.0,124468.0,25021.0,-578816.0,-23.1333,0.9542,1.0405,23,32.6,-0.1326
JEA,NYK,Bulk_Carrier,Bauxite,11017.6,22.02,301825.0,123113.0,8126.0,-747178.0,-91.9499,0.7879,1.146,64,73.53,-0.3445
KHI,HAM,Tanker,Fuel Oil,5660.0,9.32,182004.0,84279.0,75625.0,-330473.0,-4.3699,0.7729,1.1649,27,71.2,-0.1802
SAN,CPT,Container_Ship,Electronics,6297.2,6.78,733655.0,66196.0,262602.0,-638890.0,-2.4329,0.9191,0.9524,20,82.65,-0.3941
BUS,HOU,Tanker,Crude Oil,11424.5,19.3,383079.0,116113.0,11935.0,-776732.0,-65.08,0.8294,0.9594,61,42.46,-0.204
SHA,KHI,Tanker,Chemical,5340.0,9.19,211495.0,82295.0,187106.0,-244584.0,-1.3072,0.9173,1.1999,41,39.77,-0.0755
JEA,LAX,Container_Ship,Machinery,13447.6,14.3,1423984.0,109554.0,145781.0,-1602206.0,-10.9905,0.8357,0.9086,52,72.99,-0.6775
LAX,SGP,Reefer,Perishables,14141.5,19.66,422122.0,103898.0,13053.0,-807888.0,-61.891,0.9912,1.2194,21,38.76,-0.1776
ANT,SAN,LNG_Carrier,LNG,9716.8,12.77,935478.0,96155.0,24107.0,-1199128.0,-49.7421,0.8632,1.0639,59,69.16,-0.5439
BUS,COL,LNG_Carrier,LPG,5911.7,8.23,654512.0,71160.0,19691.0,-829432.0,-42.1229,0.8413,1.1146,40,67.46,-0.4242
NYK,SYD,Reefer,Refrigerated Goods,15985.3,20.07,508060.0,135948.0,11712.0,-933413.0,-79.6958,0.8877,0.9162,22,34.75,-0.1741
KHI,MUM,Bulk_Carrier,Bauxite,893.2,1.74,28426.0,57877.0,8811.0,-103517.0,-11.7485,0.9319,1.0506,43,45.53,-0.045
TYO,SAN,Tanker,Chemical,18591.0,30.65,713027.0,111763.0,155397.0,-1129104.0,-7.2659,0.8852,1.0327,47,41.59,-0.2343
JEA,KHI,Reefer,Frozen Fish,1207.1,1.76,40598.0,55438.0,16949.0,-105511.0,-6.2251,0.9258,1.0171,28,42.97,-0.0426
HOU,KHI,Reefer,Perishables,13656.9,19.38,430342.0,85219.0,11623.0,-794629.0,-68.3676,0.9439,1.1402,37,79.92,-0.3655
TYO,SGP,Tanker,Fuel Oil,5314.4,9.44,190504.0,114645.0,102882.0,-343855.0,-3.3422,0.9826,1.2465,18,65.09,-0.1739
COL,TYO,Bulk_Carrier,Coal,6846.1,12.46,185275.0,101874.0,26739.0,-447259.0,-16.7268,0.8844,1.1998,44,65.62,-0.2143
NYK,JEA,Reefer,Pharmaceuticals,11017.6,14.6,317639.0,103545.0,84725.0,-555402.0,-6.5553,0.8114,1.0876,40,43.12,-0.1501
JEA,SAN,LNG_Carrier,LNG,12181.9,15.65,1255419.0,77875.0,24793.0,-1543289.0,-62.2459,0.9122,1.0355,23,62.21,-0.5792
ANT,LAG,Tanker,Crude Oil,4978.7,8.45,176912.0,86932.0,17057.0,-373601.0,-21.9027,0.9858,1.1536,69,30.31,-0.0893
TYO,COL,Bulk_Carrier,Coal,6846.1,12.99,215080.0,95059.0,25813.0,-479121.0,-18.5613,0.8223,1.2457,22,45.56,-0.1594
NYK,JEA,Reefer,Pharmaceuticals,11017.6,14.55,335250.0,104235.0,85545.0,-572247.0,-6.6895,0.7818,1.1398,49,46.17,-0.1657
MUM,HAM,Tanker,Crude Oil,6551.7,11.75,218817.0,92284.0,16245.0,-471176.0,-29.0045,0.9289,1.1659,19,49.81,-0.1734
KHI,ANT,LNG_Carrier,LNG,5992.6,8.01,656757.0,85743.0,29808.0,-832791.0,-27.9381,0.922,1.2316,48,52.29,-0.329
ANT,BUS,LNG_Carrier,LPG,8997.1,11.52,790501.0,107968.0,16746.0,-1054511.0,-62.9718,0.8663,0.9205,18,86.13,-0.6113
SGP,KHI,Tanker,Chemical,4744.0,7.99,154254.0,67939.0,190365.0,-151706.0,-0.7969,0.908,1.2333,44,85.52,-0.1033
RTM,LAX,Reefer,Pharmaceuticals,8985.5,11.52,254223.0,131748.0,86589.0,-472230.0,-5.4537,0.7636,1.1812,27,68.5,-0.2178
NYK,SAN,LNG_Carrier,LNG,7737.9,9.49,691679.0,113420.0,23672.0,-923840.0,-39.0264,0.981,0.9193,21,31.03,-0.2022
COL,LAG,Container_Ship,Electronics,8435.8,9.82,1043300.0,53902.0,265595.0,-978921.0,-3.6858,0.7879,1.1237,61,42.23,-0.284
SAN,LAX,Bulk_Carrier,Bauxite,9942.3,17.52,259042.0,97774.0,6824.0,-612740.0,-89.7983,0.8058,0.9409,71,74.53,-0.2971
SAN,KHI,LNG_Carrier,LPG,13337.2,16.76,1367772.0,61656.0,20574.0,-1660206.0,-80.6931,0.8729,1.1224,26,87.79,-0.8473
SGP,HOU,Reefer,Pharmaceuticals,16004.8,22.29,574325.0,109692.0,84301.0,-934073.0,-11.0802,0.8976,0.9783,24,43.42,-0.2176
SYD,COL,Container_Ship,Electronics,8748.1,10.01,980503.0,74790.0,228696.0,-976781.0,-4.2711,0.8118,0.9391,51,45.94,-0.3048
MUM,JEA,Reefer,Pharmaceuticals,1954.2,2.69,69387.0,63125.0,105100.0,-67710.0,-0.6442,0.9601,1.1402,35,63.95,-0.0392
RTM,MUM,Container_Ship,Auto Parts,6887.0,8.06,960464.0,101336.0,220256.0,-962386.0,-4.3694,0.7835,1.0411,67,89.72,-0.6294
SAN,JEA,Bulk_Carrier,Bauxite,12181.9,22.64,318381.0,77974.0,7853.0,-728069.0,-92.7089,0.9579,0.9109,30,55.56,-0.244
COL,NYK,Reefer,Refrigerated Goods,14086.8,17.96,377397.0,101928.0,14649.0,-734020.0,-50.1056,0.8683,1.1716,46,67.42,-0.2811
TYO,MUM,Container_Ship,Electronics,6733.0,7.78,920580.0,107554.0,365180.0,-779725.0,-2.1352,0.9919,1.2271,49,84.35,-0.4823
BUS,COL,Reefer,Refrigerated Goods,5911.7,8.14,216653.0,70530.0,13413.0,-395864.0,-29.5131,0.9715,0.9588,57,36.22,-0.1087
HAM,HOU,Tanker,Crude Oil,8306.0,13.38,290465.0,119152.0,11536.0,-598766.0,-51.9022,0.7778,0.9888,62,39.26,-0.1623
SYD,LAX,Bulk_Carrier,Coal,12054.8,22.8,347351.0,125256.0,21415.0,-793159.0,-37.0376,0.7806,1.0886,59,31.23,-0.1501
SAN,NYK,Tanker,Fuel Oil,7737.9,13.48,306052.0,112736.0,77714.0,-543214.0,-6.9899,0.801,1.155,68,33.18,-0.1271
JEA,SAN,Reefer,Refrigerated Goods,12181.9,15.57,364600.0,74363.0,12998.0,-659444.0,-50.7354,0.8365,1.079,31,42.93,-0.1708
RTM,LAG,LNG_Carrier,LPG,5056.8,6.6,453507.0,88001.0,17774.0,-622768.0,-35.039,0.7545,1.1218,41,82.21,-0.4022
HAM,NYK,LNG_Carrier,LPG,6125.8,7.79,613898.0,137477.0,21255.0,-846958.0,-39.8481,0.9163,1.1046,19,61.79,-0.3932
BUS,SYD,Container_Ship,Auto Parts,8015.7,9.29,899426.0,112683.0,261972.0,-889503.0,-3.3954,0.8058,1.204,65,56.89,-0.3532
SHA,TYO,Bulk_Carrier,Iron Ore,1754.3,3.21,51589.0,135391.0,14918.0,-220157.0,-14.7573,0.7681,0.981,30,67.59,-0.1359
HOU,HAM,Bulk_Carrier,Grain,8306.0,14.88,244042.0,134542.0,51575.0,-550256.0,-10.669,0.9772,1.0472,18,72.86,-0.2768
SGP,COL,Tanker,Crude Oil,2732.3,4.95,106205.0,68883.0,12843.0,-236492.0,-18.4136,0.8431,1.0156,45,36.45,-0.0751
SGP,NYK,Tanker,Fuel Oil,15342.9,28.27,608618.0,121647.0,75173.0,-1079088.0,-14.3548,0.9295,0.9628,41,34.86,-0.2058
HOU,MUM,Container_Ship,Machinery,14456.2,17.01,1790145.0,95681.0,187902.0,-1953077.0,-10.3941,0.7873,1.2431,60,56.3,-0.6176
TYO,SYD,Bulk_Carrier,Bauxite,7825.8,13.62,213676.0,126402.0,9261.0,-535165.0,-57.7865,0.8621,1.1936,30,52.9,-0.199
SHA,ANT,Bulk_Carrier,Iron Ore,8980.7,15.56,205428.0,114648.0,16749.0,-536681.0,-32.0418,0.809,1.0456,45,81.3,-0.2938
KHI,SAN,Bulk_Carrier,Grain,13337.2,23.49,353082.0,57264.0,57832.0,-704929.0,-12.1893,0.9264,1.2386,34,48.21,-0.1976
TYO,MUM,LNG_Carrier,LNG,6733.0,8.89,625922.0,106199.0,29893.0,-835585.0,-27.9525,0.9806,1.1613,41,58.24,-0.3569
ANT,TYO,Tanker,Fuel Oil,9411.9,17.07,384495.0,125410.0,72035.0,-693981.0,-9.6339,0.7792,1.1006,34,75.54,-0.3476
SGP,BUS,Bulk_Carrier,Coal,4583.4,8.65,127984.0,96652.0,22322.0,-332046.0,-14.8753,0.8464,1.0465,38,41.37,-0.1101
HOU,SGP,Reefer,Perishables,16004.8,20.13,499209.0,116347.0,8254.0,-909273.0,-110.1579,0.7838,0.9751,45,45.98,-0.2243
KHI,TYO,LNG_Carrier,LPG,6926.4,8.77,712454.0,98817.0,17339.0,-925445.0,-53.3743,0.775,1.0653,57,38.32,-0.2581
NYK,SGP,Reefer,Refrigerated Goods,15342.9,21.46,566024.0,130470.0,16465.0,-1001945.0,-60.8516,0.9281,1.232,25,86.94,-0.4764
SAN,HAM,LNG_Carrier,LNG,10166.5,12.38,881310.0,96044.0,18788.0,-1144321.0,-60.9056,0.7661,0.9342,64,48.37,-0.3573
CPT,COL,Tanker,Crude Oil,7888.4,14.39,296838.0,58159.0,16099.0,-554803.0,-34.4622,0.9814,1.0936,44,89.88,-0.3497
RTM,SGP,Tanker,Chemical,10534.9,19.21,391535.0,101474.0,157524.0,-623603.0,-3.9588,0.8677,1.0679,45,68.36,-0.2717
ANT,LAX,Container_Ship,Machinery,9036.9,10.32,1176947.0,114466.0,168236.0,-1277953.0,-7.5962,0.8422,1.0404,33,76.48,-0.6569
TYO,BUS,Container_Ship,Machinery,959.3,1.08,118709.0,140906.0,174994.0,-100862.0,-0.5764,0.9148,0.9964,53,56.93,-0.0546
LAX,ANT,LNG_Carrier,LPG,9036.9,11.68,903738.0,129578.0,18584.0,-1189988.0,-64.0335,0.7804,1.1339,21,56.28,-0.4501
SYD,SAN,LNG_Carrier,LPG,13322.4,15.88,1373243.0,90708.0,17814.0,-1684271.0,-94.5481,0.7559,1.1223,53,60.36,-0.5913
BUS,COL,Bulk_Carrier,Grain,5911.7,10.92,172919.0,67620.0,43037.0,-361244.0,-8.3939,0.8939,0.9552,25,44.57,-0.1221
LAG,BUS,Reefer,Frozen Fish,12692.5,16.21,422999.0,84605.0,21000.0,-729688.0,-34.7467,0.9922,1.1759,26,62.89,-0.2723
COL,SGP,Bulk_Carrier,Iron Ore,2732.3,5.03,81282.0,65334.0,19507.0,-202525.0,-10.382,0.9659,1.02,27,40.01,-0.0706
HOU,JEA,Reefer,Perishables,13157.3,17.62,407351.0,110248.0,8257.0,-773693.0,-93.7036,0.8025,0.9527,18,71.93,-0.3254
BUS,MUM,Bulk_Carrier,Bauxite,5775.4,11.47,161099.0,88064.0,6665.0,-414528.0,-62.1965,0.7682,0.9639,47,63.14,-0.1995
BUS,JEA,Tanker,Chemical,7055.4,12.22,247135.0,85679.0,188752.0,-327314.0,-1.7341,0.9827,1.1299,67,82.6,-0.1958
HOU,COL,Bulk_Carrier,Bauxite,15903.9,29.22,482671.0,101643.0,8963.0,-1013688.0,-113.0981,0.8778,1.1345,52,74.12,-0.4042
RTM,SYD,Container_Ship,Electronics,16689.6,17.47,2062631.0,124417.0,271801.0,-2177320.0,-8.0107,0.7793,1.1627,60,62.67,-0.7178
NYK,MUM,Bulk_Carrier,Coal,12555.7,23.04,319400.0,100078.0,27325.0,-737683.0,-26.997,0.8897,1.2187,23,84.66,-0.3722
CPT,KHI,Container_Ship,Electronics,8308.9,8.74,832256.0,50294.0,272721.0,-740901.0,-2.7167,0.9293,0.9782,38,82.77,-0.4233
TYO,SYD,Tanker,Crude Oil,7825.8,13.8,300069.0,137378.0,12786.0,-631642.0,-49.4025,0.8733,0.976,36,89.9,-0.3992
RTM,BUS,Container_Ship,Electronics,8936.6,9.44,918484.0,114048.0,295564.0,-878581.0,-2.9726,0.7921,1.2437,22,53.85,-0.3191
KHI,SGP,Container_Ship,Electronics,4744.0,5.02,553873.0,60847.0,316501.0,-373542.0,-1.1802,0.9852,1.0709,27,31.65,-0.0941
ANT,HAM,Bulk_Carrier,Grain,453.6,0.82,11817.0,116845.0,45794.0,-95225.0,-2.0794,0.772,1.1769,25,43.23,-0.0402
KHI,NYK,Tanker,Crude Oil,11689.8,21.93,503624.0,101843.0,16821.0,-917613.0,-54.5509,0.9118,1.2298,46,62.75,-0.353
CPT,SYD,LNG_Carrier,LNG,11011.7,14.33,1151457.0,82055.0,25828.0,-1422572.0,-55.0788,0.903,1.0896,59,43.46,-0.3878
SAN,COL,Bulk_Carrier,Coal,13986.2,24.92,367825.0,64563.0,22606.0,-783617.0,-34.6648,0.9158,0.9795,25,50.99,-0.2277
NYK,JEA,Reefer,Frozen Fish,11017.6,14.4,381550.0,105111.0,15440.0,-687284.0,-44.5144,0.8497,1.0095,21,35.01,-0.1509
SHA,HAM,Bulk_Carrier,Grain,8527.4,16.84,256772.0,126150.0,52049.0,-583458.0,-11.2097,0.9244,1.1172,66,45.86,-0.1832
SYD,ANT,Tanker,Fuel Oil,16725.3,27.15,612665.0,113705.0,72984.0,-1060698.0,-14.5333,0.8132,1.0684,53,79.58,-0.4436
COL,CPT,Tanker,Fuel Oil,7888.4,13.24,308695.0,50692.0,74826.0,-483119.0,-6.4566,0.8361,1.0655,58,74.79,-0.2534
SAN,LAG,Bulk_Carrier,Grain,6362.4,11.24,173589.0,67595.0,47451.0,-362362.0,-7.6365,0.9665,0.9742,61,40.37,-0.1089
HOU,LAX,Container_Ship,Electronics,2204.4,2.31,251334.0,136021.0,272907.0,-149059.0,-0.5462,0.9516,0.956,63,63.54,-0.0846
NYK,CPT,Reefer,Frozen Fish,12566.3,16.23,348860.0,109108.0,18911.0,-682557.0,-36.0939,0.9756,1.0769,32,51.09,-0.2078
JEA,MUM,Container_Ship,Containers,1954.2,2.11,224174.0,69137.0,109577.0,-215353.0,-1.9653,0.943,1.0759,21,30.23,-0.0589
ANT,SHA,Reefer,Frozen Fish,8980.7,12.38,284783.0,105503.0,16508.0,-559528.0,-33.8947,0.7861,1.1666,59,68.46,-0.258
BUS,CPT,LNG_Carrier,LNG,13800.1,17.14,1167714.0,85516.0,19511.0,-1490856.0,-76.4125,0.7881,0.943,66,75.35,-0.6437
JEA,COL,Bulk_Carrier,Grain,3316.6,5.84,83514.0,58527.0,43300.0,-186295.0,-4.3024,0.8278,1.0378,55,81.71,-0.1291
BUS,HAM,LNG_Carrier,LNG,8550.1,10.9,802013.0,105472.0,27991.0,-1043017.0,-37.262,0.8546,1.2478,61,35.1,-0.2505
LAG,BUS,Tanker,Chemical,12692.5,21.59,403571.0,72108.0,202688.0,-596863.0,-2.9447,0.9818,1.2144,35,64.85,-0.2297
ANT,SAN,Container_Ship,Electronics,9716.8,10.26,1185644.0,95664.0,269344.0,-1165903.0,-4.3287,0.9895,0.9074,43,63.38,-0.4847
ANT,SGP,Bulk_Carrier,Bauxite,10551.1,20.68,320173.0,100929.0,7705.0,-723565.0,-93.9118,0.7975,1.0734,57,67.83,-0.3127
ANT,KHI,Bulk_Carrier,Bauxite,5992.6,11.07,168955.0,85402.0,9140.0,-411273.0,-44.9968,0.9463,1.0732,43,71.39,-0.2218
RTM,HOU,Reefer,Perishables,8072.0,11.25,245361.0,123529.0,9350.0,-528262.0,-56.5,0.7768,1.1145,30,50.86,-0.1871
JEA,KHI,LNG_Carrier,LPG,1207.1,1.53,115224.0,57482.0,17907.0,-177726.0,-9.925,0.8065,1.0573,21,41.51,-0.0693
SGP,HOU,Tanker,Crude Oil,16004.8,28.53,525679.0,108671.0,12154.0,-1050140.0,-86.4024,0.7782,1.0412,50,73.12,-0.4119
KHI,CPT,Container_Ship,Containers,8308.9,9.99,1134459.0,51780.0,105152.0,-1230997.0,-11.7068,0.8622,1.1292,47,70.32,-0.5976
CPT,ANT,Tanker,Crude Oil,9566.7,16.05,299784.0,78357.0,13428.0,-605460.0,-45.0877,0.8968,0.9983,37,67.4,-0.2691
ANT,HOU,Reefer,Perishables,8102.1,10.43,258771.0,121992.0,12163.0,-524988.0,-43.1628,0.9291,1.2122,19,31.39,-0.1146
NYK,MUM,Container_Ship,Electronics,12555.7,13.2,1509889.0,116180.0,371922.0,-1452189.0,-3.9046,0.9919,1.2499,54,67.94,-0.588
RTM,TYO,Bulk_Carrier,Iron Ore,9345.2,18.17,288416.0,147800.0,15900.0,-692906.0,-43.5778,0.7938,1.0117,22,41.28,-0.1901
HOU,HAM,LNG_Carrier,LNG,8306.0,10.64,832214.0,136330.0,27639.0,-1100490.0,-39.8163,0.8696,1.2109,49,63.11,-0.4795
SYD,CPT,Tanker,Chemical,11011.7,18.34,345829.0,78188.0,172571.0,-526513.0,-3.051,0.8597,1.1808,39,81.98,-0.2707
BUS,NYK,Bulk_Carrier,Grain,11254.3,19.62,298227.0,136961.0,40590.0,-688840.0,-16.9706,0.8657,0.9303,31,54.67,-0.2342
COL,HAM,Reefer,Perishables,8074.9,10.93,256938.0,76507.0,11062.0,-486344.0,-43.9672,0.8405,1.2186,36,36.97,-0.1252
HAM,ANT,Container_Ship,Machinery,453.6,0.48,49500.0,109636.0,180399.0,14129.0,0.0783,0.8844,1.0624,32,33.64,0.0046
TYO,HOU,Tanker,Crude Oil,10740.5,18.38,396756.0,139663.0,13321.0,-798800.0,-59.9636,0.7564,1.1741,64,37.03,-0.1872
SGP,CPT,LNG_Carrier,LPG,9665.9,12.31,1041670.0,76493.0,19102.0,-1283782.0,-67.2076,0.8935,1.018,19,52.98,-0.4469
COL,SGP,Container_Ship,Machinery,2732.3,2.85,310669.0,65781.0,176343.0,-242807.0,-1.3769,0.8085,1.136,65,81.83,-0.1731
SGP,COL,LNG_Carrier,LPG,2732.3,3.26,260049.0,64598.0,17511.0,-356094.0,-20.3357,0.8933,0.9334,57,68.37,-0.2122
SHA,KHI,LNG_Carrier,LNG,5340.0,6.56,499268.0,70286.0,31342.0,-636611.0,-20.3115,0.9931,1.2023,36,78.35,-0.3872
LAX,JEA,LNG_Carrier,LNG,13447.6,17.11,1452217.0,93960.0,20361.0,-1782481.0,-87.5419,0.7639,1.0155,54,42.88,-0.4428
MUM,SAN,Bulk_Carrier,Grain,13740.7,25.61,410191.0,63353.0,42743.0,-815018.0,-19.068,0.9408,0.9014,36,80.83,-0.3782
LAG,HOU,Container_Ship,Electronics,10488.9,11.85,1267597.0,94883.0,247896.0,-1292278.0,-5.213,0.8889,0.9296,71,81.56,-0.6729
COL,BUS,LNG_Carrier,LNG,5911.7,7.25,559629.0,81536.0,21538.0,-728348.0,-33.8169,0.8998,0.9118,46,88.93,-0.491
NYK,HOU,Bulk_Carrier,Iron Ore,2277.1,4.62,64870.0,157976.0,20784.0,-271362.0,-13.0563,0.8649,1.2136,45,30.96,-0.0748
MUM,BUS,Bulk_Carrier,Bauxite,5775.4,10.9,149831.0,85124.0,9106.0,-389419.0,-42.7634,0.8536,1.1853,43,44.33,-0.1316
NYK,SAN,Container_Ship,Machinery,7737.9,8.52,809065.0,103723.0,199339.0,-841204.0,-4.22,0.9134,1.1367,32,54.4,-0.3227
NYK,KHI,Reefer,Pharmaceuticals,11689.8,16.78,407134.0,90934.0,106329.0,-643446.0,-6.0515,0.9048,1.2241,44,41.51,-0.1638
SYD,TYO,Container_Ship,Containers,7825.8,8.93,998609.0,129309.0,95396.0,-1166414.0,-12.2271,0.8602,1.0268,26,77.76,-0.6376
LAG,SHA,Container_Ship,Containers,12229.8,12.53,1433584.0,82885.0,82298.0,-1622135.0,-19.7105,0.8031,0.9488,33,32.48,-0.3173
LAX,SGP,Container_Ship,Containers,14141.5,15.53,1741584.0,105523.0,119029.0,-1961068.0,-16.4756,0.8892,1.2395,41,73.25,-0.8146
COL,JEA,Tanker,Crude Oil,3316.6,5.85,109872.0,64111.0,13812.0,-247948.0,-17.9514,0.7883,1.1682,41,53.92,-0.1134
HOU,TYO,Container_Ship,Electronics,10740.5,11.82,1126644.0,151300.0,362946.0,-1092241.0,-3.0094,0.978,1.237,18,55.33,-0.3825
RTM,HAM,LNG_Carrier,LPG,406.5,0.5,35852.0,115833.0,18329.0,-140893.0,-7.6868,0.8657,1.0082,66,80.76,-0.1113
KHI,SAN,Reefer,Refrigerated Goods,13337.2,18.89,478753.0,58869.0,10820.0,-810086.0,-74.8693,0.7911,0.9498,38,48.16,-0.2268
HOU,SGP,Tanker,Chemical,16004.8,26.36,598430.0,114452.0,134558.0,-973682.0,-7.2362,0.7622,1.0385,69,59.64,-0.3115
TYO,SHA,Tanker,Crude Oil,1754.3,3.26,71695.0,126756.0,14912.0,-232402.0,-15.5853,0.9792,1.0152,26,68.75,-0.146
TYO,SAN,Bulk_Carrier,Grain,18591.0,36.49,529710.0,123328.0,35963.0,-1164403.0,-32.3779,0.7691,0.9278,25,89.16,-0.5181
BUS,HAM,Reefer,Refrigerated Goods,8550.1,11.63,267596.0,113491.0,15696.0,-539808.0,-34.3908,0.9082,1.2002,71,58.18,-0.2149
SYD,SGP,Reefer,Perishables,6299.1,8.07,189090.0,98493.0,10879.0,-397763.0,-36.5628,0.8756,1.1504,37,70.14,-0.2082
COL,BUS,Container_Ship,Containers,5911.7,6.65,788822.0,75018.0,83066.0,-880465.0,-10.5996,0.8235,0.934,52,54.82,-0.3659
KHI,RTM,Bulk_Carrier,Bauxite,5993.9,11.34,184140.0,86734.0,6768.0,-434248.0,-64.1579,0.7753,0.97,36,59.21,-0.1943
LAG,SYD,Tanker,Chemical,15517.5,26.53,530024.0,87499.0,139675.0,-875772.0,-6.2701,0.885,0.9284,60,58.97,-0.281
SHA,MUM,Reefer,Frozen Fish,5043.9,6.99,176286.0,79714.0,16185.0,-344703.0,-21.2982,0.8643,1.0403,47,64.65,-0.1752
LAX,COL,Bulk_Carrier,Iron Ore,15107.0,30.46,445435.0,86686.0,14010.0,-975027.0,-69.5928,0.773,0.9154,52,57.76,-0.3102
BUS,SGP,Bulk_Carrier,Iron Ore,4583.4,8.06,114975.0,92896.0,18651.0,-310162.0,-16.6294,0.8208,1.1477,25,87.18,-0.2168
MUM,KHI,Container_Ship,Electronics,893.2,1.02,117611.0,56082.0,285623.0,96644.0,0.3384,0.9833,0.9683,24,67.51,0.0622
TYO,KHI,Tanker,Chemical,6926.4,12.66,261088.0,91854.0,167217.0,-375683.0,-2.2467,0.791,1.2436,38,54.75,-0.1497
JEA,SGP,LNG_Carrier,LPG,5858.9,7.15,505664.0,85182.0,20234.0,-677808.0,-33.4992,0.9302,1.0358,46,48.74,-0.251
CPT,BUS,Bulk_Carrier,Bauxite,13800.1,26.45,415126.0,81318.0,9050.0,-884178.0,-97.7037,0.997,1.0085,19,36.99,-0.1874
JEA,SGP,Bulk_Carrier,Grain,5858.9,10.66,162188.0,91125.0,51031.0,-362190.0,-7.0975,0.9337,1.0844,31,30.84,-0.0849
JEA,BUS,Tanker,Chemical,7055.4,12.77,246523.0,81250.0,158090.0,-361183.0,-2.2847,0.9859,0.9433,61,67.62,-0.1769
KHI,MUM,LNG_Carrier,LNG,893.2,1.12,94981.0,55449.0,31998.0,-135218.0,-4.2258,0.9997,1.2193,66,46.63,-0.0602
ANT,COL,Tanker,Chemical,8396.7,14.31,267320.0,85384.0,154056.0,-413247.0,-2.6824,0.9046,1.0018,39,83.72,-0.238
COL,JEA,Container_Ship,Electronics,3316.6,3.96,447970.0,68116.0,269250.0,-306194.0,-1.1372,0.8003,1.1215,38,75.26,-0.1954
HOU,COL,Container_Ship,Electronics,15903.9,18.12,1991417.0,85762.0,353282.0,-1995695.0,-5.649,0.986,1.1943,38,81.2,-0.8718
SAN,BUS,Tanker,Crude Oil,18691.4,32.71,656396.0,85620.0,14095.0,-1218553.0,-86.4536,0.8705,1.0794,70,84.58,-0.5129
LAG,HOU,LNG_Carrier,LNG,10488.9,12.77,968388.0,104460.0,26659.0,-1237742.0,-46.4282,0.8326,1.2198,26,71.56,-0.5655
COL,BUS,LNG_Carrier,LNG,5911.7,7.98,630589.0,69842.0,19073.0,-801029.0,-41.9977,0.8005,0.9077,54,54.16,-0.3289
SHA,CPT,Tanker,Fuel Oil,12978.3,22.39,456033.0,80462.0,72522.0,-799787.0,-11.0282,0.7792,1.108,20,42.92,-0.2018
SGP,MUM,LNG_Carrier,LPG,3906.7,4.89,421044.0,80591.0,14471.0,-560460.0,-38.7291,0.7543,0.9135,44,30.38,-0.1406
JEA,KHI,Reefer,Pharmaceuticals,1207.1,1.64,39847.0,56206.0,90083.0,-30510.0,-0.3387,0.9908,0.9471,48,35.35,-0.0101
HOU,SAN,LNG_Carrier,LPG,7942.5,11.0,902651.0,103291.0,16237.0,-1154777.0,-71.1182,0.7631,1.0132,47,76.2,-0.6158
JEA,TYO,Reefer,Pharmaceuticals,7963.6,11.32,261633.0,109504.0,80932.0,-459997.0,-5.6838,0.7926,1.0636,57,53.93,-0.1735
SAN,SGP,LNG_Carrier,LNG,15934.4,20.72,1769284.0,79611.0,24500.0,-2135161.0,-87.1508,0.7551,1.236,48,38.98,-0.4474
KHI,MUM,LNG_Carrier,LPG,893.2,1.16,84959.0,51728.0,17376.0,-136683.0,-7.8662,0.8241,1.004,52,60.16,-0.0784
SAN,HOU,LNG_Carrier,LNG,7942.5,10.55,786621.0,108851.0,28077.0,-1025621.0,-36.5283,0.9803,1.0911,31,47.72,-0.3425
COL,KHI,Reefer,Perishables,2418.3,3.17,73611.0,48179.0,11629.0,-157646.0,-13.5557,0.9508,1.1325,55,79.7,-0.1111
TYO,JEA,Tanker,Chemical,7963.6,14.02,311665.0,127647.0,142313.0,-507324.0,-3.5648,0.8984,0.9318,68,62.32,-0.2211
ANT,RTM,Bulk_Carrier,Grain,78.1,0.15,2025.0,126120.0,44724.0,-85671.0,-1.9155,0.8552,1.0376,34,54.2,-0.0462
JEA,MUM,Container_Ship,Auto Parts,1954.2,2.11,214180.0,74002.0,232486.0,-87393.0,-0.3759,0.8393,1.0259,70,54.34,-0.043
SGP,NYK,Bulk_Carrier,Coal,15342.9,27.28,416800.0,130376.0,19471.0,-936890.0,-48.1171,0.8124,0.9511,60,56.57,-0.2899
BUS,HAM,LNG_Carrier,LPG,8550.1,10.28,720347.0,119278.0,18613.0,-975285.0,-52.3987,0.7966,1.1126,56,43.39,-0.2895
CPT,TYO,Bulk_Carrier,Coal,14727.6,28.19,452197.0,101394.0,18958.0,-957546.0,-50.5078,0.7623,0.9869,30,85.28,-0.4549
COL,SHA,Reefer,Frozen Fish,5092.6,6.49,141376.0,86525.0,20697.0,-304502.0,-14.7124,0.9218,1.2474,27,87.71,-0.2095
ANT,LAG,Reefer,Frozen Fish,4978.7,7.13,165106.0,92433.0,14879.0,-349571.0,-23.4946,0.8773,0.9423,28,56.63,-0.156
SYD,HAM,LNG_Carrier,LNG,16284.4,21.54,1761069.0,127448.0,26761.0,-2184809.0,-81.6428,0.885,1.152,62,49.24,-0.5724
HAM,ANT,Bulk_Carrier,Grain,453.6,0.91,12308.0,115750.0,39611.0,-102155.0,-2.579,0.7803,1.0071,40,66.17,-0.066
KHI,NYK,Reefer,Frozen Fish,11689.8,16.73,386971.0,94102.0,16513.0,-715575.0,-43.3351,0.9584,0.9572,60,59.06,-0.2591
ANT,LAX,Tanker,Crude Oil,9036.9,16.76,347312.0,129271.0,13003.0,-714973.0,-54.987,0.7652,1.1328,56,30.07,-0.1445
HAM,RTM,Bulk_Carrier,Coal,406.5,0.72,9744.0,118845.0,22491.0,-116876.0,-5.1966,0.9629,0.9269,30,70.07,-0.0801
SYD,MUM,Container_Ship,Auto Parts,10150.5,11.83,1330593.0,97992.0,203628.0,-1402418.0,-6.8872,0.77,0.9794,40,62.73,-0.5683
SHA,TYO,Container_Ship,Machinery,1754.3,1.97,234426.0,139392.0,195708.0,-207663.0,-1.0611,0.9616,1.06,54,58.6,-0.1112
KHI,HAM,Container_Ship,Auto Parts,5660.0,6.49,765636.0,77836.0,265108.0,-675750.0,-2.549,0.8346,1.1764,65,89.21,-0.4617
NYK,ANT,Container_Ship,Machinery,5881.5,6.48,679417.0,138893.0,160573.0,-754893.0,-4.7012,0.9067,0.9224,28,46.43,-0.266
SAN,SYD,Tanker,Crude Oil,13322.4,22.76,430457.0,100522.0,13463.0,-858883.0,-63.7977,0.819,1.0959,59,71.63,-0.3578
SYD,ANT,Bulk_Carrier,Iron Ore,16725.3,29.75,452366.0,107567.0,22349.0,-983771.0,-44.0183,0.9191,1.2281,21,44.31,-0.229
KHI,COL,Container_Ship,Electronics,2418.3,2.86,282611.0,50382.0,276727.0,-99105.0,-0.3581,0.7752,1.19,41,85.15,-0.0746
JEA,TYO,Bulk_Carrier,Grain,7963.6,14.95,211798.0,114118.0,56279.0,-493837.0,-8.7749,0.9784,1.1412,64,60.84,-0.2101
HOU,SHA,Tanker,Crude Oil,12195.4,21.08,438066.0,134611.0,15866.0,-873008.0,-55.0238,0.8974,1.1787,53,64.25,-0.3382
HOU,ANT,Container_Ship,Electronics,8102.1,8.7,825240.0,132918.0,276397.0,-812202.0,-2.9385,0.7792,1.1823,66,33.14,-0.1872
BUS,TYO,Bulk_Carrier,Coal,959.3,1.91,28877.0,137418.0,25819.0,-169074.0,-6.5484,0.8424,1.2163,38,52.3,-0.0841
NYK,LAX,Bulk_Carrier,Bauxite,3948.9,7.02,99752.0,139066.0,7609.0,-336486.0,-44.2211,0.9178,0.9212,52,81.19,-0.2252
CPT,ANT,Bulk_Carrier,Grain,9566.7,19.34,265789.0,84734.0,48975.0,-591591.0,-12.0795,0.938,1.036,60,76.26,-0.2975
MUM,RTM,Tanker,Chemical,6887.0,12.01,221112.0,93545.0,121196.0,-373580.0,-3.0824,0.779,0.9152,51,60.06,-0.1636
HAM,COL,Reefer,Perishables,8074.9,10.91,284332.0,78487.0,9567.0,-516976.0,-54.0377,0.799,1.1087,69,59.15,-0.2129
COL,SGP,Tanker,Fuel Oil,2732.3,4.42,83292.0,71472.0,60546.0,-160449.0,-2.65,0.7535,0.9566,56,86.62,-0.1211
JEA,NYK,Reefer,Perishables,11017.6,15.03,322192.0,122820.0,9283.0,-661228.0,-71.2267,0.932,0.9223,27,78.05,-0.3236
SAN,MUM,Tanker,Fuel Oil,13740.7,22.59,475525.0,70267.0,79144.0,-805461.0,-10.1771,0.885,1.0646,18,50.98,-0.2357
BUS,SGP,Tanker,Crude Oil,4583.4,8.01,160041.0,85915.0,13665.0,-352414.0,-25.7892,0.9834,0.9264,24,78.52,-0.2218
KHI,SAN,LNG_Carrier,LNG,13337.2,18.22,1434143.0,55711.0,23086.0,-1740110.0,-75.3761,0.8995,0.9777,69,76.39,-0.7728
LAG,NYK,Tanker,Crude Oil,8481.1,15.07,331023.0,109260.0,13433.0,-652921.0,-48.6059,0.914,0.9797,62,53.49,-0.2396
COL,LAG,Reefer,Perishables,8435.8,11.91,283692.0,54839.0,9785.0,-507453.0,-51.8621,0.9901,0.915,50,78.76,-0.2746
HOU,HAM,Bulk_Carrier,Coal,8306.0,14.76,221785.0,124343.0,25843.0,-541751.0,-20.9631,0.8315,1.2333,34,40.17,-0.1502
TYO,HOU,Tanker,Chemical,10740.5,17.48,370097.0,157466.0,126841.0,-662978.0,-5.2268,0.7606,0.9809,19,82.33,-0.3455
CPT,SHA,Bulk_Carrier,Iron Ore,12978.3,22.5,332532.0,79116.0,18269.0,-730924.0,-40.0083,0.8294,1.1125,28,77.8,-0.3344
SHA,BUS,Container_Ship,Machinery,832.1,0.96,111797.0,112877.0,195326.0,-43694.0,-0.2237,0.9879,1.0298,54,67.67,-0.0283
KHI,TYO,Bulk_Carrier,Grain,6926.4,13.7,222248.0,109927.0,45992.0,-491722.0,-10.6915,0.7987,1.1425,49,65.52,-0.2345
ANT,HAM,Bulk_Carrier,Iron Ore,453.6,0.91,13589.0,109483.0,19462.0,-117300.0,-6.027,0.7953,1.236,26,41.47,-0.0475
JEA,LAX,Reefer,Refrigerated Goods,13447.6,16.84,404039.0,98297.0,12368.0,-742586.0,-60.0389,0.7585,1.1324,41,55.23,-0.2376
KHI,BUS,Bulk_Carrier,Iron Ore,5990.8,12.05,199027.0,75960.0,16554.0,-439256.0,-26.5353,0.838,0.9977,27,60.85,-0.202
SYD,HAM,Container_Ship,Machinery,16284.4,17.04,1605111.0,114795.0,143261.0,-1832306.0,-12.7899,0.7528,0.9912,30,45.28,-0.4414
MUM,HOU,Bulk_Carrier,Coal,14456.2,28.81,388368.0,103960.0,22912.0,-901533.0,-39.3471,0.8862,1.026,20,66.68,-0.3376
LAX,SHA,Tanker,Chemical,10457.0,17.26,353939.0,127497.0,144560.0,-595733.0,-4.121,0.8631,0.9853,59,88.69,-0.3377
KHI,SHA,Bulk_Carrier,Grain,5340.0,9.5,137893.0,75568.0,51021.0,-304897.0,-5.9759,0.9747,1.0386,46,39.87,-0.0944
LAX,SYD,Container_Ship,Electronics,12054.8,12.88,1349773.0,123766.0,271650.0,-1395117.0,-5.1357,0.9636,0.9397,36,78.01,-0.6592
LAX,SYD,Reefer,Perishables,12054.8,15.72,373120.0,111999.0,10907.0,-710067.0,-65.1048,0.9862,1.024,31,70.8,-0.3045
HOU,RTM,Tanker,Chemical,8072.0,13.52,286734.0,136283.0,208329.0,-417487.0,-2.004,0.9826,1.2472,59,43.01,-0.1251
SHA,COL,Container_Ship,Machinery,5092.6,5.75,680489.0,75303.0,165716.0,-676269.0,-4.0809,0.8919,0.9677,39,38.29,-0.2031
LAX,COL,Tanker,Fuel Oil,15107.0,26.41,603963.0,93460.0,66798.0,-1026765.0,-15.3711,0.7736,1.0279,30,32.85,-0.1858
COL,BUS,Bulk_Carrier,Bauxite,5911.7,10.81,151909.0,72337.0,8983.0,-377442.0,-42.0164,0.9198,1.0852,30,46.02,-0.1317
RTM,SYD,Container_Ship,Auto Parts,16689.6,18.88,1831337.0,122332.0,254030.0,-1982857.0,-7.8056,0.8986,1.0471,32,73.56,-0.7672
HOU,TYO,Bulk_Carrier,Iron Ore,10740.5,18.72,292413.0,135136.0,22790.0,-685547.0,-30.0816,0.949,1.2129,26,41.36,-0.1794
MUM,NYK,Container_Ship,Electronics,12555.7,13.99,1468171.0,106242.0,220727.0,-1563563.0,-7.0837,0.7551,0.9744,24,70.14,-0.6536
LAX,JEA,LNG_Carrier,LNG,13447.6,16.4,1205610.0,103854.0,21623.0,-1533801.0,-70.9343,0.8168,1.0085,31,64.4,-0.5723
JEA,SHA,Tanker,Fuel Oil,6458.3,11.45,256326.0,101105.0,84631.0,-444557.0,-5.2529,0.8946,1.1262,44,34.17,-0.1126
KHI,ANT,Bulk_Carrier,Grain,5992.6,10.52,144858.0,77561.0,48183.0,-332003.0,-6.8904,0.9302,1.0277,27,46.59,-0.1169
LAX,HAM,Tanker,Crude Oil,9100.3,16.08,313206.0,126625.0,13204.0,-667865.0,-50.5805,0.8199,1.0737,58,82.49,-0.3694
SHA,SYD,Bulk_Carrier,Bauxite,7881.4,15.87,226805.0,108719.0,7808.0,-565829.0,-72.4674,0.8522,1.018,40,47.59,-0.1889
SGP,KHI,Container_Ship,Electronics,4744.0,4.99,470547.0,67948.0,349520.0,-263866.0,-0.7549,0.9806,1.1881,30,87.88,-0.1846
HAM,KHI,Tanker,Chemical,5660.0,9.37,171497.0,74548.0,153352.0,-233307.0,-1.5214,0.9851,0.9157,20,72.95,-0.1304
NYK,LAX,Container_Ship,Electronics,3948.9,4.08,399367.0,150491.0,257507.0,-353519.0,-1.3729,0.7912,1.0849,23,53.86,-0.1569
SGP,LAX,Tanker,Chemical,14141.5,26.09,500533.0,118113.0,162322.0,-847728.0,-5.2225,0.8751,1.0911,70,39.01,-0.1875
SHA,BUS,Bulk_Carrier,Bauxite,832.1,1.6,24063.0,111191.0,7801.0,-151412.0,-19.4102,0.8403,1.0315,30,39.66,-0.0575
JEA,MUM,Tanker,Chemical,1954.2,3.4,69894.0,67659.0,176436.0,-12134.0,-0.0688,0.916,1.133,64,72.07,-0.0079
MUM,ANT,Container_Ship,Machinery,6885.8,7.05,735246.0,85516.0,172642.0,-753882.0,-4.3667,0.8562,1.0502,30,37.05,-0.2036
SHA,SAN,Reefer,Refrigerated Goods,18568.6,26.89,629623.0,94359.0,13380.0,-1114021.0,-83.2589,0.816,1.1387,44,55.34,-0.3078
SHA,MUM,Reefer,Frozen Fish,5043.9,7.34,158752.0,82674.0,14629.0,-336863.0,-23.0278,0.8115,1.0015,38,72.47,-0.1919
COL,CPT,Bulk_Carrier,Grain,7888.4,13.92,182351.0,56249.0,52411.0,-395040.0,-7.5373,0.9688,1.0734,41,76.76,-0.2127
SAN,SHA,Tanker,Fuel Oil,18568.6,30.95,620428.0,86920.0,82305.0,-1089364.0,-13.2358,0.832,1.1776,44,88.98,-0.484
COL,JEA,Container_Ship,Containers,3316.6,3.58,386242.0,68652.0,76208.0,-432430.0,-5.6743,0.7739,0.9118,39,56.05,-0.2056
NYK,HOU,LNG_Carrier,LNG,2277.1,2.85,224600.0,140223.0,23238.0,-384266.0,-16.5359,0.8326,1.0632,36,31.94,-0.1093
HOU,CPT,Reefer,Refrigerated Goods,13853.3,19.21,477681.0,99731.0,17276.0,-848345.0,-49.1048,0.9796,1.2248,56,55.51,-0.2694
TYO,SYD,Tanker,Chemical,7825.8,13.61,271199.0,124665.0,171259.0,-428817.0,-2.5039,0.9533,1.0567,40,77.51,-0.2337
NYK,SGP,Container_Ship,Auto Parts,15342.9,18.38,2077488.0,114009.0,222444.0,-2244707.0,-10.0911,0.8256,0.998,55,51.32,-0.63
KHI,LAG,LNG_Carrier,LNG,7048.8,8.55,582321.0,47652.0,24189.0,-734008.0,-30.345,0.9367,0.9837,68,42.37,-0.2252
TYO,JEA,LNG_Carrier,LNG,7963.6,10.25,795893.0,110149.0,23043.0,-1036752.0,-44.9924,0.9609,0.9135,64,37.75,-0.2737
SHA,RTM,Reefer,Refrigerated Goods,8927.2,11.76,290142.0,115376.0,16351.0,-565606.0,-34.5911,0.9732,1.1668,32,34.46,-0.1315
CPT,ANT,Bulk_Carrier,Coal,9566.7,17.87,249474.0,82025.0,24168.0,-575335.0,-23.8057,0.8861,1.0824,28,65.18,-0.2473
SGP,JEA,LNG_Carrier,LPG,5858.9,7.16,526334.0,85914.0,18936.0,-700644.0,-37.0008,0.8492,1.0618,66,31.07,-0.1654
ANT,COL,Reefer,Pharmaceuticals,8396.7,10.72,239399.0,76456.0,94200.0,-382435.0,-4.0598,0.7942,1.2355,26,59.59,-0.1568
HAM,SAN,Container_Ship,Auto Parts,10166.5,12.18,1235435.0,102925.0,316883.0,-1204210.0,-3.8002,0.9781,1.2,21,89.84,-0.6985
NYK,HOU,Container_Ship,Electronics,2277.1,2.61,251334.0,153158.0,295278.0,-148304.0,-0.5023,0.8887,1.1075,23,57.62,-0.0761
ANT,COL,Reefer,Refrigerated Goods,8396.7,12.25,263117.0,75666.0,16045.0,-506494.0,-31.5672,0.9248,1.2049,63,43.17,-0.1504
LAG,JEA,Container_Ship,Auto Parts,5856.7,6.85,782942.0,73747.0,249951.0,-709462.0,-2.8384,0.7724,1.1985,33,67.86,-0.3658
TYO,BUS,Reefer,Pharmaceuticals,959.3,1.22,30281.0,137123.0,89918.0,-95825.0,-1.0657,0.8093,1.1573,32,73.59,-0.067
LAG,SAN,Bulk_Carrier,Iron Ore,6362.4,11.27,152189.0,68504.0,18177.0,-371539.0,-20.4396,0.7754,1.184,32,53.99,-0.1493
SHA,HOU,Container_Ship,Machinery,12195.4,13.27,1409058.0,131482.0,180449.0,-1559081.0,-8.64,0.9274,1.0135,20,37.66,-0.354
SGP,HOU,Tanker,Fuel Oil,16004.8,28.38,630210.0,111826.0,63925.0,-1103799.0,-17.2671,0.7685,0.9903,37,88.97,-0.5268
HOU,SAN,Container_Ship,Electronics,7942.5,8.87,1023566.0,109406.0,293864.0,-972187.0,-3.3083,0.9659,1.0141,23,84.04,-0.5718
SHA,RTM,LNG_Carrier,LNG,8927.2,11.5,958824.0,122777.0,24094.0,-1230058.0,-51.0519,0.9897,0.9274,25,80.69,-0.6697
HAM,LAX,Reefer,Perishables,9100.3,13.34,347448.0,127703.0,10922.0,-664306.0,-60.8237,0.9879,1.0237,26,50.42,-0.2246
JEA,SAN,Container_Ship,Machinery,12181.9,12.77,1423980.0,69333.0,206682.0,-1478223.0,-7.1522,0.9006,1.1953,67,63.71,-0.5681
SGP,SHA,Reefer,Refrigerated Goods,3810.3,5.12,131806.0,104390.0,12821.0,-300163.0,-23.4121,0.797,1.1171,20,32.87,-0.0818
SYD,HOU,Tanker,Fuel Oil,13818.5,25.96,479094.0,118221.0,80984.0,-905800.0,-11.1849,0.8526,1.1308,21,31.67,-0.1643
KHI,SHA,Tanker,Chemical,5340.0,9.34,170864.0,74303.0,138342.0,-246945.0,-1.785,0.7624,1.0674,26,30.42,-0.0583
TYO,COL,Reefer,Perishables,6846.1,9.62,233998.0,98849.0,9938.0,-467211.0,-47.0134,0.921,0.9991,40,62.37,-0.2127
MUM,COL,Container_Ship,Containers,1535.0,1.8,199698.0,54694.0,87303.0,-194067.0,-2.2229,0.8242,0.9807,61,30.9,-0.0554
CPT,HAM,Tanker,Chemical,9764.5,17.72,340598.0,95449.0,163676.0,-538212.0,-3.2883,0.8167,1.1789,60,38.89,-0.1371
LAG,BUS,Reefer,Frozen Fish,12692.5,17.93,378309.0,72245.0,20161.0,-699408.0,-34.6917,0.9055,1.2369,26,77.75,-0.3226
HOU,BUS,Tanker,Fuel Oil,11424.5,20.98,443252.0,112722.0,78747.0,-791954.0,-10.057,0.8932,1.0495,41,69.65,-0.3412
TYO,HOU,Container_Ship,Containers,10740.5,11.07,1104533.0,143320.0,105382.0,-1308553.0,-12.4173,0.8559,1.14,48,70.03,-0.58
BUS,JEA,Reefer,Pharmaceuticals,7055.4,10.37,274720.0,82066.0,83115.0,-429226.0,-5.1642,0.9157,0.9455,53,58.65,-0.1823
KHI,SYD,Bulk_Carrier,Coal,11020.1,20.93,338674.0,84701.0,21403.0,-715898.0,-33.4483,0.9435,0.9002,43,36.23,-0.1626
SHA,SGP,Reefer,Frozen Fish,3810.3,5.22,115175.0,93216.0,18244.0,-268404.0,-14.7115,0.8152,1.2433,60,61.51,-0.1369
MUM,HOU,Tanker,Chemical,14456.2,24.04,460457.0,100316.0,125501.0,-795862.0,-6.3415,0.7808,0.9455,61,87.85,-0.3927
CPT,MUM,Reefer,Pharmaceuticals,8227.2,10.83,255246.0,57454.0,77134.0,-397996.0,-5.1598,0.8349,0.9624,43,77.44,-0.2134
COL,KHI,LNG_Carrier,LNG,2418.3,2.98,212091.0,45961.0,23910.0,-278865.0,-11.6629,0.7766,1.1729,62,51.83,-0.1278
ANT,LAX,Bulk_Carrier,Grain,9036.9,17.58,273718.0,130174.0,43792.0,-623816.0,-14.2451,0.765,1.1358,41,51.82,-0.2173
MUM,LAX,Tanker,Chemical,14043.2,25.35,500862.0,92514.0,159100.0,-814588.0,-5.12,0.915,1.0228,49,37.26,-0.1726
LAX,NYK,Bulk_Carrier,Iron Ore,3948.9,7.15,110090.0,142470.0,14474.0,-345350.0,-23.8604,0.7519,0.9722,59,31.96,-0.091
ANT,BUS,Reefer,Refrigerated Goods,8997.1,12.81,270463.0,103578.0,13665.0,-552491.0,-40.4322,0.7661,1.2386,45,58.04,-0.2158
BUS,HOU,Bulk_Carrier,Coal,11424.5,22.87,329706.0,108074.0,27508.0,-753379.0,-27.3878,0.9654,1.1307,63,82.09,-0.3825
TYO,HOU,LNG_Carrier,LNG,10740.5,12.94,1114859.0,153742.0,31245.0,-1431525.0,-45.8159,0.9944,1.197,33,55.69,-0.5046
HAM,JEA,Reefer,Refrigerated Goods,4892.2,6.87,148021.0,93374.0,12667.0,-331806.0,-26.194,0.8265,1.0643,63,75.84,-0.199
NYK,JEA,LNG_Carrier,LNG,11017.6,14.15,969478.0,119201.0,24177.0,-1276818.0,-52.811,0.8758,1.0516,23,78.55,-0.6288
BUS,KHI,Bulk_Carrier,Coal,5990.8,11.07,161786.0,64987.0,29974.0,-362800.0,-12.1038,0.9559,1.2443,50,38.14,-0.1046
MUM,LAX,Tanker,Fuel Oil,14043.2,25.73,590032.0,90247.0,61805.0,-1004486.0,-16.2525,0.7711,0.9542,36,72.71,-0.4154
COL,ANT,Reefer,Frozen Fish,8396.7,10.73,281303.0,77517.0,14114.0,-505712.0,-35.8295,0.7908,0.9916,65,81.22,-0.2826
LAX,HAM,Bulk_Carrier,Iron Ore,9100.3,15.79,260595.0,128326.0,15301.0,-610412.0,-39.8936,0.7546,1.0241,40,88.58,-0.3625
SYD,SHA,Tanker,Fuel Oil,7881.4,13.57,268647.0,113953.0,78783.0,-507373.0,-6.4401,0.9615,0.9755,69,74.42,-0.2649
HAM,MUM,LNG_Carrier,LNG,6551.7,8.21,583889.0,92537.0,23074.0,-776551.0,-33.6554,0.8472,1.0375,55,32.12,-0.1842
MUM,ANT,Bulk_Carrier,Bauxite,6885.8,12.51,182634.0,93374.0,8183.0,-455410.0,-55.6523,0.8858,1.0265,69,38.09,-0.1265
HAM,LAX,LNG_Carrier,LPG,9100.3,10.79,883428.0,132851.0,21250.0,-1156807.0,-54.439,0.8365,1.2097,38,31.61,-0.2452
NYK,BUS,Reefer,Pharmaceuticals,11254.3,14.97,397671.0,112880.0,112754.0,-622359.0,-5.5196,0.9478,1.2392,51,72.21,-0.2795
LAG,RTM,LNG_Carrier,LNG,5056.8,6.22,426797.0,97649.0,30241.0,-587519.0,-19.4276,0.9263,1.2437,57,46.01,-0.2123
RTM,SHA,Tanker,Crude Oil,8927.2,16.35,310673.0,124202.0,11717.0,-668389.0,-57.0467,0.7963,0.9809,42,74.6,-0.3364
SHA,MUM,Reefer,Perishables,5043.9,6.57,155978.0,94108.0,9083.0,-339520.0,-37.3814,0.8777,0.9582,69,88.75,-0.2368
BUS,SYD,LNG_Carrier,LNG,8015.7,10.08,807819.0,104394.0,20410.0,-1042969.0,-51.101,0.805,0.9658,32,30.3,-0.2205
SHA,COL,Tanker,Crude Oil,5092.6,8.7,162041.0,73532.0,13736.0,-352277.0,-25.6468,0.7546,1.2136,41,35.75,-0.0988
SGP,SHA,LNG_Carrier,LNG,3810.3,4.68,326207.0,90093.0,27085.0,-459442.0,-16.9632,0.9114,1.1321,56,89.32,-0.3403
LAG,ANT,Tanker,Crude Oil,4978.7,8.19,177018.0,95064.0,14584.0,-380298.0,-26.0768,0.821,1.1843,38,59.15,-0.1773
SYD,LAG,Reefer,Frozen Fish,15517.5,21.07,499713.0,91079.0,17643.0,-889235.0,-50.4011,0.9872,0.9929,24,70.75,-0.3423
BUS,SGP,Tanker,Chemical,4583.4,8.48,158507.0,99848.0,133543.0,-252040.0,-1.8873,0.8359,0.9398,57,40.72,-0.0823
SAN,RTM,Reefer,Perishables,9775.5,12.29,294074.0,94154.0,9589.0,-562955.0,-58.7081,0.7951,1.1167,45,76.89,-0.2833
SAN,RTM,LNG_Carrier,LPG,9775.5,11.89,949642.0,90221.0,24490.0,-1193658.0,-48.741,0.9868,1.1817,22,62.82,-0.4908
HOU,BUS,LNG_Carrier,LNG,11424.5,14.77,1218106.0,119237.0,29173.0,-1529659.0,-52.435,0.9558,1.1628,64,75.87,-0.7178
HOU,LAG,Tanker,Chemical,10488.9,17.52,325932.0,108786.0,197402.0,-500071.0,-2.5333,0.9656,1.2026,44,41.48,-0.1324
NYK,SYD,Bulk_Carrier,Grain,15985.3,30.52,490898.0,129178.0,54411.0,-1023502.0,-18.8105,0.9292,1.1618,32,50.31,-0.2764
CPT,HOU,Bulk_Carrier,Grain,13853.3,26.76,354818.0,97067.0,38840.0,-814492.0,-20.9703,0.7996,0.9638,52,49.62,-0.2312
TYO,HOU,Bulk_Carrier,Iron Ore,10740.5,19.0,293340.0,155005.0,17595.0,-715793.0,-40.6811,0.9043,0.9827,61,63.35,-0.287
BUS,HAM,Container_Ship,Auto Parts,8550.1,9.07,990364.0,106253.0,331983.0,-900750.0,-2.7132,0.9893,1.2429,19,31.35,-0.1932
COL,RTM,Reefer,Perishables,8401.4,11.39,240793.0,89702.0,8568.0,-492813.0,-57.5197,0.7598,1.0441,25,33.18,-0.1125
COL,SGP,Reefer,Frozen Fish,2732.3,3.79,91459.0,68649.0,15197.0,-201703.0,-13.2727,0.7918,1.0663,42,65.35,-0.1149
BUS,ANT,Tanker,Chemical,8997.1,16.85,314315.0,108285.0,123914.0,-551369.0,-4.4496,0.7665,0.9509,60,81.57,-0.3027
HOU,LAG,Bulk_Carrier,Grain,10488.9,19.34,253800.0,98962.0,56633.0,-586292.0,-10.3524,0.9664,1.1627,30,58.99,-0.2208
COL,LAX,LNG_Carrier,LPG,15107.0,18.21,1474564.0,91887.0,18080.0,-1821474.0,-100.7447,0.8406,1.0243,37,82.44,-0.8271
ANT,KHI,Container_Ship,Containers,5992.6,6.5,760280.0,82107.0,102327.0,-837579.0,-8.1853,0.8403,1.1275,31,81.25,-0.5142
SYD,CPT,Reefer,Perishables,11011.7,15.77,343928.0,83836.0,10355.0,-654033.0,-63.1592,0.9386,1.0215,31,44.66,-0.1832
BUS,JEA,Bulk_Carrier,Bauxite,7055.4,13.24,188959.0,86594.0,6389.0,-467726.0,-73.2044,0.7554,0.9398,35,40.1,-0.1358
LAG,TYO,Reefer,Pharmaceuticals,13474.1,19.09,460715.0,109996.0,104422.0,-752683.0,-7.2081,0.8807,1.235,31,35.3,-0.1538
BUS,CPT,Tanker,Fuel Oil,13800.1,24.26,510017.0,77995.0,93242.0,-858746.0,-9.2099,0.9458,1.1737,61,58.94,-0.29
MUM,BUS,LNG_Carrier,LPG,5775.4,6.86,516656.0,83924.0,17727.0,-685738.0,-38.6824,0.7897,1.0689,67,84.51,-0.4417
HOU,BUS,Reefer,Pharmaceuticals,11424.5,16.05,396563.0,116837.0,90304.0,-663903.0,-7.3519,0.8482,1.109,18,41.33,-0.1697
JEA,SHA,LNG_Carrier,LNG,6458.3,8.06,593246.0,95451.0,26182.0,-783441.0,-29.9224,0.866,1.1517,71,58.23,-0.3382
SGP,MUM,Reefer,Frozen Fish,3906.7,5.6,134988.0,81711.0,18099.0,-282531.0,-15.6101,0.99,1.0157,43,68.79,-0.1605
HOU,TYO,Tanker,Crude Oil,10740.5,18.4,386551.0,161061.0,12040.0,-811627.0,-67.4096,0.8703,0.9223,25,77.79,-0.3996
SHA,LAG,LNG_Carrier,LNG,12229.8,16.39,1322003.0,84896.0,21385.0,-1631325.0,-76.2837,0.8208,0.9926,60,56.76,-0.5577
RTM,CPT,Reefer,Refrigerated Goods,9642.1,13.79,353048.0,96007.0,10613.0,-645295.0,-60.8003,0.8121,0.9076,19,45.65,-0.1937
JEA,TYO,LNG_Carrier,LPG,7963.6,9.52,794250.0,116789.0,20096.0,-1033790.0,-51.4413,0.7727,1.2384,27,82.76,-0.5983
SGP,HAM,Bulk_Carrier,Grain,10154.8,17.98,287119.0,97272.0,51339.0,-602758.0,-11.7408,0.9608,1.0602,54,64.78,-0.2522
HAM,CPT,Tanker,Crude Oil,9764.5,16.03,332726.0,91391.0,13998.0,-650570.0,-46.4771,0.9834,0.949,21,53.27,-0.2269
HAM,KHI,Bulk_Carrier,Grain,5660.0,10.95,176466.0,76565.0,44697.0,-372573.0,-8.3356,0.7518,1.1795,37,63.11,-0.1801
ANT,HAM,Reefer,Pharmaceuticals,453.6,0.61,12724.0,125971.0,98326.0,-49485.0,-0.5033,0.8355,1.2259,24,63.11,-0.0305
COL,JEA,Tanker,Fuel Oil,3316.6,5.7,113992.0,59585.0,83552.0,-175551.0,-2.1011,0.95,1.047,58,48.91,-0.0728
SAN,HAM,LNG_Carrier,LNG,10166.5,13.41,1087472.0,95644.0,29304.0,-1354901.0,-46.2363,0.9182,1.2157,35,59.71,-0.5223
ANT,CPT,Bulk_Carrier,Iron Ore,9566.7,18.13,287949.0,86132.0,21397.0,-624607.0,-29.1908,0.9816,1.1009,45,61.55,-0.2535
SAN,MUM,Bulk_Carrier,Grain,13740.7,25.03,378985.0,65283.0,48815.0,-770898.0,-15.7922,0.9674,1.0011,64,76.87,-0.3402
TYO,NYK,Container_Ship,Auto Parts,10853.1,12.6,1451218.0,151176.0,203873.0,-1587569.0,-7.7871,0.7802,0.9678,24,85.47,-0.8555
SHA,NYK,Tanker,Fuel Oil,11860.8,21.38,438204.0,134047.0,78981.0,-813976.0,-10.3059,0.797,1.1797,64,53.73,-0.2666
MUM,JEA,Bulk_Carrier,Iron Ore,1954.2,3.45,46296.0,71008.0,17891.0,-151089.0,-8.445,0.8172,1.1057,57,68.99,-0.0943
MUM,RTM,Bulk_Carrier,Bauxite,6887.0,12.06,176867.0,91469.0,9189.0,-439979.0,-47.8819,0.9309,1.0968,57,53.56,-0.1718
CPT,KHI,Container_Ship,Auto Parts,8308.9,9.76,1104363.0,48280.0,244862.0,-1054116.0,-4.3049,0.9265,0.9788,55,74.45,-0.5418
CPT,LAX,Tanker,Crude Oil,16044.7,26.35,564561.0,85283.0,12557.0,-1032552.0,-82.2294,0.7933,1.0553,24,63.27,-0.3501
KHI,BUS,Reefer,Pharmaceuticals,5990.8,8.72,184815.0,75262.0,94242.0,-296695.0,-3.1482,0.9884,0.9932,19,83.98,-0.1883
JEA,SYD,Container_Ship,Containers,12058.9,13.34,1484976.0,89083.0,86688.0,-1687497.0,-19.4663,0.8206,0.9781,29,52.75,-0.5391
TYO,SYD,Container_Ship,Machinery,7825.8,9.16,909758.0,149481.0,166991.0,-1029603.0,-6.1656,0.775,1.1222,62,80.2,-0.5805
SGP,LAG,Container_Ship,Auto Parts,11147.2,12.09,1210435.0,76526.0,237969.0,-1230348.0,-5.1702,0.8443,1.0439,43,67.58,-0.519
BUS,SHA,Tanker,Crude Oil,832.1,1.52,34862.0,108329.0,11808.0,-154111.0,-13.0512,0.854,0.9218,49,80.16,-0.1182
BUS,SHA,Reefer,Perishables,832.1,1.19,31400.0,100667.0,8869.0,-141051.0,-15.9045,0.7574,1.0842,52,31.07,-0.0419
RTM,LAX,Tanker,Fuel Oil,8985.5,16.28,378913.0,122908.0,75454.0,-670526.0,-8.8865,0.8107,1.1081,35,42.3,-0.191
SYD,NYK,Tanker,Fuel Oil,15985.3,29.43,553160.0,141377.0,78991.0,-1056952.0,-13.3807,0.9067,1.0372,43,53.13,-0.3014
CPT,JEA,Container_Ship,Auto Parts,7606.3,8.01,872477.0,65056.0,249415.0,-808193.0,-3.2404,0.9203,1.0038,71,60.71,-0.3478
TYO,CPT,Tanker,Fuel Oil,14727.6,24.73,483090.0,113909.0,84341.0,-883644.0,-10.4771,0.881,1.1397,56,71.91,-0.3539
SAN,TYO,Reefer,Pharmaceuticals,18591.0,24.14,626223.0,109296.0,79974.0,-1017656.0,-12.7249,0.8557,0.9736,49,63.86,-0.3243
KHI,LAX,LNG_Carrier,LNG,13476.2,17.17,1199873.0,82001.0,31608.0,-1507766.0,-47.7015,0.9974,1.2073,71,45.87,-0.4003
HAM,COL,LNG_Carrier,LNG,8074.9,10.62,771500.0,81663.0,27540.0,-984887.0,-35.7616,0.9445,1.1108,28,62.84,-0.431
KHI,LAX,Container_Ship,Containers,13476.2,15.46,1461166.0,85602.0,103841.0,-1674795.0,-16.1285,0.8691,1.1064,36,78.66,-0.7626
KHI,RTM,Reefer,Perishables,5993.9,8.0,180160.0,84551.0,11592.0,-373044.0,-32.1805,0.8608,1.247,39,89.5,-0.2522
COL,NYK,Reefer,Perishables,14086.8,17.87,472380.0,94919.0,9439.0,-825972.0,-87.508,0.8414,1.0388,69,30.14,-0.1414
NYK,TYO,Reefer,Refrigerated Goods,10853.1,14.22,302875.0,150134.0,13149.0,-653147.0,-49.6731,0.9578,0.9534,19,76.98,-0.317
LAG,MUM,Container_Ship,Containers,7617.6,8.98,946189.0,61624.0,97304.0,-1045249.0,-10.7421,0.9311,0.9676,63,40.6,-0.3007
RTM,SAN,Tanker,Crude Oil,9775.5,15.79,352185.0,95184.0,12984.0,-671279.0,-51.7013,0.8733,0.9912,20,65.63,-0.2883
SAN,COL,Tanker,Fuel Oil,13986.2,23.37,447508.0,57521.0,72574.0,-782974.0,-10.7886,0.7513,1.1499,35,32.31,-0.1441
NYK,SHA,LNG_Carrier,LPG,11860.8,15.78,1356327.0,141381.0,20182.0,-1714175.0,-84.9377,0.9986,0.9624,51,73.97,-0.7729
NYK,HAM,Reefer,Refrigerated Goods,6125.8,8.13,196183.0,142958.0,15911.0,-445192.0,-27.9805,0.9373,1.1788,37,53.91,-0.1804
SAN,SGP,LNG_Carrier,LNG,15934.4,19.83,1390027.0,80568.0,26454.0,-1741662.0,-65.8372,0.9052,1.1133,32,45.11,-0.4223
MUM,CPT,Tanker,Fuel Oil,8227.2,13.68,317306.0,64792.0,80580.0,-506790.0,-6.2892,0.9194,1.0433,34,52.52,-0.1843
HAM,RTM,Container_Ship,Auto Parts,406.5,0.42,45625.0,128623.0,300260.0,119758.0,0.3988,0.9404,1.1826,35,50.12,0.0587
SHA,TYO,Tanker,Crude Oil,1754.3,3.08,65154.0,140554.0,13565.0,-238308.0,-17.5674,0.7851,1.1518,28,32.97,-0.0718
JEA,SYD,Tanker,Chemical,12058.9,21.9,452333.0,89525.0,133479.0,-736863.0,-5.5204,0.8484,0.9255,59,87.85,-0.392
SGP,CPT,Bulk_Carrier,Grain,9665.9,17.92,263291.0,75579.0,49753.0,-557887.0,-11.2132,0.994,0.9931,68,56.51,-0.2071
HAM,SHA,Reefer,Pharmaceuticals,8527.4,11.1,274747.0,104575.0,88871.0,-456910.0,-5.1413,0.7838,1.1811,53,87.58,-0.274
ANT,BUS,Tanker,Chemical,8997.1,14.66,302900.0,113941.0,159805.0,-476937.0,-2.9845,0.9868,0.9526,49,30.13,-0.0967
CPT,ANT,Tanker,Crude Oil,9566.7,15.41,344879.0,90376.0,13815.0,-652615.0,-47.2385,0.9067,1.0158,70,85.48,-0.3678
RTM,CPT,Bulk_Carrier,Iron Ore,9642.1,19.21,291034.0,81981.0,19077.0,-642063.0,-33.6565,0.9316,1.0342,26,58.06,-0.2451
SGP,RTM,Tanker,Chemical,10534.9,18.53,348906.0,109441.0,147981.0,-588273.0,-3.9753,0.8111,1.0733,36,53.48,-0.2005
LAX,KHI,Tanker,Fuel Oil,13476.2,21.84,406442.0,84984.0,64341.0,-754697.0,-11.7296,0.8104,0.9451,46,58.96,-0.2576
MUM,HOU,LNG_Carrier,LPG,14456.2,19.46,1404471.0,104355.0,20794.0,-1779980.0,-85.5987,0.8452,1.1715,70,63.45,-0.6343
BUS,LAX,LNG_Carrier,LNG,9637.7,12.21,897245.0,120550.0,29903.0,-1171080.0,-39.1621,0.9659,1.1794,66,43.14,-0.3323
HOU,BUS,Reefer,Refrigerated Goods,11424.5,15.14,375147.0,120393.0,17253.0,-705417.0,-40.8872,0.9823,1.2197,38,58.63,-0.2558
KHI,CPT,LNG_Carrier,LNG,8308.9,9.85,679499.0,50282.0,19028.0,-858552.0,-45.1208,0.7755,0.9347,31,73.0,-0.4326
LAG,RTM,Bulk_Carrier,Grain,5056.8,9.0,127286.0,84008.0,46865.0,-299372.0,-6.388,0.8048,1.1554,40,34.78,-0.0818
SYD,JEA,Container_Ship,Auto Parts,12058.9,12.56,1503851.0,87095.0,258836.0,-1520452.0,-5.8742,0.8963,1.0696,64,39.8,-0.3665
MUM,SAN,Container_Ship,Auto Parts,13740.7,14.17,1545528.0,61195.0,239017.0,-1580294.0,-6.6116,0.7547,1.173,57,60.84,-0.5519
CPT,NYK,Tanker,Fuel Oil,12566.3,20.45,469097.0,103947.0,71604.0,-808245.0,-11.2878,0.8049,1.059,25,47.43,-0.2284
HOU,BUS,Reefer,Refrigerated Goods,11424.5,16.39,417685.0,127160.0,11670.0,-779093.0,-66.7583,0.8689,0.9328,66,80.67,-0.3887
LAG,COL,LNG_Carrier,LPG,8435.8,11.27,895310.0,60000.0,20833.0,-1103559.0,-52.9719,0.9549,1.0389,56,79.25,-0.6009
BUS,SYD,Reefer,Perishables,8015.7,10.96,267942.0,106970.0,9934.0,-529389.0,-53.29,0.8757,1.0504,37,57.62,-0.2129
HOU,MUM,Bulk_Carrier,Bauxite,14456.2,29.18,471316.0,103347.0,8636.0,-1003763.0,-116.2339,0.976,0.9831,68,60.01,-0.3383
HOU,LAG,LNG_Carrier,LNG,10488.9,12.99,956592.0,97571.0,22886.0,-1226120.0,-53.5756,0.8954,0.9737,19,70.2,-0.5495
KHI,SYD,Tanker,Crude Oil,11020.1,18.86,376924.0,76903.0,17258.0,-719425.0,-41.686,0.9896,1.1626,45,37.27,-0.1681
RTM,SYD,Container_Ship,Machinery,16689.6,18.21,1925340.0,131838.0,171657.0,-2158662.0,-12.5754,0.8303,1.0767,47,56.25,-0.6387
COL,JEA,Reefer,Refrigerated Goods,3316.6,4.72,110218.0,65610.0,14277.0,-232335.0,-16.2738,0.8668,1.1438,42,55.83,-0.11
RTM,HOU,Container_Ship,Auto Parts,8072.0,8.48,858599.0,142458.0,237719.0,-890583.0,-3.7464,0.7658,1.1496,19,75.91,-0.4708
MUM,LAX,Reefer,Frozen Fish,14043.2,19.02,446802.0,89528.0,16805.0,-804879.0,-47.8945,0.9714,0.9611,61,59.52,-0.2724
JEA,RTM,Tanker,Chemical,5176.2,8.79,190291.0,97272.0,140796.0,-278623.0,-1.9789,0.8936,0.9268,41,37.86,-0.0824
SAN,RTM,LNG_Carrier,LNG,9775.5,11.67,981444.0,98929.0,20524.0,-1234829.0,-60.1652,0.7505,1.0418,35,36.03,-0.2912
BUS,ANT,Reefer,Perishables,8997.1,11.57,280843.0,103100.0,9743.0,-547735.0,-56.2203,0.8801,1.025,63,66.68,-0.2458
SGP,ANT,Reefer,Perishables,10551.1,14.83,376710.0,105971.0,7967.0,-697158.0,-87.5071,0.7821,0.9432,63,44.52,-0.1977
LAG,TYO,Reefer,Frozen Fish,13474.1,17.52,410692.0,110023.0,20371.0,-763209.0,-37.4661,0.9112,1.242,41,40.23,-0.1777
SYD,HOU,Reefer,Perishables,13818.5,17.73,431590.0,133053.0,9438.0,-821171.0,-87.0033,0.7718,1.1323,24,87.22,-0.4102
BUS,TYO,Bulk_Carrier,Iron Ore,959.3,1.71,24163.0,119110.0,16997.0,-151907.0,-8.9371,0.7712,1.1132,47,76.65,-0.1107
MUM,SYD,Reefer,Perishables,10150.5,13.62,328094.0,94597.0,11002.0,-615982.0,-55.9881,0.9369,1.0873,19,45.45,-0.1808
SAN,TYO,Container_Ship,Auto Parts,18591.0,19.48,1955952.0,106203.0,305545.0,-2048787.0,-6.7054,0.9594,1.1795,62,37.06,-0.3789
RTM,CPT,LNG_Carrier,LNG,9642.1,11.89,916135.0,98654.0,30061.0,-1163003.0,-38.6875,0.9593,1.1938,19,87.57,-0.6698
MUM,SYD,Tanker,Crude Oil,10150.5,16.54,333021.0,97681.0,11752.0,-667019.0,-56.7589,0.8496,0.9221,55,75.8,-0.3266
SYD,COL,Container_Ship,Auto Parts,8748.1,9.72,1124554.0,87503.0,262945.0,-1094918.0,-4.1641,0.9317,1.0453,61,81.87,-0.6089
HAM,RTM,Tanker,Crude Oil,406.5,0.71,13514.0,116045.0,12111.0,-128141.0,-10.5807,0.8503,0.9495,68,73.46,-0.0921
HAM,MUM,Container_Ship,Containers,6551.7,7.43,722976.0,89379.0,76786.0,-847035.0,-11.0312,0.7871,0.9033,67,79.86,-0.4997
TYO,NYK,Tanker,Fuel Oil,10853.1,17.69,323903.0,152602.0,69981.0,-671937.0,-9.6017,0.8348,0.998,41,46.51,-0.197
SHA,CPT,Container_Ship,Machinery,12978.3,13.5,1616626.0,83024.0,220537.0,-1681632.0,-7.6252,0.9804,1.1716,40,56.46,-0.5582
RTM,MUM,Reefer,Refrigerated Goods,6887.0,9.76,258946.0,99606.0,12344.0,-492542.0,-39.9019,0.9154,0.9364,64,87.33,-0.3135
CPT,MUM,Reefer,Frozen Fish,8227.2,10.85,264478.0,60408.0,19588.0,-468091.0,-23.8968,0.8762,1.242,48,33.36,-0.1081
JEA,SHA,Bulk_Carrier,Bauxite,6458.3,11.75,160922.0,86619.0,7075.0,-416739.0,-58.9053,0.8188,0.96,66,79.74,-0.2464
SYD,HOU,LNG_Carrier,LNG,13818.5,18.69,1271113.0,118901.0,21320.0,-1649028.0,-77.3464,0.8154,0.9961,55,43.09,-0.4069
JEA,LAX,LNG_Carrier,LNG,13447.6,15.98,1128306.0,95525.0,27083.0,-1436416.0,-53.037,0.837,1.2326,56,68.09,-0.5667
SHA,ANT,Reefer,Refrigerated Goods,8980.7,11.7,249715.0,114693.0,11783.0,-528117.0,-44.8203,0.7796,1.0497,52,41.4,-0.1472
NYK,SAN,Tanker,Crude Oil,7737.9,12.86,238233.0,102807.0,13687.0,-520291.0,-38.0131,0.9519,0.9586,69,74.96,-0.2751
SGP,KHI,Bulk_Carrier,Coal,4744.0,8.63,142089.0,71319.0,24932.0,-317919.0,-12.7513,0.813,1.2169,61,47.51,-0.1202
SGP,RTM,Container_Ship,Auto Parts,10534.9,11.85,1408301.0,101792.0,218384.0,-1469467.0,-6.7288,0.7521,1.0754,39,34.01,-0.3185
RTM,SYD,Bulk_Carrier,Bauxite,16689.6,30.45,432623.0,117344.0,7469.0,-999255.0,-133.7937,0.859,0.966,24,41.31,-0.2171
CPT,COL,Container_Ship,Electronics,7888.4,8.82,1000319.0,52830.0,295949.0,-889520.0,-3.0057,0.8181,1.2058,56,64.22,-0.4006
SHA,SGP,LNG_Carrier,LPG,3810.3,4.68,378417.0,94904.0,16739.0,-526715.0,-31.4666,0.7721,1.0324,25,70.4,-0.3075
HAM,HOU,Bulk_Carrier,Iron Ore,8306.0,16.91,276158.0,130340.0,19160.0,-640926.0,-33.4508,0.9553,1.0129,49,45.59,-0.2017
SYD,HAM,Bulk_Carrier,Grain,16284.4,30.86,419758.0,107259.0,54742.0,-935122.0,-17.0823,0.9141,1.1882,38,69.05,-0.3436
TYO,RTM,Tanker,Fuel Oil,9345.2,17.08,398172.0,131349.0,66538.0,-719166.0,-10.8083,0.815,0.9719,39,78.08,-0.3732
KHI,CPT,LNG_Carrier,LNG,8308.9,11.55,841809.0,46192.0,21508.0,-1039779.0,-48.3435,0.862,0.9506,29,41.05,-0.2946
MUM,KHI,Container_Ship,Electronics,893.2,1.05,105409.0,54859.0,221088.0,45002.0,0.2035,0.787,0.9364,24,49.44,0.0212
CPT,HOU,Container_Ship,Electronics,13853.3,15.18,1735429.0,97983.0,224807.0,-1836257.0,-8.1681,0.8251,0.9082,32,46.49,-0.4884
ANT,SHA,Bulk_Carrier,Grain,8980.7,16.18,255778.0,118856.0,47458.0,-569868.0,-12.0079,0.7983,1.1796,50,64.48,-0.2475
SHA,NYK,Reefer,Frozen Fish,11860.8,17.42,393871.0,141159.0,17297.0,-779043.0,-45.0392,0.9115,1.0543,28,62.1,-0.2949
ANT,SHA,LNG_Carrier,LNG,8980.7,10.76,756450.0,124193.0,19768.0,-1022343.0,-51.7162,0.833,0.9041,62,67.71,-0.4662
HAM,TYO,LNG_Carrier,LPG,8979.6,11.98,984648.0,146078.0,19206.0,-1291227.0,-67.2305,0.7923,1.1543,63,82.43,-0.7168
HAM,SGP,Container_Ship,Auto Parts,10154.8,11.05,1109786.0,100066.0,260434.0,-1115195.0,-4.2821,0.9628,1.0018,70,79.35,-0.5715
CPT,HOU,Bulk_Carrier,Grain,13853.3,25.79,348579.0,88372.0,58551.0,-765308.0,-13.0708,0.9349,1.2426,27,58.72,-0.2571
TYO,SAN,LNG_Carrier,LNG,18591.0,25.79,1888227.0,107594.0,28648.0,-2354029.0,-82.1697,0.9106,1.1985,55,65.65,-0.7713
SGP,TYO,LNG_Carrier,LPG,5314.4,6.42,522342.0,121687.0,22571.0,-717702.0,-31.7977,0.89,1.2077,46,71.21,-0.3971
SAN,NYK,Bulk_Carrier,Grain,7737.9,13.99,189812.0,115141.0,54920.0,-459936.0,-8.3746,0.9422,1.1566,37,30.74,-0.0997
MUM,JEA,Bulk_Carrier,Iron Ore,1954.2,3.95,55200.0,76590.0,16661.0,-174444.0,-10.4703,0.9142,0.9205,23,82.2,-0.1297
KHI,NYK,Tanker,Crude Oil,11689.8,20.99,464953.0,97798.0,15841.0,-861832.0,-54.4067,0.9564,1.1042,32,31.78,-0.1679
KHI,SHA,Bulk_Carrier,Bauxite,5340.0,9.38,142235.0,83392.0,10071.0,-356239.0,-35.3725,0.9155,1.2223,30,84.68,-0.2341
JEA,KHI,LNG_Carrier,LNG,1207.1,1.52,105779.0,58257.0,21003.0,-165801.0,-7.8943,0.806,0.9926,49,60.82,-0.0947
SYD,NYK,Bulk_Carrier,Grain,15985.3,28.77,428146.0,130069.0,53227.0,-936586.0,-17.5961,0.9576,1.1029,60,58.11,-0.2921
RTM,HAM,Container_Ship,Machinery,406.5,0.46,46801.0,129974.0,185601.0,1860.0,0.01,0.831,1.1633,34,37.53,0.0007
KHI,ANT,Container_Ship,Machinery,5992.6,7.02,838365.0,77274.0,183313.0,-837557.0,-4.569,0.9257,1.0314,37,78.48,-0.4966
TYO,ANT,Container_Ship,Auto Parts,9411.9,10.74,1024088.0,138471.0,247085.0,-1076612.0,-4.3573,0.7678,1.1918,48,41.62,-0.2971
SAN,KHI,Bulk_Carrier,Bauxite,13337.2,25.43,374733.0,57557.0,10193.0,-803596.0,-78.8383,0.9266,1.2222,50,82.35,-0.3847
COL,CPT,LNG_Carrier,LPG,7888.4,9.98,858496.0,57662.0,16568.0,-1049356.0,-63.3379,0.7617,1.0357,71,30.49,-0.2244
SYD,RTM,Tanker,Fuel Oil,16689.6,29.22,555138.0,126658.0,88787.0,-1031278.0,-11.6152,0.8707,1.214,69,33.41,-0.1812
RTM,HAM,Tanker,Chemical,406.5,0.65,14500.0,110649.0,145279.0,10317.0,0.071,0.899,0.9506,29,87.82,0.0089
JEA,SGP,Bulk_Carrier,Grain,5858.9,10.31,161156.0,85794.0,40891.0,-360722.0,-8.8216,0.8101,1.0015,49,46.42,-0.1272
COL,HOU,LNG_Carrier,LPG,15903.9,19.65,1503006.0,88509.0,18262.0,-1868073.0,-102.2936,0.8214,1.0588,68,62.33,-0.6264
MUM,SHA,LNG_Carrier,LPG,5043.9,6.93,504777.0,81998.0,19465.0,-671262.0,-34.4852,0.8709,1.0643,48,40.73,-0.2149
MUM,CPT,Tanker,Crude Oil,8227.2,14.94,341884.0,56634.0,15762.0,-606826.0,-38.4993,0.9834,1.0686,62,30.21,-0.1269
SYD,ANT,Container_Ship,Electronics,16725.3,18.32,1839697.0,111314.0,322714.0,-1903032.0,-5.897,0.8658,1.2425,27,52.3,-0.523
SGP,HAM,LNG_Carrier,LPG,10154.8,13.81,1148201.0,113264.0,15993.0,-1452590.0,-90.8282,0.8067,0.9441,64,38.51,-0.3613
ANT,BUS,Bulk_Carrier,Iron Ore,8997.1,16.66,223441.0,107958.0,19276.0,-561961.0,-29.1527,0.8676,1.1221,52,86.33,-0.3265
JEA,MUM,LNG_Carrier,LPG,1954.2,2.64,183847.0,68095.0,20792.0,-270711.0,-13.0199,0.8747,1.1319,66,76.28,-0.1868
SYD,ANT,Container_Ship,Auto Parts,16725.3,19.86,2364108.0,112435.0,269199.0,-2505273.0,-9.3064,0.8451,1.1797,18,41.05,-0.5404
LAX,TYO,Bulk_Carrier,Grain,8839.0,17.55,277886.0,139770.0,43775.0,-637197.0,-14.5561,0.7852,1.1061,52,30.52,-0.1316
ANT,NYK,Tanker,Crude Oil,5881.5,9.54,179948.0,135658.0,12389.0,-446299.0,-36.0241,0.8905,0.9275,21,76.48,-0.2591
JEA,ANT,Reefer,Pharmaceuticals,5160.9,6.8,155136.0,102540.0,109749.0,-249892.0,-2.2769,0.9789,1.1678,26,57.77,-0.1129
CPT,MUM,Tanker,Crude Oil,8227.2,14.01,295418.0,60965.0,12502.0,-553967.0,-44.3117,0.8429,0.9887,51,47.63,-0.1827
SGP,SHA,Reefer,Refrigerated Goods,3810.3,5.4,124782.0,103417.0,15538.0,-293636.0,-18.8984,0.9238,1.168,67,75.27,-0.1833
LAX,NYK,LNG_Carrier,LNG,3948.9,5.18,412690.0,129311.0,31041.0,-588691.0,-18.9647,0.9714,1.2174,45,78.57,-0.3813
BUS,RTM,Tanker,Fuel Oil,8936.6,15.96,302225.0,111787.0,76520.0,-576962.0,-7.54,0.8541,1.0666,26,56.02,-0.218
SAN,ANT,Container_Ship,Machinery,9716.8,11.2,1220848.0,86939.0,186444.0,-1289288.0,-6.9151,0.8301,1.1698,19,37.4,-0.3163
NYK,SHA,Tanker,Chemical,11860.8,21.87,507517.0,141505.0,145757.0,-831304.0,-5.7034,0.9075,0.9448,68,70.45,-0.357
RTM,ANT,Tanker,Fuel Oil,78.1,0.15,2854.0,131718.0,84109.0,-52641.0,-0.6259,0.8367,1.1967,52,73.88,-0.0387
TYO,HAM,Tanker,Fuel Oil,8979.6,15.72,335058.0,132985.0,88091.0,-615766.0,-6.9901,0.9728,1.078,66,62.64,-0.2598
SGP,CPT,Container_Ship,Containers,9665.9,9.89,1064047.0,66634.0,108494.0,-1170527.0,-10.7889,0.872,1.152,38,38.83,-0.2987
SYD,HOU,LNG_Carrier,LPG,13818.5,18.0,1511362.0,120562.0,20919.0,-1880960.0,-89.9149,0.9339,1.0667,28,63.09,-0.6797
RTM,SGP,Container_Ship,Auto Parts,10534.9,12.33,1182013.0,117164.0,208748.0,-1275449.0,-6.11,0.8466,0.9132,39,52.5,-0.4269
MUM,COL,Tanker,Fuel Oil,1535.0,2.53,50357.0,58844.0,80549.0,-66603.0,-0.8269,0.9038,1.061,28,69.45,-0.0427
MUM,SHA,Bulk_Carrier,Coal,5043.9,9.39,122914.0,95698.0,23458.0,-336043.0,-14.3253,0.908,1.0252,45,73.78,-0.1949
MUM,HOU,Tanker,Chemical,14456.2,25.36,586016.0,105540.0,181353.0,-890652.0,-4.9112,0.9391,1.136,63,52.86,-0.2644
LAX,HAM,Container_Ship,Containers,9100.3,9.42,916907.0,130428.0,108369.0,-1080272.0,-9.9685,0.8984,1.1169,34,51.37,-0.3721
COL,MUM,LNG_Carrier,LPG,1535.0,2.1,159361.0,54117.0,18364.0,-226605.0,-12.3397,0.9152,0.9555,56,53.75,-0.1125
ANT,SGP,Reefer,Frozen Fish,10551.1,15.18,372077.0,103246.0,15335.0,-687753.0,-44.8491,0.8267,1.0305,65,33.62,-0.1473
SGP,ANT,Reefer,Pharmaceuticals,10551.1,14.12,329800.0,109141.0,117613.0,-533099.0,-4.5327,0.984,1.2451,33,60.38,-0.2051
SHA,SGP,Reefer,Frozen Fish,3810.3,5.26,126507.0,105819.0,17689.0,-293475.0,-16.5912,0.8025,1.2246,27,34.51,-0.084
ANT,CPT,LNG_Carrier,LNG,9566.7,12.26,936363.0,80349.0,21090.0,-1179492.0,-55.9256,0.8841,0.9088,63,48.04,-0.3737
SHA,HOU,Reefer,Perishables,12195.4,17.0,399529.0,130272.0,9518.0,-775303.0,-81.4533,0.9764,0.9026,58,58.9,-0.2753
SYD,HAM,Bulk_Carrier,Bauxite,16284.4,31.05,500235.0,121730.0,7251.0,-1080499.0,-149.0126,0.8108,0.9937,51,57.04,-0.328
COL,LAG,Tanker,Fuel Oil,8435.8,15.1,327252.0,52431.0,80189.0,-525949.0,-6.5588,0.8312,1.1486,23,46.52,-0.1681
SHA,HAM,Bulk_Carrier,Iron Ore,8527.4,16.69,242764.0,104988.0,17621.0,-580426.0,-32.94,0.9054,0.9829,51,54.72,-0.2175
SAN,TYO,Tanker,Crude Oil,18591.0,33.68,686456.0,120817.0,13499.0,-1298932.0,-96.2258,0.8557,1.0517,44,57.15,-0.3705
TYO,CPT,LNG_Carrier,LNG,14727.6,19.11,1461381.0,111276.0,25353.0,-1833971.0,-72.3373,0.991,0.9746,62,88.79,-0.907
KHI,LAG,Reefer,Frozen Fish,7048.8,9.93,250839.0,53634.0,15492.0,-437893.0,-28.2649,0.7553,1.1395,23,53.62,-0.1701
JEA,CPT,LNG_Carrier,LNG,7606.3,9.3,717552.0,67792.0,20090.0,-904776.0,-45.0357,0.7774,0.9845,51,38.78,-0.2487
JEA,RTM,Tanker,Fuel Oil,5176.2,9.49,208951.0,103060.0,83983.0,-370308.0,-4.4093,0.9462,1.0567,19,57.35,-0.166
KHI,SYD,Reefer,Perishables,11020.1,15.95,396809.0,87888.0,11729.0,-712203.0,-60.7199,0.9221,1.1778,58,77.45,-0.3458
LAG,CPT,Reefer,Frozen Fish,4761.1,6.02,142294.0,60397.0,16713.0,-276217.0,-16.5273,0.7818,1.1876,62,61.56,-0.1353
SAN,BUS,Bulk_Carrier,Iron Ore,18691.4,32.84,480063.0,90351.0,14659.0,-1048416.0,-71.5224,0.8204,0.9024,63,33.46,-0.1746
KHI,MUM,Bulk_Carrier,Iron Ore,893.2,1.74,24363.0,53196.0,16843.0,-86836.0,-5.1555,0.9157,0.9289,21,73.95,-0.0613
KHI,NYK,LNG_Carrier,LNG,11689.8,15.13,1052890.0,88586.0,25961.0,-1342404.0,-51.7094,0.8421,1.1744,64,72.35,-0.5954
SGP,MUM,LNG_Carrier,LNG,3906.7,4.73,369164.0,79806.0,20589.0,-499305.0,-24.2515,0.8634,0.9084,24,62.13,-0.2562
HOU,LAX,Reefer,Pharmaceuticals,2204.4,2.95,73690.0,133045.0,100015.0,-150960.0,-1.5094,0.9878,1.0547,31,63.18,-0.0852
LAG,BUS,Bulk_Carrier,Grain,12692.5,25.31,374740.0,74338.0,48539.0,-780249.0,-16.0747,0.9815,0.9812,39,43.43,-0.201
NYK,MUM,Tanker,Crude Oil,12555.7,23.42,540281.0,100855.0,11775.0,-980714.0,-83.2888,0.8567,0.9163,69,38.66,-0.226
COL,BUS,Reefer,Pharmaceuticals,5911.7,8.1,215823.0,68569.0,84281.0,-321575.0,-3.8155,0.9563,0.9181,65,52.38,-0.1277
SYD,LAG,Bulk_Carrier,Grain,15517.5,28.98,467775.0,95500.0,53536.0,-944475.0,-17.6419,0.9272,1.1456,26,87.78,-0.4511
COL,SYD,Reefer,Refrigerated Goods,8748.1,11.93,317830.0,74924.0,11207.0,-560437.0,-50.0064,0.8634,0.9014,35,52.34,-0.1992
HAM,BUS,Container_Ship,Containers,8550.1,9.38,1039323.0,118778.0,107869.0,-1190903.0,-11.0403,0.9031,1.1059,56,80.44,-0.6554
HOU,LAG,Reefer,Pharmaceuticals,10488.9,13.7,356042.0,90562.0,87273.0,-564846.0,-6.4722,0.8055,1.1285,33,54.81,-0.1977
MUM,HOU,Bulk_Carrier,Grain,14456.2,26.11,402115.0,111343.0,48122.0,-857058.0,-17.8102,0.9431,1.0124,69,87.17,-0.4196
SGP,BUS,Tanker,Chemical,4583.4,7.89,160511.0,89240.0,168495.0,-199662.0,-1.185,0.8402,1.1796,69,74.15,-0.1187
HOU,MUM,Reefer,Frozen Fish,14456.2,18.38,402245.0,109123.0,18284.0,-768765.0,-42.0468,0.8684,1.1696,66,82.24,-0.3551
LAG,LAX,Container_Ship,Electronics,12430.0,13.75,1359052.0,99204.0,235354.0,-1429103.0,-6.0721,0.75,1.046,29,48.8,-0.4173
ANT,LAX,Container_Ship,Machinery,9036.9,9.88,1136810.0,116050.0,181768.0,-1219292.0,-6.7079,0.8275,1.1441,52,56.29,-0.4613
RTM,HOU,Bulk_Carrier,Iron Ore,8072.0,16.26,224315.0,144915.0,20388.0,-592789.0,-29.0755,0.9167,1.1233,27,34.23,-0.1413
LAX,NYK,Container_Ship,Auto Parts,3948.9,4.27,501102.0,147352.0,225029.0,-487505.0,-2.1664,0.8359,0.997,71,54.3,-0.2182
MUM,ANT,Reefer,Perishables,6885.8,9.47,229875.0,85445.0,9735.0,-447572.0,-45.9748,0.8534,1.0563,48,72.21,-0.2356
HAM,SYD,Tanker,Chemical,16284.4,27.01,586550.0,121734.0,155115.0,-958311.0,-6.1781,0.9464,0.9641,32,51.9,-0.2647
HOU,SHA,LNG_Carrier,LNG,12195.4,15.55,1118685.0,118413.0,22928.0,-1447433.0,-63.1286,0.9449,0.9244,63,75.82,-0.6617
LAG,LAX,LNG_Carrier,LNG,12430.0,15.74,1126610.0,101907.0,20510.0,-1444114.0,-70.4087,0.8275,0.9443,19,87.05,-0.7523
SAN,HOU,Bulk_Carrier,Iron Ore,7942.5,14.38,224551.0,100921.0,18351.0,-522888.0,-28.4933,0.7821,1.185,41,46.39,-0.1698
SYD,KHI,Reefer,Perishables,11020.1,15.13,323277.0,74358.0,13233.0,-611311.0,-46.197,0.9804,1.2498,18,49.29,-0.1889
SHA,SAN,Bulk_Carrier,Iron Ore,18568.6,34.62,575516.0,86230.0,17652.0,-1163452.0,-65.9111,0.9832,0.9068,53,31.42,-0.1825
JEA,NYK,Container_Ship,Machinery,11017.6,12.7,1422812.0,118381.0,173906.0,-1557843.0,-8.9579,0.9298,0.9741,71,87.15,-0.8512
RTM,COL,Reefer,Frozen Fish,8401.4,12.23,262844.0,89140.0,15538.0,-519939.0,-33.4627,0.9484,0.9102,27,56.83,-0.2033
HOU,KHI,Reefer,Pharmaceuticals,13656.9,18.0,437407.0,86142.0,78749.0,-714859.0,-9.0777,0.8861,0.9257,31,37.79,-0.1555
SHA,ANT,Container_Ship,Machinery,8980.7,10.77,1066517.0,107120.0,227825.0,-1107422.0,-4.8608,0.9747,1.2173,38,50.95,-0.3799
JEA,ANT,Reefer,Refrigerated Goods,5160.9,7.48,165537.0,92117.0,11351.0,-358455.0,-31.5781,0.7791,1.0117,49,89.09,-0.2497
LAG,HOU,Tanker,Fuel Oil,10488.9,17.39,338644.0,106590.0,85189.0,-620858.0,-7.288,0.8343,1.2156,62,60.31,-0.2391
SAN,RTM,Container_Ship,Auto Parts,9775.5,11.71,1353871.0,88872.0,229738.0,-1388583.0,-6.0442,0.9115,0.9335,41,69.95,-0.6357
CPT,SGP,Bulk_Carrier,Coal,9665.9,18.02,292352.0,67174.0,21747.0,-608104.0,-27.9622,0.8538,1.0108,53,61.68,-0.2465
NYK,SHA,LNG_Carrier,LPG,11860.8,16.02,1330387.0,141670.0,22823.0,-1689571.0,-74.0294,0.8998,1.2079,57,87.57,-0.902
JEA,HAM,Reefer,Perishables,4892.2,6.48,158842.0,107222.0,11351.0,-351942.0,-31.0063,0.9999,1.051,36,55.31,-0.154
JEA,KHI,Tanker,Fuel Oil,1207.1,2.05,37855.0,59794.0,73028.0,-55447.0,-0.7593,0.9416,0.9233,42,61.24,-0.0319
HOU,SHA,Container_Ship,Electronics,12195.4,13.27,1491159.0,117905.0,279272.0,-1528888.0,-5.4745,0.9034,1.0304,54,68.2,-0.6287
RTM,BUS,Reefer,Pharmaceuticals,8936.6,11.61,271346.0,122064.0,109244.0,-458319.0,-4.1954,0.9594,1.1861,38,59.51,-0.184
KHI,HOU,Tanker,Crude Oil,13656.9,22.46,465921.0,91089.0,14328.0,-879606.0,-61.389,0.8115,1.1771,57,70.11,-0.3549
SGP,BUS,Reefer,Pharmaceuticals,4583.4,6.21,147523.0,88403.0,101158.0,-227880.0,-2.2527,0.9108,1.157,55,82.02,-0.1498
SAN,CPT,Tanker,Chemical,6297.2,11.63,214444.0,57219.0,163278.0,-282762.0,-1.7318,0.8281,1.1598,33,42.82,-0.0904
HOU,HAM,Container_Ship,Auto Parts,8306.0,9.53,938337.0,128238.0,240508.0,-968964.0,-4.0288,0.9824,0.9067,25,88.46,-0.5918
NYK,RTM,Tanker,Fuel Oil,5858.2,10.83,203072.0,139532.0,88881.0,-416108.0,-4.6816,0.9377,1.1285,28,63.71,-0.2014
JEA,SHA,Bulk_Carrier,Coal,6458.3,11.24,177613.0,92058.0,23343.0,-414904.0,-17.7739,0.9052,1.0234,55,52.46,-0.1614
COL,BUS,Tanker,Crude Oil,5911.7,10.06,206749.0,81373.0,13090.0,-425964.0,-32.5416,0.8674,1.006,50,58.37,-0.1885
RTM,NYK,LNG_Carrier,LNG,5858.2,7.54,611762.0,135645.0,32520.0,-827998.0,-25.4615,0.9993,1.2397,41,77.59,-0.488
SHA,HOU,Container_Ship,Containers,12195.4,12.89,1493027.0,126072.0,75570.0,-1736879.0,-22.9836,0.76,0.9207,55,80.04,-0.8383
SAN,SGP,LNG_Carrier,LPG,15934.4,19.7,1569746.0,73283.0,15511.0,-1923016.0,-123.9752,0.7619,0.9695,58,32.78,-0.3389
BUS,NYK,Container_Ship,Machinery,11254.3,11.65,1352188.0,115176.0,170561.0,-1471491.0,-8.6274,0.9866,0.9004,59,37.9,-0.3469
BUS,LAG,LNG_Carrier,LPG,12692.5,16.11,1296324.0,77067.0,17175.0,-1597901.0,-93.0389,0.7651,1.0689,57,50.92,-0.4828
SHA,JEA,LNG_Carrier,LPG,6458.3,8.55,633584.0,96444.0,18231.0,-840039.0,-46.0768,0.8424,1.0306,41,62.64,-0.3901
SGP,SAN,Reefer,Perishables,15934.4,19.96,483906.0,74748.0,10577.0,-847434.0,-80.1223,0.8732,1.1215,32,32.37,-0.1475
RTM,ANT,LNG_Carrier,LNG,78.1,0.1,8304.0,118435.0,20877.0,-107383.0,-5.1436,0.8254,0.9635,63,30.1,-0.0322
LAG,RTM,LNG_Carrier,LPG,5056.8,6.77,498101.0,99888.0,23490.0,-676009.0,-28.7789,0.9346,1.1968,38,61.1,-0.3244
KHI,HAM,LNG_Carrier,LNG,5660.0,7.76,657988.0,76425.0,25004.0,-825791.0,-33.0265,0.8625,1.1044,25,48.67,-0.3078
BUS,COL,Reefer,Pharmaceuticals,5911.7,7.44,162617.0,76211.0,107507.0,-242940.0,-2.2598,0.9498,1.1791,52,63.86,-0.1176
CPT,NYK,Tanker,Crude Oil,12566.3,23.64,517258.0,92790.0,12222.0,-952396.0,-77.9249,0.7722,1.0551,53,75.15,-0.4264
COL,BUS,Reefer,Pharmaceuticals,5911.7,8.1,186344.0,68422.0,81294.0,-294946.0,-3.6281,0.8029,1.0547,39,64.91,-0.1451
CPT,KHI,LNG_Carrier,LPG,8308.9,10.13,688117.0,52172.0,18357.0,-873927.0,-47.6071,0.7814,1.1187,36,45.0,-0.2715
KHI,SYD,Reefer,Frozen Fish,11020.1,16.12,402623.0,87120.0,18547.0,-712946.0,-38.439,0.8677,1.1875,20,67.37,-0.3011
HOU,SAN,LNG_Carrier,LPG,7942.5,10.12,794942.0,104782.0,24954.0,-1026592.0,-41.1398,0.9525,1.2476,33,82.4,-0.592
CPT,HOU,LNG_Carrier,LNG,13853.3,17.13,1242738.0,91315.0,19175.0,-1571834.0,-81.9728,0.8106,0.9012,48,31.38,-0.2822
BUS,KHI,Bulk_Carrier,Iron Ore,5990.8,11.8,194423.0,67775.0,17344.0,-421897.0,-24.3249,0.9014,0.9718,65,53.4,-0.1702
ANT,JEA,Bulk_Carrier,Coal,5160.9,9.88,139562.0,89341.0,20935.0,-356193.0,-17.0141,0.7828,1.0613,23,48.96,-0.1364
LAG,RTM,Container_Ship,Auto Parts,5056.8,5.87,558166.0,95583.0,246958.0,-494816.0,-2.0036,0.8251,1.1086,49,75.53,-0.2936
TYO,SAN,Container_Ship,Machinery,18591.0,21.86,2573457.0,106716.0,183225.0,-2824782.0,-15.417,0.9365,1.019,51,88.74,-1.0
RTM,SGP,Container_Ship,Electronics,10534.9,11.99,1343539.0,100213.0,298498.0,-1325115.0,-4.4393,0.9427,1.0555,27,85.63,-0.7233
BUS,COL,LNG_Carrier,LPG,5911.7,7.39,557083.0,77164.0,16509.0,-728520.0,-44.1285,0.8346,0.9419,65,32.1,-0.1773
RTM,SYD,Bulk_Carrier,Bauxite,16689.6,31.01,514155.0,129110.0,8701.0,-1099732.0,-126.3931,0.864,1.119,57,66.34,-0.3837
ANT,NYK,Bulk_Carrier,Bauxite,5881.5,10.68,154139.0,126432.0,8748.0,-431991.0,-49.381,0.8623,1.1272,35,62.78,-0.2058
HAM,BUS,Reefer,Pharmaceuticals,8550.1,11.99,281376.0,104844.0,70524.0,-495574.0,-7.027,0.7615,0.9647,61,68.51,-0.2323
SYD,SAN,Reefer,Pharmaceuticals,13322.4,19.16,503447.0,89179.0,95717.0,-784316.0,-8.1941,0.8595,1.1601,38,60.16,-0.2744
COL,KHI,Bulk_Carrier,Coal,2418.3,4.78,64911.0,46194.0,26733.0,-156141.0,-5.8408,0.9626,1.102,54,49.41,-0.0682
HAM,MUM,Container_Ship,Containers,6551.7,6.97,784666.0,95754.0,88335.0,-896610.0,-10.1501,0.8747,0.9351,66,45.99,-0.3046
MUM,JEA,Container_Ship,Containers,1954.2,2.04,203928.0,64880.0,109626.0,-189836.0,-1.7317,0.9675,1.0492,53,89.08,-0.153
SGP,MUM,Container_Ship,Machinery,3906.7,4.61,501763.0,77034.0,160905.0,-487050.0,-3.0269,0.8025,1.0443,53,82.81,-0.3331
HOU,COL,Container_Ship,Auto Parts,15903.9,18.44,2051708.0,102873.0,241964.0,-2189174.0,-9.0475,0.9469,0.9465,38,37.82,-0.4454
SAN,MUM,Reefer,Frozen Fish,13740.7,18.81,417860.0,70866.0,20786.0,-750151.0,-36.0887,0.9344,1.2358,26,80.93,-0.3485
KHI,SAN,LNG_Carrier,LNG,13337.2,17.62,1480723.0,62436.0,23879.0,-1783559.0,-74.6922,0.8711,1.0443,61,84.48,-0.876
SGP,LAG,Reefer,Pharmaceuticals,11147.2,14.28,338676.0,80445.0,87860.0,-545434.0,-6.208,0.7507,1.2192,41,78.64,-0.2678
SHA,KHI,Tanker,Crude Oil,5340.0,8.85,198376.0,73572.0,12614.0,-392084.0,-31.0841,0.9304,0.9038,71,88.67,-0.2698
LAG,SAN,Container_Ship,Electronics,6362.4,6.85,746548.0,71285.0,272029.0,-648541.0,-2.3841,0.852,1.0643,39,38.39,-0.1853
KHI,RTM,LNG_Carrier,LPG,5993.9,7.57,649370.0,75983.0,19532.0,-819438.0,-41.954,0.9868,0.9426,71,46.94,-0.2906
KHI,MUM,LNG_Carrier,LNG,893.2,1.13,95348.0,59135.0,22939.0,-148563.0,-6.4763,0.7576,1.1535,60,46.11,-0.0654
BUS,CPT,Tanker,Fuel Oil,13800.1,25.3,533804.0,78231.0,78426.0,-913036.0,-11.642,0.8571,1.0893,51,43.32,-0.2267
HOU,CPT,Tanker,Chemical,13853.3,25.91,509811.0,94118.0,147055.0,-845593.0,-5.7502,0.9035,0.9574,29,34.64,-0.1676
LAG,RTM,LNG_Carrier,LPG,5056.8,6.93,508956.0,96738.0,22831.0,-686777.0,-30.0811,0.956,1.1372,22,69.99,-0.3776
KHI,ANT,Bulk_Carrier,Iron Ore,5992.6,11.78,187256.0,85370.0,18080.0,-431315.0,-23.8558,0.8821,1.0352,63,42.58,-0.1388
ANT,LAG,Reefer,Refrigerated Goods,4978.7,7.11,159991.0,80092.0,14763.0,-331940.0,-22.4844,0.8327,1.2313,20,72.05,-0.1885
HOU,BUS,Bulk_Carrier,Coal,11424.5,19.98,274488.0,126171.0,23692.0,-676623.0,-28.5588,0.8679,1.0833,18,75.26,-0.3149
RTM,TYO,Reefer,Pharmaceuticals,9345.2,12.96,305994.0,133568.0,78916.0,-555102.0,-7.0341,0.8324,0.9875,38,59.06,-0.2179
HOU,BUS,Container_Ship,Machinery,11424.5,13.18,1438794.0,108049.0,185300.0,-1559229.0,-8.4146,0.8081,1.1943,23,32.92,-0.3175
LAG,COL,LNG_Carrier,LNG,8435.8,10.67,799895.0,56801.0,29235.0,-987503.0,-33.7778,0.9051,1.2304,47,56.65,-0.3844
SGP,COL,LNG_Carrier,LPG,2732.3,3.38,260037.0,65151.0,17865.0,-358010.0,-20.04,0.7627,1.1154,24,86.29,-0.2692
ANT,CPT,LNG_Carrier,LNG,9566.7,12.81,918303.0,79108.0,27685.0,-1161876.0,-41.9676,0.8888,1.1866,68,56.47,-0.4326
SAN,MUM,Container_Ship,Containers,13740.7,15.45,1755840.0,61421.0,105828.0,-1943171.0,-18.3615,0.9178,1.0677,63,89.9,-1.0
COL,LAX,Tanker,Fuel Oil,15107.0,24.82,511738.0,95957.0,72926.0,-907107.0,-12.4387,0.8462,1.0259,65,37.98,-0.1897
JEA,KHI,LNG_Carrier,LPG,1207.1,1.63,135575.0,61144.0,19389.0,-201726.0,-10.4041,0.9241,0.9991,52,75.99,-0.1439
SAN,LAG,Container_Ship,Containers,6362.4,6.78,722228.0,66834.0,94956.0,-795856.0,-8.3813,0.7508,1.171,45,57.28,-0.3393
COL,LAG,Reefer,Perishables,8435.8,11.72,246329.0,55816.0,10454.0,-467515.0,-44.7199,0.8852,1.0935,31,52.33,-0.1681
HAM,COL,LNG_Carrier,LPG,8074.9,10.43,793036.0,76783.0,18625.0,-1007676.0,-54.1041,0.8235,1.077,34,66.07,-0.4636
KHI,MUM,Container_Ship,Containers,893.2,0.97,94604.0,57597.0,101426.0,-65369.0,-0.6445,0.8628,1.0885,48,70.26,-0.0438
LAG,MUM,Container_Ship,Electronics,7617.6,8.59,974856.0,58643.0,228617.0,-933789.0,-4.0845,0.785,0.9707,52,78.89,-0.522
SAN,SGP,Bulk_Carrier,Grain,15934.4,29.83,444106.0,78304.0,56121.0,-913756.0,-16.2819,0.969,1.1491,52,53.35,-0.262
LAG,LAX,Bulk_Carrier,Grain,12430.0,24.54,405676.0,90208.0,47123.0,-816842.0,-17.3341,0.8925,1.0476,22,40.12,-0.1961
CPT,SGP,LNG_Carrier,LNG,9665.9,13.11,1072246.0,66410.0,21366.0,-1313937.0,-61.4969,0.8544,0.9526,53,80.06,-0.6912
TYO,SGP,LNG_Carrier,LNG,5314.4,6.77,538662.0,129330.0,21916.0,-747689.0,-34.1165,0.7604,1.0979,40,57.52,-0.3342
KHI,TYO,Bulk_Carrier,Iron Ore,6926.4,12.89,177993.0,94609.0,19958.0,-445972.0,-22.346,0.9588,1.0513,26,45.87,-0.1489
LAX,SHA,Container_Ship,Auto Parts,10457.0,10.79,1222519.0,128133.0,210232.0,-1302233.0,-6.1943,0.8296,0.9386,46,57.34,-0.4772
JEA,SHA,Tanker,Chemical,6458.3,11.06,247966.0,98190.0,146219.0,-365888.0,-2.5023,0.8844,0.9725,54,74.06,-0.2009
NYK,JEA,Bulk_Carrier,Bauxite,11017.6,21.41,313015.0,118191.0,9650.0,-742680.0,-76.9631,0.8702,1.2321,68,71.04,-0.3308
SAN,TYO,Container_Ship,Electronics,18591.0,20.06,2263931.0,109297.0,261894.0,-2412273.0,-9.2109,0.8446,1.0336,54,59.46,-0.7158
LAG,RTM,Bulk_Carrier,Iron Ore,5056.8,9.3,123804.0,88683.0,16792.0,-335235.0,-19.9644,0.9035,0.9387,32,53.4,-0.1406
SAN,HAM,Tanker,Fuel Oil,10166.5,19.2,400435.0,88679.0,85686.0,-691379.0,-8.0688,0.942,1.0828,68,75.9,-0.3388
SGP,SAN,Tanker,Chemical,15934.4,26.34,608252.0,75002.0,177792.0,-900545.0,-5.0651,0.9065,1.1537,29,36.46,-0.1765
LAX,NYK,Bulk_Carrier,Coal,3948.9,7.01,102757.0,139665.0,21880.0,-325675.0,-14.8845,0.8016,1.0831,71,46.92,-0.1259
SAN,BUS,Bulk_Carrier,Iron Ore,18691.4,37.43,552406.0,88258.0,20946.0,-1181176.0,-56.3911,0.9508,1.1126,41,31.83,-0.1871
RTM,TYO,Tanker,Crude Oil,9345.2,15.15,295333.0,131659.0,15374.0,-638863.0,-41.5534,0.8788,1.1664,65,82.39,-0.3498
BUS,HOU,LNG_Carrier,LPG,11424.5,13.85,1045236.0,121453.0,19884.0,-1354585.0,-68.124,0.9831,0.9631,57,55.71,-0.4667
LAX,CPT,LNG_Carrier,LNG,16044.7,22.17,1731553.0,95718.0,18748.0,-2141004.0,-114.1962,0.7735,0.9233,60,73.28,-0.8407
KHI,SYD,LNG_Carrier,LNG,11020.1,13.45,1039415.0,80518.0,28469.0,-1293173.0,-45.4231,0.9606,1.129,25,68.4,-0.5545
RTM,SHA,Bulk_Carrier,Coal,8927.2,15.86,211994.0,117490.0,24162.0,-543248.0,-22.4833,0.9865,0.9719,26,30.5,-0.1118
LAG,HAM,Container_Ship,Electronics,5272.3,5.96,665185.0,98087.0,344563.0,-508070.0,-1.4745,0.9455,1.2147,61,48.77,-0.1929
TYO,LAG,Container_Ship,Machinery,13474.1,15.31,1502928.0,116559.0,198076.0,-1651092.0,-8.3357,0.9977,1.0341,57,31.91,-0.305
LAG,SGP,Tanker,Chemical,11147.2,19.54,372174.0,77704.0,175658.0,-567392.0,-3.2301,0.9066,1.1398,71,47.1,-0.1668
LAG,SYD,Bulk_Carrier,Grain,15517.5,29.0,456653.0,81909.0,42058.0,-931550.0,-22.149,0.7662,1.0891,55,82.43,-0.4178
COL,BUS,Reefer,Refrigerated Goods,5911.7,8.25,197606.0,73130.0,15892.0,-378562.0,-23.8204,0.9332,1.1826,42,64.88,-0.1862
SHA,SAN,Container_Ship,Auto Parts,18568.6,22.24,2229374.0,93473.0,260845.0,-2395673.0,-9.1843,0.8657,1.116,43,45.58,-0.5452
SHA,NYK,Reefer,Perishables,11860.8,16.28,390339.0,129542.0,9631.0,-754489.0,-78.3387,0.7818,1.1407,44,71.11,-0.327
CPT,HOU,LNG_Carrier,LNG,13853.3,16.71,1434312.0,90065.0,25587.0,-1749479.0,-68.3747,0.8928,1.0918,33,36.46,-0.3649
HOU,SHA,LNG_Carrier,LNG,12195.4,14.81,1083299.0,119745.0,21147.0,-1404050.0,-66.3947,0.8351,0.9647,19,55.44,-0.4693
CPT,SAN,Tanker,Crude Oil,6297.2,10.38,211409.0,57818.0,12055.0,-412860.0,-34.2491,0.8798,0.9134,22,79.18,-0.244
HOU,LAG,LNG_Carrier,LPG,10488.9,12.7,1061732.0,103270.0,21100.0,-1334355.0,-63.2409,0.8438,1.1908,44,34.56,-0.2944
HAM,CPT,LNG_Carrier,LNG,9764.5,13.46,1087995.0,95484.0,29434.0,-1355933.0,-46.0666,0.9116,1.23,48,39.05,-0.3467
RTM,NYK,Reefer,Pharmaceuticals,5858.2,7.36,167281.0,144476.0,85717.0,-336500.0,-3.9257,0.8495,1.0511,70,75.98,-0.1942
BUS,SHA,Tanker,Crude Oil,832.1,1.54,33528.0,106821.0,15491.0,-147919.0,-9.5489,0.9473,1.0901,32,81.92,-0.116
COL,SYD,Tanker,Fuel Oil,8748.1,14.63,334559.0,86373.0,73721.0,-566662.0,-7.6866,0.9514,0.9224,26,88.15,-0.3393
TYO,BUS,Bulk_Carrier,Grain,959.3,1.72,26720.0,139559.0,48206.0,-143799.0,-2.983,0.9506,1.0062,41,46.83,-0.064
COL,HOU,LNG_Carrier,LNG,15903.9,20.92,1658879.0,93086.0,28257.0,-2037453.0,-72.1034,0.9181,1.1725,46,69.35,-0.7601
SYD,KHI,LNG_Carrier,LNG,11020.1,15.35,1150396.0,77497.0,24811.0,-1433261.0,-57.7672,0.7923,1.193,26,42.31,-0.3802
NYK,SAN,Tanker,Fuel Oil,7737.9,12.55,234685.0,118084.0,82121.0,-458843.0,-5.5874,0.7957,1.2287,35,63.09,-0.2042
LAX,SGP,Tanker,Chemical,14141.5,26.43,584616.0,110206.0,120542.0,-970696.0,-8.0527,0.7644,0.9276,28,37.71,-0.2076
COL,SAN,Bulk_Carrier,Coal,13986.2,26.71,417301.0,55060.0,20802.0,-852180.0,-40.9667,0.7729,1.068,63,44.64,-0.2167
RTM,JEA,Bulk_Carrier,Coal,5176.2,9.48,151469.0,107120.0,23585.0,-377189.0,-15.9927,0.8288,1.1292,60,37.81,-0.1115
RTM,SAN,Container_Ship,Auto Parts,9775.5,10.44,1030634.0,101837.0,245334.0,-1043734.0,-4.2543,0.9833,0.9241,54,85.19,-0.582
SAN,COL,Container_Ship,Machinery,13986.2,16.71,1947395.0,57059.0,151791.0,-2103292.0,-13.8565,0.8215,0.9624,34,34.22,-0.4101
CPT,RTM,Reefer,Pharmaceuticals,9642.1,13.9,365941.0,96808.0,90867.0,-580425.0,-6.3877,0.9033,1.0479,44,41.63,-0.1589
LAG,NYK,Reefer,Refrigerated Goods,8481.1,11.78,281998.0,107911.0,14343.0,-552283.0,-38.5046,0.8094,1.2306,61,35.27,-0.1336
KHI,HAM,LNG_Carrier,LNG,5660.0,7.25,609890.0,90026.0,20985.0,-787719.0,-37.537,0.888,0.9003,44,47.63,-0.2874
NYK,BUS,Container_Ship,Containers,11254.3,12.18,1317633.0,125151.0,92357.0,-1533113.0,-16.5998,0.8054,1.0618,27,71.9,-0.6856
HOU,NYK,Reefer,Refrigerated Goods,2277.1,3.05,74142.0,155985.0,17377.0,-258545.0,-14.8782,0.9839,1.2265,48,63.46,-0.1461
LAG,RTM,Tanker,Crude Oil,5056.8,8.21,171557.0,87085.0,12883.0,-368895.0,-28.6344,0.7732,1.1108,62,44.55,-0.1291
BUS,HAM,Reefer,Refrigerated Goods,8550.1,12.28,260912.0,108535.0,12893.0,-540694.0,-41.9368,0.8129,1.1015,40,30.89,-0.1143
HAM,CPT,Reefer,Refrigerated Goods,9764.5,13.5,297513.0,91004.0,12577.0,-578454.0,-45.9926,0.8247,1.0591,50,31.38,-0.1189
KHI,COL,Tanker,Chemical,2418.3,4.15,82887.0,43320.0,151038.0,-37491.0,-0.2482,0.7543,1.1778,63,84.66,-0.0281
LAX,RTM,Reefer,Pharmaceuticals,8985.5,12.31,316037.0,116128.0,87258.0,-529555.0,-6.0689,0.9135,0.995,32,30.16,-0.1075
TYO,CPT,Reefer,Pharmaceuticals,14727.6,21.03,453684.0,101367.0,88500.0,-782075.0,-8.837,0.8669,1.0634,45,79.85,-0.3479
MUM,SYD,LNG_Carrier,LNG,10150.5,12.52,940700.0,94302.0,24900.0,-1197947.0,-48.1096,0.9915,0.9567,40,47.6,-0.3683
SYD,TYO,Bulk_Carrier,Grain,7825.8,14.62,212349.0,148420.0,55846.0,-524241.0,-9.3873,0.9867,1.123,19,84.81,-0.3125
CPT,COL,Tanker,Chemical,7888.4,12.77,252793.0,52568.0,144479.0,-352466.0,-2.4396,0.8624,0.9855,30,46.86,-0.1158
BUS,MUM,Bulk_Carrier,Bauxite,5775.4,10.56,175085.0,77682.0,8868.0,-402303.0,-45.3637,0.8406,1.1722,28,40.86,-0.1253
SAN,ANT,LNG_Carrier,LPG,9716.8,12.75,1056296.0,98606.0,25068.0,-1321095.0,-52.6998,0.9783,1.2201,40,67.67,-0.5863
SAN,SGP,LNG_Carrier,LNG,15934.4,19.1,1642961.0,74148.0,27026.0,-1976647.0,-73.1376,0.8823,1.167,56,32.8,-0.3485
SGP,HOU,Reefer,Pharmaceuticals,16004.8,22.39,574656.0,118863.0,109096.0,-920244.0,-8.4352,0.9785,1.1614,23,42.12,-0.2079
JEA,ANT,LNG_Carrier,LPG,5160.9,6.28,483842.0,87767.0,15706.0,-650097.0,-41.3916,0.7734,0.967,53,32.28,-0.1641
SYD,CPT,Reefer,Pharmaceuticals,11011.7,14.82,361003.0,92529.0,81204.0,-594613.0,-7.3224,0.7579,1.1161,54,31.74,-0.1184
KHI,LAX,Tanker,Fuel Oil,13476.2,21.91,435900.0,90795.0,81061.0,-774266.0,-9.5516,0.9703,0.9945,41,35.59,-0.1595
HOU,RTM,Container_Ship,Electronics,8072.0,8.41,840114.0,130869.0,254653.0,-842512.0,-3.3085,0.7625,1.1132,25,85.22,-0.5
RTM,MUM,Bulk_Carrier,Bauxite,6887.0,13.63,221939.0,94045.0,6813.0,-513651.0,-75.3895,0.8051,0.9403,65,45.73,-0.1712
KHI,LAX,Tanker,Fuel Oil,13476.2,24.38,560772.0,85257.0,79132.0,-932594.0,-11.7853,0.8596,1.0959,66,78.05,-0.4213
TYO,SAN,Bulk_Carrier,Iron Ore,18591.0,37.01,567105.0,122375.0,16121.0,-1228535.0,-76.2081,0.7725,1.054,21,48.68,-0.2985
LAG,TYO,Bulk_Carrier,Bauxite,13474.1,26.55,427170.0,108273.0,7428.0,-926224.0,-124.6929,0.7695,1.0726,32,35.09,-0.1882
SHA,COL,LNG_Carrier,LPG,5092.6,6.13,426925.0,87500.0,16567.0,-589746.0,-35.5966,0.8485,0.9298,28,72.53,-0.3355
MUM,ANT,Reefer,Pharmaceuticals,6885.8,9.58,224554.0,93880.0,79837.0,-382328.0,-4.7889,0.8521,0.976,67,79.28,-0.2209
CPT,ANT,Container_Ship,Electronics,9566.7,11.36,1348381.0,91661.0,264899.0,-1345592.0,-5.0796,0.8558,1.0318,71,65.62,-0.5822
TYO,MUM,Container_Ship,Containers,6733.0,7.33,768046.0,120743.0,108473.0,-890305.0,-8.2076,0.9192,1.0926,51,32.99,-0.2154
SHA,LAX,LNG_Carrier,LPG,10457.0,13.77,1103035.0,125588.0,18741.0,-1416478.0,-75.5832,0.7542,1.1833,20,72.93,-0.6603
NYK,ANT,Container_Ship,Auto Parts,5881.5,6.84,751285.0,128496.0,223483.0,-758943.0,-3.396,0.8282,0.9994,67,67.95,-0.3914
SGP,SHA,Tanker,Crude Oil,3810.3,6.46,139706.0,100024.0,14018.0,-322550.0,-23.0093,0.9871,0.9467,44,36.13,-0.0967
COL,SGP,LNG_Carrier,LPG,2732.3,3.71,274075.0,76037.0,21182.0,-384512.0,-18.1527,0.9671,1.043,46,53.84,-0.1804
COL,SGP,Bulk_Carrier,Coal,2732.3,5.56,88610.0,70062.0,18103.0,-223954.0,-12.3708,0.7751,0.9268,50,78.39,-0.153
SAN,JEA,Container_Ship,Auto Parts,12181.9,13.02,1341208.0,77585.0,195505.0,-1418590.0,-7.256,0.7801,0.9283,21,60.89,-0.521
SGP,NYK,Bulk_Carrier,Bauxite,15342.9,26.83,421256.0,129113.0,8563.0,-944200.0,-110.2691,0.9589,0.9922,69,32.95,-0.1701
BUS,SHA,LNG_Carrier,LNG,832.1,1.13,88282.0,102769.0,25960.0,-182056.0,-7.0129,0.8201,1.2059,59,46.08,-0.0803
SHA,COL,Reefer,Refrigerated Goods,5092.6,7.16,171239.0,79908.0,11784.0,-346813.0,-29.4305,0.8448,0.9687,34,77.93,-0.212
HOU,KHI,LNG_Carrier,LNG,13656.9,17.33,1258160.0,83945.0,24525.0,-1577490.0,-64.3211,0.8425,1.1089,51,69.8,-0.6337
SGP,ANT,Reefer,Refrigerated Goods,10551.1,13.25,306180.0,93064.0,14564.0,-583356.0,-40.0553,0.8702,1.1622,23,49.13,-0.1826
ANT,COL,LNG_Carrier,LNG,8396.7,10.84,886081.0,78734.0,24055.0,-1103299.0,-45.8655,0.9539,0.9607,30,86.37,-0.6556
JEA,HAM,Bulk_Carrier,Coal,4892.2,8.93,122984.0,99664.0,23945.0,-332671.0,-13.8932,0.8586,1.1067,26,43.53,-0.1146
BUS,HOU,LNG_Carrier,LPG,11424.5,15.4,1320101.0,116522.0,22450.0,-1645225.0,-73.2838,0.8582,1.2456,37,44.49,-0.4527
KHI,SGP,Tanker,Fuel Oil,4744.0,8.44,172357.0,70416.0,71938.0,-297398.0,-4.1341,0.7722,1.109,57,89.39,-0.2116
HAM,KHI,Bulk_Carrier,Grain,5660.0,10.13,144075.0,87751.0,41745.0,-342026.0,-8.1932,0.8986,0.9217,63,62.02,-0.1625
SGP,LAX,Tanker,Chemical,14141.5,24.82,499978.0,105835.0,173896.0,-804205.0,-4.6246,0.9136,1.1196,46,37.96,-0.1731
ANT,SHA,Reefer,Refrigerated Goods,8980.7,11.59,306160.0,105447.0,12462.0,-572977.0,-45.9794,0.8481,1.0203,52,42.74,-0.1649
LAG,ANT,Reefer,Refrigerated Goods,4978.7,6.72,178369.0,90488.0,13082.0,-356640.0,-27.2627,0.8022,1.1324,42,66.12,-0.1859
LAX,MUM,LNG_Carrier,LPG,14043.2,17.45,1463254.0,96245.0,18300.0,-1802909.0,-98.5203,0.8478,1.0279,19,50.88,-0.5217
NYK,COL,LNG_Carrier,LNG,14086.8,17.78,1508258.0,106140.0,30196.0,-1850860.0,-61.2957,0.9227,1.2466,52,80.76,-0.8489
ANT,SYD,Tanker,Chemical,16725.3,28.85,580280.0,120799.0,132110.0,-1001691.0,-7.5823,0.8221,0.9453,26,39.06,-0.2056
COL,HOU,Bulk_Carrier,Bauxite,15903.9,28.58,415442.0,94298.0,7669.0,-930750.0,-121.3703,0.8325,1.0236,24,47.37,-0.2372
NYK,SGP,Container_Ship,Auto Parts,15342.9,17.16,1841287.0,108703.0,281613.0,-1925761.0,-6.8383,0.9409,1.1085,30,49.05,-0.5166
CPT,MUM,Reefer,Perishables,8227.2,10.79,281806.0,61025.0,11700.0,-492916.0,-42.128,0.8717,1.2429,25,58.03,-0.1981
SAN,LAG,LNG_Carrier,LPG,6362.4,7.58,559286.0,62764.0,21745.0,-713965.0,-32.8336,0.9901,1.0458,32,66.27,-0.3522
HAM,BUS,Tanker,Fuel Oil,8550.1,14.73,271030.0,116389.0,88130.0,-520251.0,-5.9032,0.8445,1.2424,32,42.54,-0.1514
RTM,HAM,Bulk_Carrier,Iron Ore,406.5,0.77,11108.0,130853.0,17234.0,-136341.0,-7.9113,0.7977,1.0911,39,87.14,-0.1163
SYD,NYK,Bulk_Carrier,Coal,15985.3,32.1,461195.0,141345.0,19870.0,-1064174.0,-53.5561,0.8226,0.9586,40,81.75,-0.4669
LAG,NYK,Tanker,Crude Oil,8481.1,15.4,314530.0,106661.0,12186.0,-639936.0,-52.5147,0.8478,0.9582,22,35.24,-0.1547
TYO,CPT,Bulk_Carrier,Grain,14727.6,25.94,390191.0,104744.0,47759.0,-836332.0,-17.5115,0.7725,1.2267,35,41.72,-0.1943
HOU,TYO,Reefer,Refrigerated Goods,10740.5,15.62,367539.0,160204.0,13972.0,-748107.0,-53.5448,0.9066,1.0702,64,73.15,-0.3464
LAX,MUM,Container_Ship,Containers,14043.2,16.5,1589638.0,93125.0,102908.0,-1827417.0,-17.7577,0.9739,0.9784,54,70.99,-0.7378
BUS,RTM,Tanker,Crude Oil,8936.6,15.65,337683.0,121177.0,13692.0,-679976.0,-49.6609,0.945,0.966,18,61.93,-0.2841
COL,NYK,Reefer,Frozen Fish,14086.8,17.81,443813.0,90271.0,21169.0,-780085.0,-36.8503,0.9844,1.1947,41,40.69,-0.1803
SYD,ANT,Reefer,Pharmaceuticals,16725.3,22.94,495103.0,105967.0,98943.0,-846284.0,-8.5533,0.8986,1.1469,46,78.14,-0.3475
BUS,LAG,Tanker,Chemical,12692.5,21.02,482088.0,87602.0,190364.0,-694569.0,-3.6486,0.9356,1.1968,50,39.0,-0.1607
HAM,NYK,Container_Ship,Electronics,6125.8,6.52,656173.0,134925.0,304825.0,-584062.0,-1.9161,0.9275,1.0955,57,84.51,-0.3709
BUS,SHA,Tanker,Chemical,832.1,1.37,29668.0,108901.0,189083.0,29907.0,0.1582,0.9815,1.1332,64,62.43,0.0179
LAX,NYK,Container_Ship,Containers,3948.9,4.27,455117.0,139678.0,116862.0,-541917.0,-4.6372,0.8956,1.2082,67,53.22,-0.2377
MUM,TYO,Reefer,Pharmaceuticals,6733.0,9.2,240563.0,103870.0,92809.0,-389551.0,-4.1973,0.8254,1.1712,38,38.91,-0.1112
RTM,NYK,LNG_Carrier,LNG,5858.2,7.09,600342.0,132568.0,23549.0,-815693.0,-34.6375,0.7706,1.1642,41,36.75,-0.2277
BUS,COL,Bulk_Carrier,Bauxite,5911.7,10.83,171383.0,72864.0,7602.0,-399139.0,-52.5059,0.923,0.9151,28,86.07,-0.2604
LAX,SAN,Bulk_Carrier,Bauxite,9942.3,17.46,273962.0,96805.0,7419.0,-625180.0,-84.2716,0.7817,1.0546,54,48.21,-0.1961
SHA,HAM,Reefer,Frozen Fish,8527.4,11.52,298113.0,123136.0,14696.0,-579362.0,-39.4225,0.788,1.0362,39,41.46,-0.1645
MUM,RTM,Container_Ship,Electronics,6887.0,7.1,687166.0,89735.0,275832.0,-607622.0,-2.2029,0.7839,1.173,47,33.5,-0.1484
LAX,HAM,Tanker,Crude Oil,9100.3,16.81,367952.0,115266.0,13241.0,-722115.0,-54.5367,0.8822,1.0006,53,75.81,-0.3671
TYO,SGP,LNG_Carrier,LNG,5314.4,6.85,581786.0,123375.0,21964.0,-785893.0,-35.7815,0.8711,0.9605,70,67.45,-0.4119
LAX,TYO,Bulk_Carrier,Bauxite,8839.0,16.89,229535.0,148521.0,9525.0,-621829.0,-65.2828,0.9865,1.0729,21,34.98,-0.1472
SGP,TYO,LNG_Carrier,LNG,5314.4,7.07,492745.0,115220.0,24435.0,-689653.0,-28.2239,0.7742,1.2023,62,72.21,-0.387
JEA,SGP,LNG_Carrier,LPG,5858.9,7.74,560252.0,80577.0,18572.0,-738410.0,-39.7603,0.7732,1.1438,35,42.0,-0.2356
COL,HOU,Tanker,Fuel Oil,15903.9,25.98,544233.0,102327.0,82006.0,-954280.0,-11.6367,0.9358,1.0432,29,55.93,-0.2872
CPT,TYO,LNG_Carrier,LNG,14727.6,19.9,1414318.0,103443.0,24418.0,-1791846.0,-73.381,0.7641,1.2175,28,70.61,-0.7047
RTM,SAN,Container_Ship,Auto Parts,9775.5,10.38,1078604.0,90829.0,270572.0,-1054633.0,-3.8978,0.8786,1.1406,59,31.78,-0.2194
HAM,LAX,LNG_Carrier,LNG,9100.3,12.4,935093.0,116142.0,27128.0,-1210138.0,-44.6083,0.8446,1.2236,61,48.49,-0.3935
KHI,JEA,Bulk_Carrier,Coal,1207.1,2.41,39523.0,65093.0,28221.0,-112547.0,-3.9881,0.9678,1.1571,23,81.11,-0.0857
TYO,COL,Tanker,Chemical,6846.1,11.91,227387.0,109729.0,165681.0,-350148.0,-2.1134,0.7977,1.2218,55,34.79,-0.0889
HAM,MUM,Bulk_Carrier,Grain,6551.7,12.55,173080.0,97460.0,42210.0,-416613.0,-9.87,0.7972,1.0505,31,78.38,-0.2412
SYD,COL,Bulk_Carrier,Coal,8748.1,15.39,208550.0,88654.0,20625.0,-507381.0,-24.6001,0.785,1.0426,37,78.22,-0.2696
HOU,TYO,Container_Ship,Containers,10740.5,12.75,1276447.0,155490.0,113199.0,-1510047.0,-13.3398,0.9641,1.0872,56,36.92,-0.3529
BUS,MUM,Container_Ship,Auto Parts,5775.4,6.15,598293.0,77781.0,245550.0,-522700.0,-2.1287,0.7793,1.167,70,47.49,-0.1892
SGP,COL,Container_Ship,Containers,2732.3,3.19,372992.0,65162.0,79249.0,-406738.0,-5.1324,0.7537,0.9735,21,80.7,-0.286
SAN,SGP,Reefer,Frozen Fish,15934.4,22.75,561407.0,79636.0,19293.0,-963045.0,-49.9157,0.9234,1.1608,61,59.04,-0.3056
SYD,HAM,LNG_Carrier,LPG,16284.4,20.75,1598099.0,124886.0,23947.0,-2010312.0,-83.9476,0.9461,1.2054,26,54.79,-0.5861
TYO,LAX,Reefer,Pharmaceuticals,8839.0,12.57,293398.0,147583.0,94303.0,-535272.0,-5.6761,0.8286,1.1855,26,85.1,-0.3083
COL,CPT,Container_Ship,Containers,7888.4,8.64,868500.0,49332.0,91332.0,-956040.0,-10.4677,0.8645,0.9782,43,44.09,-0.2956
ANT,JEA,LNG_Carrier,LPG,5160.9,6.87,470264.0,100711.0,20903.0,-653169.0,-31.2469,0.887,1.1223,31,41.08,-0.2098
SHA,SGP,Bulk_Carrier,Coal,3810.3,6.65,106372.0,104798.0,26367.0,-284567.0,-10.7924,0.9046,1.1567,25,59.89,-0.1413
ANT,LAG,LNG_Carrier,LPG,4978.7,5.99,446967.0,84087.0,19847.0,-601034.0,-30.2841,0.8462,1.1169,41,55.46,-0.2627
JEA,ANT,LNG_Carrier,LNG,5160.9,6.49,489869.0,101176.0,21048.0,-667328.0,-31.705,0.8854,0.9056,51,83.74,-0.437
SGP,LAG,Container_Ship,Machinery,11147.2,11.94,1432550.0,75128.0,177342.0,-1509400.0,-8.5112,0.9764,0.946,18,84.61,-0.7972
SYD,JEA,Bulk_Carrier,Grain,12058.9,22.64,350881.0,92283.0,40583.0,-742160.0,-18.2875,0.793,1.0154,66,66.11,-0.2972
COL,BUS,Container_Ship,Auto Parts,5911.7,7.08,744338.0,74668.0,298022.0,-627154.0,-2.1044,0.9072,1.2167,40,55.01,-0.2615
LAX,HOU,Bulk_Carrier,Grain,2204.4,4.18,64541.0,147533.0,50024.0,-224795.0,-4.4937,0.9654,1.0281,35,75.99,-0.1526
ANT,NYK,Tanker,Chemical,5881.5,10.52,229106.0,131183.0,178972.0,-339158.0,-1.895,0.8993,1.1706,59,34.39,-0.0885
MUM,SAN,Bulk_Carrier,Coal,13740.7,24.36,386837.0,69780.0,29060.0,-793022.0,-27.2895,0.9828,1.1734,61,75.59,-0.3441
SHA,JEA,Bulk_Carrier,Bauxite,6458.3,13.03,201080.0,91541.0,10982.0,-477129.0,-43.4452,0.9895,1.2332,25,79.67,-0.2818
SHA,COL,Tanker,Crude Oil,5092.6,8.38,167455.0,75749.0,14640.0,-354328.0,-24.2021,0.8086,1.2071,35,65.18,-0.1811
MUM,ANT,Reefer,Pharmaceuticals,6885.8,9.1,212976.0,91599.0,104563.0,-336514.0,-3.2183,0.9571,1.1381,69,58.91,-0.1445
CPT,KHI,Container_Ship,Electronics,8308.9,9.7,1010623.0,53580.0,261403.0,-948238.0,-3.6275,0.8968,0.9716,69,78.05,-0.5109
SAN,LAG,Container_Ship,Auto Parts,6362.4,7.62,750849.0,60144.0,302045.0,-623200.0,-2.0633,0.9307,1.2019,41,36.82,-0.1708
SYD,COL,Tanker,Chemical,8748.1,15.07,311400.0,90840.0,132817.0,-495441.0,-3.7302,0.8277,0.9439,56,41.86,-0.1409
SYD,TYO,Bulk_Carrier,Coal,7825.8,13.83,205229.0,124534.0,21671.0,-515601.0,-23.7927,0.8102,1.0613,63,86.2,-0.3124
NYK,TYO,Container_Ship,Auto Parts,10853.1,12.0,1326616.0,149100.0,248587.0,-1407153.0,-5.6606,0.755,1.2194,64,72.68,-0.6448
LAX,BUS,Container_Ship,Containers,9637.7,11.23,1208950.0,125774.0,83574.0,-1419650.0,-16.9867,0.818,0.946,22,53.13,-0.4961
LAG,JEA,Container_Ship,Containers,5856.7,6.66,689875.0,73676.0,86962.0,-776492.0,-8.9291,0.8351,0.9642,56,76.06,-0.4487
JEA,HOU,LNG_Carrier,LNG,13157.3,17.18,1170492.0,113643.0,18419.0,-1523417.0,-82.7078,0.7638,0.9186,45,71.33,-0.6353
TYO,JEA,Bulk_Carrier,Coal,7963.6,14.31,224324.0,120166.0,21725.0,-537362.0,-24.7346,0.7923,1.0881,29,63.59,-0.239
HAM,RTM,Tanker,Chemical,406.5,0.73,13375.0,127669.0,146626.0,-5305.0,-0.0362,0.7644,1.1284,61,54.37,-0.0028
TYO,KHI,Tanker,Crude Oil,6926.4,11.54,233456.0,109773.0,15574.0,-500812.0,-32.1562,0.9435,1.1005,23,78.75,-0.287
SGP,CPT,Bulk_Carrier,Grain,9665.9,16.82,233017.0,72690.0,53545.0,-504424.0,-9.4205,0.8974,1.1839,48,64.77,-0.2147
COL,BUS,LNG_Carrier,LNG,5911.7,7.49,551317.0,77043.0,22686.0,-718017.0,-31.6498,0.9112,0.9484,68,55.44,-0.3018
LAG,MUM,LNG_Carrier,LNG,7617.6,9.61,816141.0,60762.0,28119.0,-992868.0,-35.309,0.9221,1.1617,47,47.09,-0.3313
LAG,SAN,Reefer,Frozen Fish,6362.4,8.39,214518.0,64799.0,15873.0,-389367.0,-24.5296,0.9464,0.9318,44,81.64,-0.2366
NYK,SHA,Reefer,Frozen Fish,11860.8,15.18,354763.0,118810.0,18659.0,-682646.0,-36.5862,0.9321,1.1121,25,65.84,-0.274
TYO,NYK,Bulk_Carrier,Coal,10853.1,19.97,331637.0,161383.0,22347.0,-770209.0,-34.4665,0.9444,0.939,46,58.84,-0.2857
SHA,SYD,Container_Ship,Auto Parts,7881.4,8.58,865509.0,108800.0,244004.0,-859053.0,-3.5206,0.8459,1.0683,62,31.1,-0.1874
LAG,LAX,Tanker,Chemical,12430.0,21.01,392542.0,93570.0,161467.0,-639792.0,-3.9624,0.9724,0.9768,55,87.9,-0.3365
LAG,TYO,Container_Ship,Auto Parts,13474.1,15.68,1736108.0,107297.0,306011.0,-1772539.0,-5.7924,0.9966,1.1373,59,35.02,-0.3593
SYD,RTM,LNG_Carrier,LNG,16689.6,21.63,1529020.0,125160.0,25901.0,-1952778.0,-75.3938,0.9301,1.0609,57,86.56,-0.8891
COL,LAX,Reefer,Frozen Fish,15107.0,22.13,536279.0,86241.0,15513.0,-938973.0,-60.5291,0.8165,1.0555,52,65.57,-0.3391
SHA,MUM,Container_Ship,Machinery,5043.9,5.84,610732.0,88897.0,164310.0,-622865.0,-3.7908,0.781,1.0957,28,32.49,-0.159
SGP,KHI,Reefer,Perishables,4744.0,6.56,156701.0,62101.0,10862.0,-306378.0,-28.2073,0.8766,1.1473,59,35.93,-0.0876
SYD,BUS,Bulk_Carrier,Grain,8015.7,13.99,182768.0,114879.0,50844.0,-456686.0,-8.9821,0.8198,1.2306,32,38.7,-0.1233
HAM,SYD,Bulk_Carrier,Iron Ore,16284.4,30.67,432593.0,121914.0,20424.0,-994078.0,-48.6725,0.8929,1.1553,36,32.81,-0.1735
SHA,SYD,Bulk_Carrier,Iron Ore,7881.4,14.86,218231.0,106321.0,16503.0,-531017.0,-32.1771,0.7622,1.0935,29,79.78,-0.2972
SAN,KHI,Reefer,Frozen Fish,13337.2,18.38,384048.0,59683.0,15515.0,-703876.0,-45.3686,0.9084,0.9488,60,77.53,-0.3172
LAG,MUM,Bulk_Carrier,Coal,7617.6,13.52,197173.0,57156.0,28291.0,-428780.0,-15.1559,0.9412,1.1929,43,62.36,-0.1895
SGP,TYO,Bulk_Carrier,Grain,5314.4,10.59,171906.0,126358.0,49892.0,-407222.0,-8.1621,0.8691,1.139,20,84.25,-0.2666
HOU,MUM,LNG_Carrier,LPG,14456.2,17.36,1305062.0,96436.0,19225.0,-1642605.0,-85.4407,0.8512,1.0755,40,56.11,-0.5176
JEA,LAX,Reefer,Frozen Fish,13447.6,18.58,429725.0,95579.0,12697.0,-791375.0,-62.329,0.769,0.9173,24,67.58,-0.3099
JEA,LAX,Bulk_Carrier,Iron Ore,13447.6,25.09,379121.0,108230.0,18616.0,-845114.0,-45.3966,0.984,0.9555,21,61.38,-0.3005
JEA,CPT,Container_Ship,Machinery,7606.3,7.91,948970.0,65186.0,147492.0,-985296.0,-6.6803,0.8312,0.9242,28,78.11,-0.5455
CPT,SGP,Container_Ship,Machinery,9665.9,11.52,1346470.0,76991.0,180687.0,-1415597.0,-7.8345,0.9815,0.9588,31,64.78,-0.6025
SYD,SGP,Container_Ship,Machinery,6299.1,7.38,744677.0,98642.0,193848.0,-760110.0,-3.9212,0.8329,1.2122,37,61.95,-0.3514
RTM,NYK,Container_Ship,Containers,5858.2,6.27,679096.0,136087.0,114381.0,-794790.0,-6.9486,0.8939,1.1847,35,63.32,-0.3823
LAG,BUS,LNG_Carrier,LNG,12692.5,16.79,1410675.0,86177.0,22443.0,-1726325.0,-76.9216,0.7986,1.0706,36,78.74,-0.8065
CPT,SGP,Reefer,Perishables,9665.9,13.98,297858.0,71512.0,9270.0,-569785.0,-61.4648,0.8698,0.9868,69,41.76,-0.1563
TYO,NYK,Container_Ship,Electronics,10853.1,11.41,1175986.0,145928.0,335314.0,-1157688.0,-3.4526,0.8994,1.2428,36,70.24,-0.5127
NYK,JEA,Tanker,Fuel Oil,11017.6,20.0,398434.0,105253.0,100825.0,-702869.0,-6.9712,0.9966,1.2044,70,79.74,-0.3514
ANT,SYD,LNG_Carrier,LNG,16725.3,21.08,1601009.0,120982.0,22409.0,-2015721.0,-89.952,0.7774,1.0982,53,74.74,-0.7916
TYO,CPT,Tanker,Crude Oil,14727.6,25.92,559187.0,107377.0,12654.0,-1042757.0,-82.408,0.7743,1.0894,49,34.82,-0.2022
BUS,TYO,Reefer,Pharmaceuticals,959.3,1.34,28890.0,124141.0,90974.0,-82220.0,-0.9038,0.9829,0.9642,25,36.52,-0.0285
TYO,COL,Container_Ship,Electronics,6846.1,8.22,887843.0,107808.0,271444.0,-847436.0,-3.122,0.8713,1.0384,52,30.93,-0.1914
SYD,TYO,Tanker,Fuel Oil,7825.8,14.64,334231.0,129213.0,82891.0,-600210.0,-7.2409,0.9656,1.0219,41,89.83,-0.379
LAX,CPT,Reefer,Perishables,16044.7,22.36,536512.0,88510.0,9423.0,-951035.0,-100.9286,0.7737,1.1276,19,41.91,-0.2135
SHA,RTM,Bulk_Carrier,Iron Ore,8927.2,17.05,251366.0,122761.0,17242.0,-612605.0,-35.5288,0.7792,1.1175,68,61.59,-0.2546
TYO,MUM,Reefer,Refrigerated Goods,6733.0,8.62,192581.0,108096.0,17860.0,-412056.0,-23.0721,0.9969,1.2442,24,62.53,-0.1889
MUM,SAN,Reefer,Perishables,13740.7,18.79,493240.0,63791.0,11114.0,-827713.0,-74.4737,0.9254,1.1121,18,32.71,-0.1554
SAN,MUM,Container_Ship,Containers,13740.7,14.25,1684369.0,68814.0,114013.0,-1852986.0,-16.2524,0.8684,1.2156,48,37.7,-0.401
ANT,TYO,Bulk_Carrier,Iron Ore,9411.9,18.11,250991.0,138384.0,17740.0,-643292.0,-36.2621,0.7606,1.178,45,35.59,-0.1518
NYK,SHA,Bulk_Carrier,Iron Ore,11860.8,22.23,314450.0,125692.0,16607.0,-756944.0,-45.5791,0.878,0.9553,49,89.2,-0.4116
COL,HOU,LNG_Carrier,LPG,15903.9,18.99,1394023.0,88501.0,18321.0,-1748986.0,-95.4634,0.9124,0.9562,48,79.69,-0.7499
BUS,JEA,Bulk_Carrier,Coal,7055.4,12.45,181624.0,90706.0,28798.0,-430261.0,-14.9408,0.964,1.1855,53,51.13,-0.1593
KHI,SAN,Tanker,Fuel Oil,13337.2,21.94,450694.0,60329.0,80225.0,-759870.0,-9.4717,0.9334,1.0232,45,58.59,-0.2588
COL,KHI,Bulk_Carrier,Coal,2418.3,4.24,60703.0,43399.0,23197.0,-144483.0,-6.2286,0.8215,1.1205,56,74.01,-0.0946
SYD,SHA,Reefer,Frozen Fish,7881.4,10.23,270692.0,105423.0,19727.0,-509842.0,-25.8443,0.9906,1.1063,18,89.92,-0.3216
COL,NYK,Reefer,Perishables,14086.8,19.49,510501.0,107367.0,8206.0,-901938.0,-109.9105,0.8141,0.9334,33,36.26,-0.1858
COL,NYK,LNG_Carrier,LPG,14086.8,18.26,1551092.0,96093.0,21291.0,-1899811.0,-89.23,0.9181,1.1044,49,46.7,-0.5039
SHA,SGP,Bulk_Carrier,Iron Ore,3810.3,7.7,116270.0,90092.0,14815.0,-306991.0,-20.7221,0.818,0.9147,49,71.45,-0.1819
HAM,SYD,Container_Ship,Containers,16284.4,17.79,2113442.0,116700.0,86242.0,-2410797.0,-27.9538,0.8115,0.984,32,73.98,-0.949
SHA,SGP,Bulk_Carrier,Coal,3810.3,6.84,101112.0,94671.0,26819.0,-271609.0,-10.1275,0.8877,1.1989,63,62.79,-0.1414
LAX,TYO,Bulk_Carrier,Grain,8839.0,16.22,266545.0,133534.0,46022.0,-597405.0,-12.9807,0.792,1.1529,69,58.29,-0.2357
RTM,KHI,Tanker,Fuel Oil,5993.9,9.71,205799.0,77029.0,73572.0,-354859.0,-4.8233,0.8282,1.0576,62,54.19,-0.1453
TYO,LAX,Bulk_Carrier,Grain,8839.0,15.78,227605.0,157170.0,37801.0,-583746.0,-15.4425,0.7711,0.9727,68,84.18,-0.3327
NYK,MUM,Tanker,Fuel Oil,12555.7,22.79,455029.0,109177.0,99692.0,-806415.0,-8.089,0.9558,1.2418,44,39.68,-0.1907
SAN,BUS,Tanker,Chemical,18691.4,31.07,675550.0,77275.0,172338.0,-1046531.0,-6.0725,0.8123,1.248,37,51.14,-0.2663
SHA,RTM,Bulk_Carrier,Iron Ore,8927.2,16.01,259159.0,119987.0,19044.0,-600191.0,-31.5163,0.9002,1.0684,42,80.84,-0.3274
JEA,COL,Container_Ship,Auto Parts,3316.6,3.52,412826.0,60178.0,300008.0,-225871.0,-0.7529,0.9006,1.2338,38,30.43,-0.0583
HAM,NYK,Reefer,Refrigerated Goods,6125.8,7.92,185732.0,128190.0,13873.0,-418849.0,-30.1922,0.8255,1.167,59,66.72,-0.21
SAN,CPT,LNG_Carrier,LNG,6297.2,7.7,622189.0,67702.0,27897.0,-777472.0,-27.8697,0.9326,1.1395,34,58.9,-0.3417
HAM,LAX,Reefer,Refrigerated Goods,9100.3,13.36,345664.0,124256.0,16488.0,-653852.0,-39.6563,0.9291,1.2323,57,51.59,-0.2262
HOU,LAG,Container_Ship,Containers,10488.9,12.59,1343708.0,93771.0,86900.0,-1539371.0,-17.7142,0.8495,0.9471,39,73.5,-0.7224
NYK,SAN,Reefer,Perishables,7737.9,9.95,254179.0,115564.0,11833.0,-507192.0,-42.8618,0.8971,1.2214,56,42.98,-0.1538
SYD,CPT,Container_Ship,Auto Parts,11011.7,12.61,1301737.0,92089.0,323008.0,-1260031.0,-3.9009,0.9845,1.2151,68,30.24,-0.2389
CPT,LAX,Tanker,Crude Oil,16044.7,29.09,571416.0,91607.0,14641.0,-1084686.0,-74.0854,0.8259,1.1819,30,73.55,-0.4274
NYK,HOU,Tanker,Fuel Oil,2277.1,4.03,81915.0,136220.0,97927.0,-180705.0,-1.8453,0.9843,1.1844,37,63.56,-0.1023
COL,KHI,Tanker,Crude Oil,2418.3,4.4,89230.0,46951.0,13572.0,-188576.0,-13.8946,0.787,1.1497,31,86.89,-0.1449
BUS,SAN,Bulk_Carrier,Coal,18691.4,32.87,464538.0,91803.0,28661.0,-1020710.0,-35.6136,0.96,1.1847,67,46.4,-0.2357
LAX,CPT,Container_Ship,Containers,16044.7,17.35,1728705.0,94958.0,78325.0,-2005533.0,-25.6054,0.7935,0.9139,29,50.86,-0.5466
BUS,JEA,Tanker,Chemical,7055.4,11.62,267996.0,96211.0,124778.0,-413677.0,-3.3153,0.7952,0.923,22,84.5,-0.2531
RTM,TYO,Container_Ship,Containers,9345.2,9.84,1000640.0,130678.0,93781.0,-1185139.0,-12.6373,0.811,1.0707,63,47.09,-0.3709
COL,LAX,Tanker,Chemical,15107.0,28.02,515491.0,81535.0,155364.0,-861920.0,-5.5477,0.893,1.0234,30,32.05,-0.1521
JEA,SAN,Tanker,Crude Oil,12181.9,19.59,417576.0,78203.0,15335.0,-774285.0,-50.4926,0.9588,1.0662,68,61.1,-0.2854
ANT,NYK,Reefer,Pharmaceuticals,5881.5,8.06,174594.0,146153.0,110594.0,-331045.0,-2.9933,0.9779,1.1781,45,34.05,-0.0856
SAN,JEA,Reefer,Refrigerated Goods,12181.9,17.55,372453.0,71845.0,13154.0,-694331.0,-52.7838,0.8687,1.0515,37,83.5,-0.3497
SGP,TYO,Bulk_Carrier,Coal,5314.4,10.54,174252.0,136224.0,21210.0,-447400.0,-21.0937,0.8845,0.9516,67,69.87,-0.2429
TYO,RTM,Reefer,Perishables,9345.2,11.85,284077.0,138254.0,9719.0,-590349.0,-60.7432,0.8607,1.0455,41,73.12,-0.2869
LAX,SGP,Bulk_Carrier,Coal,14141.5,27.0,380212.0,100397.0,25104.0,-860548.0,-34.279,0.9534,1.0448,23,61.12,-0.2982
LAG,BUS,LNG_Carrier,LPG,12692.5,17.35,1317154.0,77515.0,22649.0,-1632304.0,-72.0698,0.8819,1.2229,24,49.09,-0.4755
NYK,MUM,Reefer,Perishables,12555.7,17.99,395285.0,117055.0,9227.0,-773028.0,-83.7817,0.9299,0.9187,33,32.07,-0.1478
ANT,TYO,Bulk_Carrier,Coal,9411.9,18.4,292090.0,145971.0,21589.0,-692472.0,-32.075,0.9032,0.9485,22,69.48,-0.319
MUM,SGP,Bulk_Carrier,Iron Ore,3906.7,6.92,99315.0,75455.0,21310.0,-257279.0,-12.0733,0.9187,1.1715,53,41.56,-0.0883
SHA,RTM,Container_Ship,Containers,8927.2,9.4,942826.0,124967.0,111212.0,-1097584.0,-9.8693,0.9587,1.0741,48,45.89,-0.3399
HAM,COL,Bulk_Carrier,Grain,8074.9,14.88,208983.0,85760.0,54109.0,-463841.0,-8.5723,0.9621,1.1159,65,52.99,-0.1712
SAN,SGP,LNG_Carrier,LPG,15934.4,19.74,1584906.0,82455.0,19422.0,-1944068.0,-100.0976,0.8368,1.1052,55,59.77,-0.6246
JEA,KHI,Tanker,Fuel Oil,1207.1,1.96,38373.0,65507.0,71742.0,-61576.0,-0.8583,0.7909,1.0799,59,56.69,-0.0328
RTM,ANT,LNG_Carrier,LNG,78.1,0.09,7813.0,119760.0,25115.0,-103882.0,-4.1363,0.8056,1.1876,22,41.34,-0.0428
TYO,CPT,Container_Ship,Containers,14727.6,16.7,1662546.0,104118.0,96255.0,-1920978.0,-19.9571,0.7848,1.1357,30,35.73,-0.3824
MUM,NYK,Bulk_Carrier,Bauxite,12555.7,22.24,293663.0,111152.0,8637.0,-729750.0,-84.4939,0.8349,1.1495,69,84.14,-0.3659
SYD,CPT,LNG_Carrier,LNG,11011.7,15.0,1097229.0,89587.0,25745.0,-1386026.0,-53.8375,0.822,1.1931,67,87.51,-0.7606
LAX,HAM,Bulk_Carrier,Grain,9100.3,17.64,234391.0,115154.0,39958.0,-574242.0,-14.371,0.7635,1.0385,41,34.08,-0.1312
JEA,COL,LNG_Carrier,LNG,3316.6,3.93,310516.0,61833.0,23535.0,-407810.0,-17.3275,0.852,1.0523,62,47.55,-0.1645
SHA,HAM,Bulk_Carrier,Coal,8527.4,17.0,282707.0,107184.0,24699.0,-620124.0,-25.1076,0.9702,1.0102,24,81.26,-0.3451
MUM,RTM,LNG_Carrier,LNG,6887.0,8.96,698609.0,94050.0,19831.0,-907230.0,-45.7477,0.7998,0.9445,69,59.33,-0.3924
RTM,NYK,LNG_Carrier,LPG,5858.2,7.96,543207.0,148756.0,18357.0,-792937.0,-43.1965,0.8557,1.0215,65,80.2,-0.4831
LAX,NYK,Container_Ship,Electronics,3948.9,4.68,470466.0,150510.0,231335.0,-459775.0,-1.9875,0.7591,1.0158,35,51.93,-0.1968
COL,JEA,Reefer,Refrigerated Goods,3316.6,4.19,92553.0,64275.0,16162.0,-203545.0,-12.5941,0.9102,1.2331,64,40.43,-0.0698
BUS,KHI,Reefer,Pharmaceuticals,5990.8,7.73,184267.0,72866.0,111113.0,-261966.0,-2.3576,0.9611,1.2043,28,83.64,-0.1656
ANT,HAM,Bulk_Carrier,Coal,453.6,0.91,15035.0,124767.0,24564.0,-128902.0,-5.2477,0.8492,1.1479,68,71.44,-0.0899
SYD,ANT,LNG_Carrier,LPG,16725.3,21.84,1726315.0,110232.0,22075.0,-2142011.0,-97.0316,0.8594,1.2232,23,81.87,-0.9215
LAX,JEA,Bulk_Carrier,Coal,13447.6,26.69,378293.0,97025.0,21690.0,-853975.0,-39.3715,0.8914,0.9656,68,46.39,-0.2295
MUM,SAN,Container_Ship,Containers,13740.7,15.21,1431483.0,62769.0,99223.0,-1623124.0,-16.3584,0.985,0.9327,28,61.91,-0.5768
HAM,SGP,LNG_Carrier,LPG,10154.8,13.52,1098409.0,98050.0,24022.0,-1375266.0,-57.2514,0.956,1.1965,29,86.04,-0.7643
SAN,JEA,LNG_Carrier,LNG,12181.9,16.07,1204684.0,77859.0,30705.0,-1492817.0,-48.618,0.9876,1.1844,63,64.05,-0.5768
SAN,SGP,Tanker,Chemical,15934.4,29.29,606166.0,77164.0,138268.0,-984475.0,-7.1201,0.7991,1.0178,37,66.35,-0.3511
HAM,LAX,Bulk_Carrier,Grain,9100.3,15.97,234912.0,115665.0,45946.0,-544155.0,-11.8432,0.8849,1.0302,65,50.95,-0.1859
COL,SYD,Reefer,Pharmaceuticals,8748.1,12.51,313363.0,83426.0,87516.0,-496866.0,-5.6775,0.7982,1.1421,50,74.96,-0.253
JEA,ANT,Container_Ship,Containers,5160.9,5.59,653314.0,93992.0,76278.0,-754858.0,-9.8962,0.7529,0.938,37,37.15,-0.2193
SAN,HAM,Tanker,Fuel Oil,10166.5,19.02,401824.0,91626.0,84699.0,-694106.0,-8.195,0.9212,1.0946,66,58.58,-0.2625
JEA,SAN,LNG_Carrier,LPG,12181.9,16.55,1295502.0,70817.0,14778.0,-1599862.0,-108.2593,0.7543,0.9329,70,34.86,-0.3365
LAX,MUM,Tanker,Crude Oil,14043.2,23.82,528249.0,95128.0,15815.0,-964846.0,-61.0097,0.9832,1.0723,28,85.21,-0.4676
SYD,SHA,LNG_Carrier,LNG,7881.4,9.43,681691.0,110239.0,23184.0,-910182.0,-39.2585,0.8444,1.046,63,64.39,-0.4111
LAG,HOU,LNG_Carrier,LNG,10488.9,14.33,1191022.0,98538.0,22108.0,-1482465.0,-67.0561,0.8898,0.9465,57,76.25,-0.7217
SHA,ANT,Bulk_Carrier,Grain,8980.7,15.86,226225.0,120998.0,50991.0,-534086.0,-10.4742,0.9736,1.0392,61,40.77,-0.1466
HOU,LAG,Container_Ship,Electronics,10488.9,11.23,1172966.0,97351.0,264080.0,-1174735.0,-4.4484,0.9433,0.9331,36,54.26,-0.4069
CPT,NYK,Container_Ship,Auto Parts,12566.3,13.11,1342102.0,103677.0,186656.0,-1455822.0,-7.7995,0.7539,0.917,28,54.62,-0.4737
SAN,TYO,Container_Ship,Containers,18591.0,20.32,2392279.0,108928.0,101717.0,-2704357.0,-26.5872,0.8006,1.1764,69,33.73,-0.4552
BUS,LAX,Reefer,Refrigerated Goods,9637.7,12.12,291786.0,108860.0,12078.0,-570301.0,-47.2185,0.7535,1.1131,55,39.96,-0.1499
HOU,SGP,Container_Ship,Electronics,16004.8,17.89,1955598.0,122116.0,320229.0,-2025899.0,-6.3264,0.8995,1.1866,50,68.22,-0.7414
COL,MUM,Reefer,Refrigerated Goods,1535.0,2.21,55686.0,53667.0,11830.0,-130641.0,-11.0432,0.7646,1.0744,52,66.14,-0.0798
SGP,JEA,Reefer,Pharmaceuticals,5858.9,7.62,186038.0,77435.0,99588.0,-278235.0,-2.7939,0.8495,1.2212,42,81.85,-0.173
LAG,SYD,Bulk_Carrier,Grain,15517.5,27.39,416318.0,88897.0,57524.0,-858518.0,-14.9245,0.9486,1.2032,51,66.04,-0.3085
MUM,TYO,LNG_Carrier,LPG,6733.0,8.4,672370.0,109431.0,19557.0,-888225.0,-45.4179,0.8249,1.1289,36,81.97,-0.534
MUM,LAX,Container_Ship,Machinery,14043.2,15.49,1674571.0,92360.0,143877.0,-1855421.0,-12.8958,0.7668,0.9772,39,79.6,-0.8399
COL,LAG,Container_Ship,Containers,8435.8,9.65,912886.0,53435.0,105922.0,-1005212.0,-9.4901,0.8771,1.1182,58,76.85,-0.5307
BUS,KHI,Bulk_Carrier,Coal,5990.8,10.53,175252.0,78097.0,22064.0,-389286.0,-17.6435,0.8798,0.9951,35,86.05,-0.2531
SYD,COL,LNG_Carrier,LPG,8748.1,12.07,1037175.0,84426.0,20190.0,-1282467.0,-63.5203,0.9605,1.0009,51,80.15,-0.6981
COL,ANT,LNG_Carrier,LPG,8396.7,10.62,895816.0,82232.0,15971.0,-1121409.0,-70.2132,0.8411,0.9043,19,65.54,-0.5057
TYO,JEA,Bulk_Carrier,Grain,7963.6,16.2,218044.0,119738.0,44006.0,-536732.0,-12.1969,0.9294,0.9395,50,53.8,-0.2019
SYD,SHA,Bulk_Carrier,Coal,7881.4,13.76,228537.0,104165.0,23635.0,-515519.0,-21.8117,0.8755,1.0713,18,61.53,-0.2225
JEA,KHI,Bulk_Carrier,Coal,1207.1,2.31,32092.0,61530.0,23640.0,-104657.0,-4.4272,0.8038,1.1671,42,72.52,-0.0713
HAM,BUS,Bulk_Carrier,Coal,8550.1,15.51,239193.0,117911.0,23718.0,-566093.0,-23.8678,0.8671,1.0855,63,81.0,-0.3137
LAX,SYD,Bulk_Carrier,Coal,12054.8,23.75,319281.0,112229.0,25583.0,-762188.0,-29.7931,0.8597,1.1809,19,62.9,-0.2904
TYO,SHA,Container_Ship,Containers,1754.3,1.97,208547.0,138019.0,109942.0,-266166.0,-2.421,0.8965,1.1355,37,31.39,-0.0763
SGP,BUS,Container_Ship,Electronics,4583.4,4.91,499252.0,94987.0,267772.0,-400044.0,-1.494,0.8502,1.0499,60,61.21,-0.1963
BUS,SHA,Tanker,Fuel Oil,832.1,1.34,28013.0,110946.0,67405.0,-91674.0,-1.3601,0.7969,1.0069,22,52.66,-0.0462
CPT,JEA,Reefer,Frozen Fish,7606.3,10.45,238790.0,59456.0,17104.0,-437824.0,-25.597,0.8498,1.1182,69,65.14,-0.2022
KHI,COL,Bulk_Carrier,Bauxite,2418.3,4.29,64856.0,48473.0,7894.0,-169718.0,-21.4996,0.9559,0.9175,22,58.9,-0.0884
NYK,ANT,LNG_Carrier,LPG,5881.5,7.06,599743.0,131504.0,17169.0,-819945.0,-47.757,0.8881,0.9206,57,56.21,-0.3498
JEA,LAX,LNG_Carrier,LNG,13447.6,17.25,1417454.0,104440.0,22115.0,-1758581.0,-79.5206,0.799,1.0544,71,67.14,-0.684
TYO,SYD,Bulk_Carrier,Grain,7825.8,14.83,209392.0,137223.0,50396.0,-518739.0,-10.2933,0.9775,1.0229,40,77.16,-0.2814
SGP,JEA,Container_Ship,Machinery,5858.9,6.91,721127.0,79151.0,171805.0,-732053.0,-4.2609,0.9199,0.9727,43,88.82,-0.4939
LAG,MUM,Bulk_Carrier,Coal,7617.6,15.49,230357.0,62048.0,26371.0,-498337.0,-18.8972,0.8639,1.2114,29,38.04,-0.1343
HOU,KHI,Tanker,Chemical,13656.9,22.25,507068.0,91005.0,166617.0,-765187.0,-4.5925,0.8775,1.1169,47,49.79,-0.2193
HOU,LAX,Container_Ship,Auto Parts,2204.4,2.54,302091.0,126870.0,252588.0,-214499.0,-0.8492,0.9272,1.009,20,53.0,-0.1016
HAM,JEA,LNG_Carrier,LNG,4892.2,6.41,526675.0,91645.0,26172.0,-688361.0,-26.3011,0.8751,1.1393,49,59.07,-0.3216
LAX,SHA,Reefer,Refrigerated Goods,10457.0,14.06,350860.0,114162.0,11389.0,-664590.0,-58.3556,0.8684,0.9107,37,87.36,-0.3711
JEA,LAG,Reefer,Perishables,5856.7,7.44,195159.0,72864.0,10164.0,-369391.0,-36.3442,0.8007,1.1753,30,78.22,-0.2195
MUM,RTM,Tanker,Fuel Oil,6887.0,12.27,286154.0,93592.0,88001.0,-475861.0,-5.4074,0.8762,1.1957,50,35.43,-0.1229
RTM,LAG,LNG_Carrier,LNG,5056.8,6.22,474227.0,86894.0,24052.0,-630316.0,-26.2065,0.8376,1.0939,22,81.52,-0.4036
TYO,HOU,LNG_Carrier,LPG,10740.5,13.62,1179761.0,160034.0,18270.0,-1525771.0,-83.5104,0.8249,1.0548,48,83.78,-0.8091
LAG,MUM,LNG_Carrier,LNG,7617.6,9.98,822100.0,65548.0,24069.0,-1013257.0,-42.0983,0.7707,1.1897,60,67.78,-0.4866
ANT,SHA,Container_Ship,Machinery,8980.7,9.72,1062276.0,121573.0,208068.0,-1121653.0,-5.3908,0.8953,1.2104,33,38.3,-0.2893
SHA,CPT,Container_Ship,Electronics,12978.3,14.91,1690994.0,87547.0,288889.0,-1713266.0,-5.9305,0.8573,1.1232,46,40.06,-0.4036
LAX,SGP,LNG_Carrier,LPG,14141.5,19.16,1421511.0,120785.0,17923.0,-1811714.0,-101.083,0.8702,0.9808,61,76.55,-0.7864
LAX,HAM,Tanker,Fuel Oil,9100.3,15.99,368332.0,121000.0,64105.0,-665011.0,-10.3737,0.7692,0.9922,64,82.48,-0.3678
NYK,LAG,Reefer,Pharmaceuticals,8481.1,11.27,300303.0,115131.0,108872.0,-475616.0,-4.3686,0.9356,1.2122,27,50.77,-0.1656
TYO,SHA,LNG_Carrier,LNG,1754.3,2.17,172361.0,129702.0,23492.0,-311153.0,-13.2449,0.7536,1.1876,63,46.26,-0.1315
CPT,HAM,LNG_Carrier,LNG,9764.5,12.8,1051300.0,80286.0,26878.0,-1296781.0,-48.2473,0.9917,1.0325,33,58.02,-0.4927
KHI,CPT,Bulk_Carrier,Coal,8308.9,16.73,266377.0,49486.0,27451.0,-539418.0,-19.6502,0.9173,1.1875,51,38.03,-0.1416
SHA,COL,Container_Ship,Containers,5092.6,6.0,663529.0,82993.0,84487.0,-751995.0,-8.9008,0.8517,0.9184,48,53.58,-0.316
RTM,TYO,Bulk_Carrier,Grain,9345.2,18.58,258142.0,154607.0,39958.0,-651560.0,-16.3063,0.8108,0.9778,24,72.8,-0.3152
HAM,LAG,Tanker,Chemical,5272.3,9.51,217184.0,81902.0,170573.0,-271123.0,-1.5895,0.8458,1.1863,52,63.11,-0.1332
LAX,KHI,Reefer,Pharmaceuticals,13476.2,17.57,399133.0,87507.0,81636.0,-668481.0,-8.1885,0.8465,1.0046,61,48.71,-0.1885
RTM,JEA,Container_Ship,Machinery,5176.2,5.37,546348.0,91802.0,176393.0,-542286.0,-3.0743,0.8605,1.0676,25,82.96,-0.3516
SGP,TYO,Container_Ship,Containers,5314.4,5.75,583958.0,121216.0,117239.0,-674236.0,-5.7509,0.9904,1.0961,53,42.41,-0.2222
SAN,CPT,Tanker,Chemical,6297.2,10.73,249197.0,58884.0,126037.0,-343012.0,-2.7215,0.7627,0.9721,52,53.83,-0.1378
KHI,SGP,Tanker,Fuel Oil,4744.0,8.77,193590.0,60558.0,83182.0,-302453.0,-3.6361,0.9288,1.0661,41,63.45,-0.1528
HOU,HAM,Container_Ship,Auto Parts,8306.0,9.19,967608.0,136698.0,255831.0,-986308.0,-3.8553,0.9867,0.9603,48,84.02,-0.5721
SGP,MUM,Tanker,Crude Oil,3906.7,6.61,125017.0,71979.0,14535.0,-281649.0,-19.3769,0.9422,1.0285,32,67.93,-0.158
RTM,HAM,Container_Ship,Electronics,406.5,0.44,52470.0,118559.0,274188.0,96496.0,0.3519,0.8603,1.0623,18,71.51,0.0675
KHI,SHA,Reefer,Perishables,5340.0,6.98,177125.0,81409.0,9508.0,-353797.0,-37.2121,0.8513,1.0342,26,62.08,-0.1705
LAX,HAM,LNG_Carrier,LPG,9100.3,10.93,900716.0,115441.0,17613.0,-1162535.0,-66.0046,0.7543,1.112,23,55.43,-0.4321
MUM,NYK,Reefer,Refrigerated Goods,12555.7,17.63,389186.0,100985.0,13146.0,-741547.0,-56.4066,0.8633,1.0576,20,72.9,-0.3222
SHA,ANT,Bulk_Carrier,Iron Ore,8980.7,16.87,251892.0,111111.0,19908.0,-596090.0,-29.9417,0.8093,1.2425,19,73.59,-0.2954
SYD,RTM,Container_Ship,Containers,16689.6,19.86,1956829.0,113861.0,113202.0,-2255394.0,-19.9237,0.9461,1.1079,21,30.75,-0.3648
LAG,MUM,Tanker,Chemical,7617.6,13.16,284470.0,67225.0,134588.0,-414496.0,-3.0797,0.7899,1.0023,42,87.21,-0.2561
SGP,JEA,LNG_Carrier,LNG,5858.9,7.16,512887.0,74902.0,20315.0,-674890.0,-33.2208,0.75,1.0318,29,59.26,-0.3038
SYD,SHA,Bulk_Carrier,Coal,7881.4,15.31,214886.0,122012.0,25773.0,-540727.0,-20.9805,0.8221,1.244,35,41.96,-0.1591
NYK,SGP,Reefer,Pharmaceuticals,15342.9,22.32,510831.0,119782.0,99878.0,-865535.0,-8.6659,0.8984,1.158,33,63.87,-0.3023
MUM,SGP,LNG_Carrier,LPG,3906.7,4.87,407492.0,81908.0,17578.0,-544903.0,-30.9997,0.8832,0.9477,70,86.09,-0.3874
ANT,SHA,Bulk_Carrier,Iron Ore,8980.7,16.99,267866.0,102424.0,17331.0,-607772.0,-35.0675,0.87,1.0062,66,86.48,-0.354
TYO,CPT,Reefer,Perishables,14727.6,20.09,460445.0,110449.0,12692.0,-859542.0,-67.7208,0.9757,1.2045,18,47.4,-0.227
SGP,MUM,Container_Ship,Containers,3906.7,4.36,428359.0,72547.0,79357.0,-486947.0,-6.1362,0.7535,0.9752,46,81.94,-0.3295
BUS,LAX,Reefer,Refrigerated Goods,9637.7,12.85,317806.0,104313.0,14596.0,-600332.0,-41.1285,0.9822,1.032,40,84.16,-0.3323
LAG,LAX,Bulk_Carrier,Bauxite,12430.0,23.58,327213.0,93814.0,8922.0,-765875.0,-85.8392,0.9725,1.0194,47,53.14,-0.2435
SAN,KHI,Tanker,Crude Oil,13337.2,23.64,443843.0,60239.0,16717.0,-841893.0,-50.3627,0.9703,1.1486,33,42.94,-0.2102
SYD,JEA,Container_Ship,Containers,12058.9,13.2,1309127.0,87054.0,120896.0,-1473279.0,-12.1864,0.9965,1.1233,61,71.37,-0.6368
SGP,MUM,LNG_Carrier,LPG,3906.7,5.2,419171.0,80406.0,14377.0,-563163.0,-39.1702,0.76,0.9009,34,62.78,-0.2919
JEA,TYO,Container_Ship,Machinery,7963.6,9.19,1070146.0,125135.0,180249.0,-1152827.0,-6.3958,0.9993,0.9394,27,62.66,-0.5052
SYD,NYK,LNG_Carrier,LNG,15985.3,21.11,1631645.0,145547.0,22762.0,-2071083.0,-90.9868,0.8425,1.0292,46,83.25,-0.9254
BUS,TYO,Container_Ship,Electronics,959.3,1.03,102142.0,141386.0,216410.0,-42543.0,-0.1966,0.7916,0.9112,57,64.57,-0.0261
SAN,KHI,Bulk_Carrier,Bauxite,13337.2,23.69,333424.0,53438.0,8213.0,-734020.0,-89.3775,0.9505,0.96,32,61.87,-0.264
HAM,CPT,Container_Ship,Containers,9764.5,10.08,950567.0,93694.0,91990.0,-1103463.0,-11.9955,0.8556,0.9955,61,86.25,-0.6232
SAN,KHI,Bulk_Carrier,Bauxite,13337.2,26.78,390218.0,57015.0,7429.0,-841481.0,-113.2718,0.8143,1.0137,48,66.69,-0.3262
BUS,RTM,Reefer,Pharmaceuticals,8936.6,13.05,274275.0,121456.0,85625.0,-505885.0,-5.9081,0.8884,1.004,30,51.93,-0.1772
HOU,MUM,Reefer,Refrigerated Goods,14456.2,19.59,509321.0,98480.0,13158.0,-888556.0,-67.5314,0.9131,1.0007,40,82.47,-0.4116
CPT,ANT,LNG_Carrier,LNG,9566.7,12.17,885135.0,81902.0,23033.0,-1126613.0,-48.9138,0.7588,1.1564,35,59.52,-0.4422
NYK,SGP,Bulk_Carrier,Iron Ore,15342.9,30.83,508394.0,114337.0,21435.0,-1063784.0,-49.6285,0.9844,1.0998,22,31.72,-0.1845
NYK,MUM,Tanker,Fuel Oil,12555.7,20.99,425626.0,107324.0,74558.0,-773275.0,-10.3714,0.7979,1.1124,51,41.37,-0.1907
COL,SGP,LNG_Carrier,LPG,2732.3,3.49,254643.0,68586.0,22854.0,-352731.0,-15.4342,0.9896,1.0997,56,30.92,-0.095
JEA,HAM,Container_Ship,Auto Parts,4892.2,5.77,570139.0,98625.0,244888.0,-510428.0,-2.0843,0.8914,1.0175,59,67.47,-0.2724
COL,MUM,Tanker,Chemical,1535.0,2.53,57774.0,59558.0,176380.0,21165.0,0.12,0.9889,1.0492,69,64.75,0.0127
JEA,SYD,Bulk_Carrier,Bauxite,12058.9,24.06,346264.0,95024.0,9235.0,-792937.0,-85.8647,0.9233,1.1113,35,82.04,-0.394
SYD,SHA,Tanker,Crude Oil,7881.4,13.16,290668.0,118210.0,14771.0,-591468.0,-40.0432,0.8178,1.2041,58,78.08,-0.3239
BUS,LAX,Reefer,Refrigerated Goods,9637.7,13.78,336410.0,108423.0,11710.0,-639881.0,-54.6435,0.7948,1.0232,65,53.86,-0.2267
LAG,TYO,Reefer,Frozen Fish,13474.1,19.54,460046.0,104314.0,17062.0,-840328.0,-49.2514,0.8464,1.1199,31,51.71,-0.2516
ANT,HAM,Reefer,Frozen Fish,453.6,0.65,15995.0,119397.0,17486.0,-127592.0,-7.2968,0.9773,0.994,70,62.69,-0.0781
HAM,LAG,Bulk_Carrier,Bauxite,5272.3,9.21,152925.0,93717.0,7965.0,-376758.0,-47.3044,0.7952,1.1129,46,70.07,-0.2055
LAG,JEA,Container_Ship,Auto Parts,5856.7,6.42,623768.0,70376.0,243027.0,-547380.0,-2.2523,0.7517,1.1975,63,44.94,-0.1869
SGP,SYD,Tanker,Crude Oil,6299.1,10.77,226825.0,97350.0,11157.0,-474525.0,-42.5332,0.7974,0.9328,62,74.15,-0.2626
HAM,SGP,Tanker,Chemical,10154.8,18.3,341074.0,102472.0,192144.0,-525946.0,-2.7373,0.9897,1.1421,51,65.41,-0.2222
HOU,RTM,Container_Ship,Electronics,8072.0,9.53,1056820.0,126701.0,255142.0,-1071296.0,-4.1988,0.908,0.9367,25,87.77,-0.6549
COL,HOU,Tanker,Fuel Oil,15903.9,27.23,593954.0,93093.0,92873.0,-1002556.0,-10.7949,0.9822,1.1257,26,87.43,-0.4716
NYK,LAG,Container_Ship,Containers,8481.1,8.9,1061570.0,95244.0,84553.0,-1205733.0,-14.26,0.8378,0.9344,20,38.22,-0.3161
JEA,SHA,Container_Ship,Machinery,6458.3,6.76,801842.0,91804.0,174614.0,-820415.0,-4.6984,0.9055,1.0043,25,46.07,-0.2802
SGP,SHA,Reefer,Frozen Fish,3810.3,5.06,122011.0,107211.0,18860.0,-286243.0,-15.177,0.9134,1.1472,54,46.47,-0.1103
HAM,TYO,Reefer,Frozen Fish,8979.6,12.82,318816.0,129039.0,13572.0,-626588.0,-46.1669,0.7573,0.9956,64,66.16,-0.2792
HAM,SHA,Container_Ship,Containers,8527.4,9.73,1009763.0,126456.0,105423.0,-1176689.0,-11.1616,0.8871,1.1004,24,42.81,-0.345
JEA,TYO,Reefer,Perishables,7963.6,11.15,258131.0,125461.0,8865.0,-541978.0,-61.1348,0.7819,1.0498,60,59.33,-0.2249
COL,HAM,Container_Ship,Electronics,8074.9,9.67,1081774.0,83633.0,279699.0,-1030790.0,-3.6854,0.7922,1.1769,46,38.25,-0.2745
NYK,COL,Reefer,Perishables,14086.8,19.0,499921.0,106869.0,9705.0,-882041.0,-90.8871,0.9921,0.9058,58,69.55,-0.3484
BUS,KHI,Reefer,Pharmaceuticals,5990.8,8.4,194125.0,69171.0,87957.0,-301404.0,-3.4267,0.9958,0.92,52,54.38,-0.1238
KHI,ANT,LNG_Carrier,LNG,5992.6,7.91,626457.0,75152.0,26703.0,-793573.0,-29.7185,0.9157,1.1109,64,77.48,-0.4645
SYD,JEA,Container_Ship,Containers,12058.9,14.09,1683622.0,101193.0,101335.0,-1894770.0,-18.698,0.9609,0.9764,65,78.5,-0.9009
BUS,HOU,Container_Ship,Auto Parts,11424.5,13.32,1358968.0,116276.0,203387.0,-1471658.0,-7.2357,0.8136,0.9259,27,38.61,-0.3514
BUS,LAX,Reefer,Pharmaceuticals,9637.7,13.14,327429.0,108672.0,82993.0,-550173.0,-6.6292,0.8306,1.0408,46,86.62,-0.3134
CPT,NYK,Reefer,Refrigerated Goods,12566.3,18.07,456748.0,111160.0,15906.0,-823106.0,-51.7492,0.9071,1.2177,71,43.89,-0.2152
COL,CPT,Reefer,Refrigerated Goods,7888.4,9.97,221535.0,56353.0,13365.0,-414097.0,-30.9832,0.7648,1.2136,51,52.76,-0.1532
COL,HAM,Bulk_Carrier,Grain,8074.9,14.88,242394.0,86843.0,52411.0,-500007.0,-9.5402,0.8421,1.2349,44,84.32,-0.2936
LAX,SAN,LNG_Carrier,LPG,9942.3,13.67,1032142.0,101537.0,17221.0,-1321465.0,-76.7371,0.8107,1.0115,66,40.26,-0.3461
SYD,HAM,Bulk_Carrier,Bauxite,16284.4,28.75,408751.0,123674.0,7502.0,-956184.0,-127.45,0.757,1.1012,35,64.32,-0.3273
MUM,LAG,LNG_Carrier,LNG,7617.6,9.25,791893.0,58748.0,27213.0,-962236.0,-35.3591,0.9829,1.0547,34,33.69,-0.2297
COL,SHA,Tanker,Fuel Oil,5092.6,8.64,160835.0,77245.0,64817.0,-302916.0,-4.6734,0.7558,1.021,51,60.99,-0.1449
RTM,TYO,Bulk_Carrier,Coal,9345.2,17.36,284852.0,155395.0,20849.0,-679780.0,-32.6049,0.9166,0.9026,29,79.08,-0.3573
LAX,TYO,LNG_Carrier,LNG,8839.0,12.04,879013.0,131986.0,24747.0,-1166875.0,-47.1513,0.8677,1.0865,57,45.93,-0.3628
SGP,CPT,Reefer,Perishables,9665.9,13.63,309115.0,66362.0,9877.0,-570054.0,-57.7156,0.8313,1.1001,22,71.92,-0.2694
BUS,COL,Container_Ship,Machinery,5911.7,6.76,765950.0,69930.0,162100.0,-775160.0,-4.782,0.869,0.9715,26,32.44,-0.1906
SYD,CPT,Reefer,Perishables,11011.7,14.62,374496.0,81812.0,9263.0,-666399.0,-71.9392,0.75,1.1436,33,78.76,-0.3291
SYD,MUM,Reefer,Pharmaceuticals,10150.5,13.24,308706.0,93384.0,106415.0,-494302.0,-4.645,0.8904,1.2449,21,46.31,-0.1479
TYO,SAN,LNG_Carrier,LNG,18591.0,24.92,2118165.0,123858.0,24025.0,-2591859.0,-107.8823,0.8366,1.0939,53,70.48,-0.9116
SAN,SYD,Tanker,Fuel Oil,13322.4,24.94,499439.0,85407.0,90010.0,-869003.0,-9.6545,0.9094,1.1783,29,46.95,-0.2373
RTM,SHA,Container_Ship,Electronics,8927.2,10.73,1206560.0,125561.0,298405.0,-1194664.0,-4.0035,0.9123,1.0903,29,59.22,-0.4774
HAM,TYO,Reefer,Perishables,8979.6,11.47,250184.0,128069.0,12354.0,-537948.0,-43.545,0.931,1.2287,56,43.95,-0.1592
KHI,HOU,Tanker,Chemical,13656.9,22.3,469800.0,94516.0,149033.0,-749851.0,-5.0314,0.7679,1.1416,70,70.8,-0.3056
NYK,SHA,Container_Ship,Machinery,11860.8,12.51,1464745.0,118124.0,176519.0,-1594013.0,-9.0303,0.8398,1.0947,32,59.98,-0.5829
JEA,ANT,Bulk_Carrier,Iron Ore,5160.9,9.29,150971.0,104444.0,21049.0,-373724.0,-17.7545,0.9344,1.1377,19,86.25,-0.2521
JEA,KHI,Tanker,Fuel Oil,1207.1,2.12,47554.0,56465.0,93073.0,-42804.0,-0.4599,0.9251,1.1978,62,39.72,-0.016
CPT,BUS,Bulk_Carrier,Bauxite,13800.1,26.43,378541.0,77656.0,7267.0,-845443.0,-116.3321,0.8682,0.93,45,55.15,-0.2672
BUS,SAN,Tanker,Fuel Oil,18691.4,31.41,574935.0,83662.0,83383.0,-1046304.0,-12.5482,0.9471,1.0481,43,88.97,-0.4633
NYK,TYO,LNG_Carrier,LNG,10853.1,14.16,1096191.0,164200.0,20846.0,-1451963.0,-69.6521,0.7754,1.0241,43,64.28,-0.5885
ANT,SYD,Tanker,Crude Oil,16725.3,30.14,630107.0,123270.0,12948.0,-1192495.0,-92.0975,0.8518,1.0134,36,50.03,-0.3135
BUS,LAX,Tanker,Crude Oil,9637.7,17.55,332013.0,116745.0,13239.0,-698823.0,-52.785,0.9368,0.9422,19,32.46,-0.1492
HAM,KHI,Tanker,Chemical,5660.0,9.83,200221.0,75776.0,160620.0,-262810.0,-1.6362,0.9461,0.9987,44,77.1,-0.1552
SYD,JEA,Tanker,Chemical,12058.9,20.9,404995.0,87722.0,166335.0,-639927.0,-3.8472,0.8569,1.1418,53,65.78,-0.2549
HOU,HAM,Container_Ship,Electronics,8306.0,9.86,944817.0,125327.0,317380.0,-900626.0,-2.8377,0.8976,1.1786,53,62.42,-0.3881
SGP,ANT,Container_Ship,Machinery,10551.1,12.57,1191402.0,105033.0,178181.0,-1306812.0,-7.3342,0.9778,0.9491,40,58.1,-0.4837
HOU,HAM,Tanker,Crude Oil,8306.0,15.27,346164.0,118028.0,11551.0,-681718.0,-59.0193,0.8325,0.925,50,57.97,-0.2728
CPT,COL,Bulk_Carrier,Coal,7888.4,15.57,234748.0,54913.0,28204.0,-495004.0,-17.5507,0.9615,1.164,27,38.7,-0.1343
BUS,ANT,Bulk_Carrier,Grain,8997.1,16.72,266109.0,113864.0,38295.0,-592502.0,-15.4721,0.7924,0.9588,26,62.96,-0.2511
KHI,TYO,Reefer,Frozen Fish,6926.4,8.68,185078.0,93438.0,16391.0,-392301.0,-23.9344,0.9671,0.9416,25,37.05,-0.1058
RTM,COL,Bulk_Carrier,Coal,8401.4,16.15,263766.0,83717.0,23362.0,-566443.0,-24.2462,0.8113,1.1427,38,63.2,-0.2463
JEA,SYD,Tanker,Fuel Oil,12058.9,21.95,468844.0,98539.0,71960.0,-824650.0,-11.4599,0.7955,1.0769,71,54.43,-0.2718
COL,HOU,LNG_Carrier,LPG,15903.9,20.19,1577081.0,98428.0,16952.0,-1961356.0,-115.7031,0.7765,1.0396,44,59.37,-0.6265
JEA,NYK,Reefer,Pharmaceuticals,11017.6,15.87,346801.0,124254.0,110404.0,-598643.0,-5.4223,0.9674,1.1887,54,73.07,-0.2743
LAG,LAX,LNG_Carrier,LPG,12430.0,15.11,1078239.0,90664.0,20036.0,-1375472.0,-68.6513,0.9725,0.9811,49,55.78,-0.4591
ANT,CPT,Bulk_Carrier,Grain,9566.7,17.64,273942.0,80994.0,42831.0,-576772.0,-13.4664,0.8003,1.0618,36,85.33,-0.3245
NYK,BUS,Bulk_Carrier,Iron Ore,11254.3,20.45,302334.0,131117.0,19849.0,-720424.0,-36.2954,0.9357,1.0714,47,46.65,-0.2091
SAN,KHI,LNG_Carrier,LNG,13337.2,16.16,1360412.0,55791.0,24950.0,-1633605.0,-65.4756,0.7938,1.1973,35,32.2,-0.3058
HOU,LAX,Bulk_Carrier,Grain,2204.4,4.18,67380.0,125516.0,46067.0,-209531.0,-4.5484,0.9403,0.972,23,47.07,-0.0881
LAX,SYD,Container_Ship,Containers,12054.8,14.47,1420652.0,125225.0,106410.0,-1656564.0,-15.5677,0.9724,1.0132,49,63.55,-0.6377
RTM,KHI,Bulk_Carrier,Grain,5993.9,10.54,170300.0,86181.0,45123.0,-369476.0,-8.1881,0.7717,1.1602,31,66.18,-0.1847
RTM,CPT,Container_Ship,Containers,9642.1,10.32,1091122.0,84038.0,77196.0,-1252801.0,-16.2289,0.7643,0.9352,55,69.31,-0.571
HAM,CPT,LNG_Carrier,LPG,9764.5,12.2,1043767.0,79724.0,22034.0,-1284402.0,-58.2927,0.9079,1.1557,61,34.56,-0.2906
SHA,LAX,LNG_Carrier,LPG,10457.0,13.36,1137295.0,131431.0,17950.0,-1451165.0,-80.8456,0.7976,1.0717,42,83.26,-0.7723
COL,NYK,Container_Ship,Electronics,14086.8,16.18,1559016.0,99687.0,205649.0,-1695744.0,-8.2458,0.7504,0.9135,51,51.65,-0.4975
HOU,TYO,LNG_Carrier,LPG,10740.5,14.02,1086345.0,162290.0,20540.0,-1438437.0,-70.0312,0.9286,1.0533,49,51.03,-0.4646
TYO,BUS,Container_Ship,Electronics,959.3,1.13,109918.0,142889.0,298962.0,29191.0,0.0976,0.8904,1.1191,65,43.18,0.012
SAN,KHI,Tanker,Chemical,13337.2,25.18,478695.0,62464.0,146226.0,-772614.0,-5.2837,0.9381,0.917,51,76.36,-0.343
BUS,ANT,Bulk_Carrier,Grain,8997.1,18.14,245342.0,114564.0,42044.0,-590036.0,-14.0338,0.8053,1.0359,52,65.01,-0.2582
CPT,NYK,Container_Ship,Containers,12566.3,13.51,1572876.0,100664.0,108848.0,-1767284.0,-16.2362,0.8329,1.21,59,51.95,-0.547
KHI,LAG,Tanker,Crude Oil,7048.8,12.2,282207.0,50122.0,16750.0,-498553.0,-29.7651,0.9821,1.137,49,62.25,-0.2248
TYO,SYD,Container_Ship,Containers,7825.8,9.37,1017568.0,131888.0,80762.0,-1209213.0,-14.9726,0.7558,0.9894,49,72.7,-0.618
HAM,ANT,LNG_Carrier,LNG,453.6,0.61,47937.0,112283.0,19724.0,-149698.0,-7.5896,0.7697,0.9762,42,65.52,-0.0957
SHA,BUS,LNG_Carrier,LNG,832.1,1.04,79613.0,101269.0,28413.0,-168005.0,-5.9129,0.9295,1.1645,64,34.92,-0.0561
SYD,RTM,LNG_Carrier,LNG,16689.6,22.16,1891391.0,127716.0,24847.0,-2326621.0,-93.6372,0.9399,1.007,25,86.3,-1.0
SHA,CPT,LNG_Carrier,LPG,12978.3,16.79,1239432.0,87083.0,22065.0,-1556343.0,-70.5335,0.9779,1.0745,44,65.86,-0.6027
CPT,SGP,Bulk_Carrier,Bauxite,9665.9,18.94,260762.0,78123.0,8056.0,-614986.0,-76.3361,0.9317,0.9607,38,35.32,-0.1427
COL,HOU,LNG_Carrier,LNG,15903.9,19.4,1509548.0,93496.0,27360.0,-1866700.0,-68.2286,0.8729,1.194,28,45.0,-0.4519
LAG,HAM,LNG_Carrier,LNG,5272.3,6.4,517931.0,81451.0,26244.0,-669124.0,-25.496,0.9526,1.0495,23,53.62,-0.2793
SYD,LAG,Tanker,Chemical,15517.5,27.57,633162.0,92591.0,154591.0,-984735.0,-6.3699,0.8006,1.1358,39,41.23,-0.2209
SHA,TYO,LNG_Carrier,LPG,1754.3,2.43,188093.0,129587.0,18686.0,-335478.0,-17.9538,0.814,1.0931,22,50.53,-0.1548
BUS,HOU,Bulk_Carrier,Iron Ore,11424.5,21.21,327857.0,111276.0,19426.0,-737849.0,-37.9834,0.9693,1.0121,43,54.51,-0.2488
RTM,BUS,Container_Ship,Machinery,8936.6,9.2,1073940.0,111684.0,157892.0,-1165788.0,-7.3835,0.7831,1.0501,70,57.11,-0.4491
KHI,SAN,Container_Ship,Machinery,13337.2,13.78,1358566.0,58373.0,170331.0,-1453244.0,-8.5319,0.9175,0.9669,63,34.7,-0.2932
HAM,BUS,Reefer,Refrigerated Goods,8550.1,12.52,279016.0,108862.0,12009.0,-563703.0,-46.9389,0.8546,0.9759,65,65.04,-0.2508
HAM,SYD,Reefer,Perishables,16284.4,20.79,490879.0,110420.0,8968.0,-904253.0,-100.8362,0.917,0.9055,64,76.41,-0.3676
SGP,COL,Tanker,Chemical,2732.3,4.4,99727.0,76864.0,133156.0,-109461.0,-0.8221,0.8103,0.9667,36,72.76,-0.0694
HOU,TYO,Bulk_Carrier,Iron Ore,10740.5,20.38,304669.0,150309.0,22897.0,-737753.0,-32.2202,0.9325,1.2402,67,85.74,-0.4004
KHI,HOU,Bulk_Carrier,Bauxite,13656.9,27.2,373653.0,85568.0,8102.0,-859115.0,-106.0311,0.9209,0.9776,47,48.37,-0.2392
SGP,RTM,Container_Ship,Machinery,10534.9,12.14,1161031.0,100714.0,179564.0,-1264351.0,-7.0412,0.7682,1.2174,31,87.69,-0.7067
LAG,HAM,LNG_Carrier,LNG,5272.3,7.22,564967.0,98098.0,18793.0,-752586.0,-40.0453,0.7523,0.9517,32,56.36,-0.3301
KHI,RTM,Container_Ship,Containers,5993.9,6.23,719174.0,80823.0,79965.0,-813526.0,-10.1735,0.7986,0.9271,49,65.16,-0.4005
ANT,COL,Bulk_Carrier,Iron Ore,8396.7,14.64,234552.0,86130.0,18332.0,-521975.0,-28.4735,0.9654,0.9591,52,67.96,-0.2441
LAG,SAN,Bulk_Carrier,Iron Ore,6362.4,12.35,177306.0,60264.0,20731.0,-402061.0,-19.3944,0.9419,1.1116,29,45.2,-0.1353
SGP,LAG,Reefer,Pharmaceuticals,11147.2,16.03,388784.0,67604.0,92302.0,-604466.0,-6.5488,0.8225,1.169,54,56.28,-0.2124
MUM,HAM,Container_Ship,Electronics,6551.7,6.72,748211.0,98419.0,330877.0,-616509.0,-1.8633,0.948,1.1634,31,34.44,-0.1568
LAG,LAX,Bulk_Carrier,Grain,12430.0,24.19,371533.0,92129.0,46563.0,-779906.0,-16.7496,0.9422,0.9806,56,76.18,-0.3555
ANT,LAG,Tanker,Crude Oil,4978.7,8.99,173567.0,95754.0,10276.0,-393898.0,-38.3305,0.7518,0.9112,28,35.88,-0.1114
KHI,LAG,Tanker,Chemical,7048.8,13.25,293059.0,49368.0,184504.0,-356688.0,-1.9332,0.8767,1.238,38,38.7,-0.1
RTM,NYK,Bulk_Carrier,Iron Ore,5858.2,11.04,145562.0,132468.0,19463.0,-424239.0,-21.7977,0.8995,1.0928,19,78.9,-0.2543
RTM,LAX,LNG_Carrier,LPG,8985.5,11.08,768078.0,120274.0,23334.0,-1031248.0,-44.1956,0.9956,1.116,41,89.76,-0.6233
CPT,KHI,Bulk_Carrier,Iron Ore,8308.9,16.86,263856.0,49535.0,20133.0,-546172.0,-27.1286,0.8607,1.1814,53,67.91,-0.256
LAX,SAN,Tanker,Chemical,9942.3,18.31,396590.0,93330.0,150077.0,-614501.0,-4.0946,0.8464,1.043,58,54.36,-0.2173
CPT,KHI,Container_Ship,Machinery,8308.9,8.65,1002407.0,52742.0,204294.0,-980669.0,-4.8003,0.8708,1.2219,22,74.18,-0.5021
BUS,SGP,LNG_Carrier,LNG,4583.4,5.89,473295.0,87635.0,25426.0,-623853.0,-24.5357,0.8744,1.1078,25,78.28,-0.3915
MUM,NYK,Container_Ship,Electronics,12555.7,14.64,1522767.0,104611.0,238326.0,-1608616.0,-6.7496,0.7938,1.0008,43,89.44,-0.8574
MUM,KHI,LNG_Carrier,LPG,893.2,1.18,96755.0,57339.0,23771.0,-147958.0,-6.2242,0.9061,1.2493,32,50.14,-0.0708
SAN,SHA,Bulk_Carrier,Bauxite,18568.6,34.12,548784.0,82079.0,7745.0,-1134945.0,-146.5306,0.7762,1.1088,67,45.8,-0.2595
CPT,RTM,Tanker,Fuel Oil,9642.1,15.78,353947.0,83407.0,75072.0,-598910.0,-7.9778,0.963,0.9281,47,64.93,-0.2557
SAN,MUM,Tanker,Fuel Oil,13740.7,24.91,479376.0,67720.0,77341.0,-843380.0,-10.9047,0.8388,1.0977,30,57.4,-0.2779
RTM,NYK,Container_Ship,Auto Parts,5858.2,6.35,654644.0,131431.0,288617.0,-592779.0,-2.0539,0.9055,1.1805,35,60.84,-0.274
HOU,SAN,Tanker,Fuel Oil,7942.5,14.96,274472.0,107599.0,79689.0,-526815.0,-6.6109,0.982,0.9661,65,88.02,-0.3245
HAM,TYO,Bulk_Carrier,Grain,8979.6,16.37,261826.0,128560.0,50028.0,-585908.0,-11.7115,0.9454,1.0499,71,73.04,-0.2882
COL,BUS,Bulk_Carrier,Coal,5911.7,10.47,173888.0,82020.0,22840.0,-390184.0,-17.0834,0.9156,0.9899,39,39.48,-0.1168
MUM,COL,Tanker,Crude Oil,1535.0,2.78,63204.0,61297.0,13339.0,-152836.0,-11.4582,0.9693,0.9174,36,44.25,-0.0624
SHA,NYK,LNG_Carrier,LNG,11860.8,14.07,1178002.0,117951.0,25422.0,-1481571.0,-58.2791,0.9037,1.0716,61,69.36,-0.6265
JEA,SGP,LNG_Carrier,LPG,5858.9,7.52,550936.0,86302.0,17189.0,-732887.0,-42.6375,0.8396,0.9748,45,32.0,-0.1782
JEA,LAG,LNG_Carrier,LPG,5856.7,7.1,568180.0,67310.0,20341.0,-721697.0,-35.4792,0.834,1.1614,34,43.74,-0.2398
CPT,MUM,Container_Ship,Electronics,8227.2,9.89,960129.0,58642.0,260629.0,-906550.0,-3.4783,0.9061,0.9588,42,44.37,-0.2785
LAX,SYD,LNG_Carrier,LPG,12054.8,15.09,1241036.0,122997.0,18747.0,-1571561.0,-83.8279,0.8893,1.0038,71,88.05,-0.8382
SHA,HOU,LNG_Carrier,LPG,12195.4,15.92,1254748.0,113853.0,15708.0,-1591755.0,-101.3361,0.8069,0.927,34,64.28,-0.6169
RTM,SGP,Tanker,Crude Oil,10534.9,18.6,366437.0,116419.0,12219.0,-749701.0,-61.3562,0.751,1.0847,33,56.2,-0.2686
SAN,JEA,Container_Ship,Machinery,12181.9,14.2,1335178.0,74930.0,158985.0,-1464084.0,-9.2089,0.7881,1.0506,61,46.92,-0.4144
LAX,MUM,Reefer,Frozen Fish,14043.2,20.11,483828.0,103020.0,16543.0,-871916.0,-52.7058,0.9941,0.9245,27,53.18,-0.2637
SYD,NYK,Bulk_Carrier,Coal,15985.3,28.07,430585.0,130846.0,22440.0,-960030.0,-42.7825,0.9428,0.9445,22,47.0,-0.2422
SYD,KHI,Reefer,Perishables,11020.1,14.38,350863.0,75147.0,11879.0,-629878.0,-53.0246,0.9818,1.1203,66,63.18,-0.2495
COL,LAX,Bulk_Carrier,Coal,15107.0,29.69,400245.0,92835.0,25764.0,-912730.0,-35.4262,0.9548,1.0708,38,89.22,-0.4485
LAG,SYD,Container_Ship,Containers,15517.5,17.19,1967243.0,83914.0,108519.0,-2200427.0,-20.277,0.8686,1.1568,29,44.83,-0.5367
RTM,HOU,Tanker,Chemical,8072.0,15.09,342354.0,143644.0,157802.0,-554498.0,-3.5139,0.8743,1.0617,60,75.66,-0.2922
JEA,SAN,LNG_Carrier,LPG,12181.9,15.76,1141215.0,77850.0,21711.0,-1433829.0,-66.0424,0.8969,1.1527,42,88.8,-0.768
LAG,COL,Bulk_Carrier,Iron Ore,8435.8,15.05,248035.0,53765.0,16986.0,-510617.0,-30.0606,0.8529,1.0058,70,49.07,-0.1722
KHI,BUS,Reefer,Frozen Fish,5990.8,7.66,184075.0,68737.0,14533.0,-353180.0,-24.3021,0.8251,0.9786,59,40.37,-0.1077
KHI,NYK,Container_Ship,Electronics,11689.8,12.94,1502613.0,95832.0,339204.0,-1453297.0,-4.2844,0.9484,1.1922,63,32.35,-0.2882
NYK,MUM,Reefer,Pharmaceuticals,12555.7,16.49,364772.0,110707.0,89277.0,-633574.0,-7.0967,0.9887,0.9406,71,83.97,-0.3171
CPT,SGP,Container_Ship,Containers,9665.9,11.43,1138208.0,65720.0,120939.0,-1254474.0,-10.3728,0.9499,1.1789,68,36.94,-0.3045
JEA,CPT,Reefer,Frozen Fish,7606.3,10.83,263991.0,60973.0,15269.0,-472117.0,-30.9204,0.8832,0.9605,56,80.79,-0.2704
SHA,SYD,Reefer,Refrigerated Goods,7881.4,10.68,232031.0,116280.0,15331.0,-493228.0,-32.1722,0.944,1.1278,62,42.2,-0.146
CPT,HAM,Container_Ship,Containers,9764.5,10.95,1220112.0,95767.0,87340.0,-1392837.0,-15.9473,0.8044,1.0054,62,40.91,-0.3731
ANT,HAM,Tanker,Chemical,453.6,0.8,17516.0,116075.0,150498.0,4945.0,0.0329,0.8009,1.1053,21,62.8,0.003
SAN,SGP,Tanker,Crude Oil,15934.4,27.5,559423.0,86137.0,14611.0,-1043384.0,-71.4093,0.8232,1.1833,46,70.41,-0.3949
HAM,KHI,LNG_Carrier,LNG,5660.0,7.16,616528.0,86814.0,21502.0,-789251.0,-36.7052,0.7977,1.0269,55,68.58,-0.4146
HAM,MUM,Container_Ship,Auto Parts,6551.7,7.26,739926.0,87109.0,273801.0,-662108.0,-2.4182,0.8991,1.1279,43,33.27,-0.1627
LAG,RTM,Container_Ship,Containers,5056.8,5.22,595103.0,99152.0,90723.0,-681816.0,-7.5154,0.8624,0.9741,47,80.07,-0.4289
LAX,JEA,Reefer,Refrigerated Goods,13447.6,17.34,386638.0,95660.0,12607.0,-729734.0,-57.8818,0.7541,1.1609,70,30.75,-0.13
LAX,COL,Container_Ship,Containers,15107.0,15.52,1573386.0,87996.0,97819.0,-1796400.0,-18.3646,0.8559,1.0583,69,33.89,-0.3353
SHA,KHI,LNG_Carrier,LPG,5340.0,6.41,509919.0,74754.0,23110.0,-657676.0,-28.4587,0.989,1.1127,48,59.31,-0.3027
LAX,SYD,Container_Ship,Machinery,12054.8,12.84,1234371.0,134807.0,190762.0,-1371087.0,-7.1874,0.9805,1.0133,63,34.49,-0.2864
MUM,LAG,Container_Ship,Auto Parts,7617.6,8.66,1034615.0,58521.0,237622.0,-985406.0,-4.1469,0.8616,1.0215,41,63.9,-0.4461
LAX,LAG,Tanker,Chemical,12430.0,20.53,472857.0,102454.0,172530.0,-710770.0,-4.1197,0.9776,1.0381,25,71.17,-0.3027
NYK,SAN,Container_Ship,Containers,7737.9,8.19,801590.0,110239.0,111954.0,-922776.0,-8.2424,0.8906,1.1639,19,81.71,-0.5318
ANT,MUM,LNG_Carrier,LPG,6885.8,8.57,593864.0,84498.0,19155.0,-787829.0,-41.1296,0.7807,1.1684,31,36.45,-0.2094
KHI,HAM,LNG_Carrier,LNG,5660.0,7.32,529823.0,79537.0,25684.0,-693511.0,-27.0016,0.7997,1.2236,43,61.64,-0.3274
TYO,KHI,LNG_Carrier,LNG,6926.4,9.17,785437.0,105569.0,21832.0,-1006713.0,-46.1108,0.7749,1.0733,53,78.15,-0.5726
COL,TYO,LNG_Carrier,LNG,6846.1,9.25,653073.0,104709.0,20710.0,-875767.0,-42.2877,0.7538,1.0466,20,36.9,-0.2359
LAG,LAX,Reefer,Pharmaceuticals,12430.0,16.35,405352.0,103738.0,86112.0,-668204.0,-7.7597,0.8409,1.0667,71,64.99,-0.2599
JEA,NYK,LNG_Carrier,LPG,11017.6,13.92,1186231.0,115954.0,20184.0,-1490767.0,-73.8602,0.7862,1.2225,21,74.75,-0.6987
LAG,NYK,Bulk_Carrier,Grain,8481.1,16.56,223904.0,98895.0,58677.0,-512470.0,-8.7337,0.9514,1.2237,51,57.48,-0.202
COL,JEA,Bulk_Carrier,Bauxite,3316.6,5.88,93903.0,60915.0,8932.0,-234065.0,-26.2058,0.9994,0.993,58,84.39,-0.1675
LAG,SYD,LNG_Carrier,LPG,15517.5,20.59,1538009.0,95879.0,15299.0,-1927479.0,-125.9905,0.7712,0.9446,22,78.84,-0.8268
TYO,CPT,Reefer,Frozen Fish,14727.6,20.4,516497.0,98757.0,14620.0,-906701.0,-62.019,0.7568,1.0732,48,37.23,-0.188
SHA,COL,Bulk_Carrier,Coal,5092.6,10.03,132835.0,73038.0,22022.0,-334247.0,-15.1782,0.9078,0.9626,69,63.15,-0.1656
LAG,KHI,Bulk_Carrier,Coal,7048.8,13.34,206520.0,52945.0,29934.0,-429608.0,-14.3516,0.9865,1.2042,45,85.47,-0.266
NYK,LAG,Bulk_Carrier,Grain,8481.1,16.6,270822.0,103623.0,48804.0,-574605.0,-11.7738,0.8768,1.1044,69,57.24,-0.2256
SAN,HOU,Container_Ship,Containers,7942.5,8.13,781001.0,104859.0,82288.0,-925507.0,-11.2471,0.8314,0.9164,41,61.34,-0.3973
HOU,LAG,Bulk_Carrier,Coal,10488.9,19.35,292572.0,98442.0,29254.0,-651983.0,-22.2873,0.9355,1.241,35,41.06,-0.1709
LAG,BUS,Bulk_Carrier,Coal,12692.5,22.61,325217.0,82982.0,19402.0,-727888.0,-37.5153,0.7881,0.9769,22,75.58,-0.3264
BUS,SGP,LNG_Carrier,LPG,4583.4,5.79,404354.0,101567.0,19402.0,-573424.0,-29.5546,0.8359,1.1053,70,32.02,-0.1472
SYD,SAN,Tanker,Chemical,13322.4,22.57,459219.0,84039.0,163282.0,-718463.0,-4.4001,0.868,1.1065,18,75.06,-0.3136
HAM,CPT,LNG_Carrier,LPG,9764.5,13.35,1135878.0,91313.0,20564.0,-1406920.0,-68.4171,0.859,1.1399,55,80.79,-0.7443
SHA,COL,Bulk_Carrier,Bauxite,5092.6,9.02,146724.0,76466.0,8374.0,-350101.0,-41.8071,0.8153,1.1412,18,41.8,-0.1148
HAM,SGP,Reefer,Perishables,10154.8,13.6,284355.0,108667.0,9803.0,-587245.0,-59.9019,0.7506,1.2093,48,61.2,-0.2321
BUS,SGP,Bulk_Carrier,Grain,4583.4,8.24,123956.0,99475.0,46759.0,-300198.0,-6.42,0.7734,1.1997,51,70.48,-0.1696
KHI,SHA,Bulk_Carrier,Iron Ore,5340.0,10.39,154258.0,73075.0,22631.0,-360554.0,-15.9321,0.9805,1.1657,50,36.44,-0.102
SHA,SAN,LNG_Carrier,LPG,18568.6,22.84,1832832.0,85932.0,16648.0,-2244701.0,-134.8305,0.7714,1.0277,34,78.56,-0.8806
SHA,MUM,Tanker,Fuel Oil,5043.9,9.06,186051.0,88976.0,85445.0,-325553.0,-3.8101,0.8849,1.1496,57,51.11,-0.1308
CPT,SGP,Tanker,Chemical,9665.9,16.95,353662.0,69127.0,153696.0,-523326.0,-3.4049,0.948,0.9537,34,62.03,-0.2133
SAN,COL,Container_Ship,Electronics,13986.2,16.38,1792450.0,62735.0,316886.0,-1783959.0,-5.6297,0.9324,1.1328,20,43.54,-0.4425
CPT,RTM,Bulk_Carrier,Grain,9642.1,16.83,264382.0,96481.0,50359.0,-562887.0,-11.1774,0.9887,1.0106,30,75.04,-0.2778
HAM,LAX,Reefer,Perishables,9100.3,11.74,267468.0,135570.0,11700.0,-567423.0,-48.4993,0.8956,1.2096,70,58.73,-0.2235
ANT,SYD,Bulk_Carrier,Grain,16725.3,31.37,445488.0,114839.0,43224.0,-987717.0,-22.8509,0.7674,1.1176,31,41.33,-0.2145
RTM,JEA,Tanker,Chemical,5176.2,9.55,185082.0,94055.0,157470.0,-264991.0,-1.6828,0.7615,1.2164,55,86.72,-0.1796
SHA,SAN,Tanker,Crude Oil,18568.6,31.35,715047.0,84189.0,11404.0,-1258105.0,-110.3231,0.7944,0.957,24,51.38,-0.3228
TYO,HOU,LNG_Carrier,LPG,10740.5,12.83,970515.0,154003.0,22129.0,-1294864.0,-58.5154,0.9263,1.1376,38,50.45,-0.4135
KHI,BUS,Tanker,Crude Oil,5990.8,10.59,210267.0,73500.0,13620.0,-429055.0,-31.5011,0.8212,1.1058,35,87.89,-0.2849
SAN,COL,Reefer,Perishables,13986.2,18.74,489740.0,54783.0,10744.0,-814827.0,-75.8401,0.8184,1.2156,31,41.04,-0.1905
LAG,NYK,Tanker,Crude Oil,8481.1,15.31,354210.0,96284.0,11881.0,-668294.0,-56.2482,0.7516,1.0538,31,42.93,-0.1968
NYK,KHI,Reefer,Refrigerated Goods,11689.8,16.0,417821.0,96084.0,13692.0,-740235.0,-54.0647,0.8138,1.1684,42,67.57,-0.3066
BUS,RTM,Tanker,Fuel Oil,8936.6,15.01,281045.0,107083.0,84122.0,-529095.0,-6.2896,0.8359,1.1981,48,69.53,-0.2482
HOU,SHA,Container_Ship,Electronics,12195.4,12.57,1281764.0,119049.0,276282.0,-1313125.0,-4.7528,0.8156,1.1292,39,52.7,-0.4172
CPT,HOU,Reefer,Perishables,13853.3,17.72,434992.0,89923.0,8433.0,-782260.0,-92.7587,0.8334,0.937,28,81.4,-0.3643
SGP,CPT,Container_Ship,Electronics,9665.9,10.4,1215171.0,70837.0,264011.0,-1178005.0,-4.462,0.8079,1.0893,20,52.34,-0.4051
BUS,KHI,Bulk_Carrier,Coal,5990.8,10.53,169991.0,71966.0,21509.0,-378342.0,-17.5901,0.7628,1.119,58,61.22,-0.175
KHI,JEA,LNG_Carrier,LNG,1207.1,1.56,128492.0,54577.0,27669.0,-178859.0,-6.4642,0.8535,1.235,59,44.78,-0.0752
NYK,MUM,Container_Ship,Containers,12555.7,13.18,1273498.0,115013.0,89315.0,-1496857.0,-16.7594,0.8613,0.9601,24,50.74,-0.4526
RTM,HOU,Tanker,Fuel Oil,8072.0,14.51,275206.0,130832.0,72348.0,-551275.0,-7.6197,0.7531,1.1437,48,66.43,-0.255
KHI,SGP,Tanker,Fuel Oil,4744.0,8.17,158082.0,71604.0,78346.0,-273927.0,-3.4964,0.8833,1.0559,37,33.33,-0.0727
HAM,HOU,Container_Ship,Electronics,8306.0,8.85,1010620.0,122814.0,229394.0,-1036829.0,-4.5199,0.7796,0.9808,55,65.69,-0.4702
HAM,HOU,LNG_Carrier,LNG,8306.0,11.18,940455.0,134944.0,29236.0,-1213860.0,-41.5196,0.9074,1.2274,42,87.38,-0.7323
RTM,MUM,Tanker,Fuel Oil,6887.0,12.0,272316.0,88740.0,65444.0,-475639.0,-7.2679,0.7667,1.0161,37,76.14,-0.264
CPT,SYD,Tanker,Crude Oil,11011.7,19.3,402770.0,77743.0,13380.0,-756660.0,-56.5503,0.8097,1.1017,50,72.78,-0.3454
HAM,LAX,Container_Ship,Containers,9100.3,10.87,1123662.0,117779.0,115573.0,-1288886.0,-11.1521,0.9659,1.1079,46,56.61,-0.4893
JEA,KHI,Reefer,Perishables,1207.1,1.66,36274.0,61466.0,8163.0,-114441.0,-14.0199,0.7815,0.9672,54,63.6,-0.0683
LAX,TYO,Reefer,Refrigerated Goods,8839.0,12.01,279395.0,156194.0,10959.0,-604812.0,-55.1879,0.8319,0.9149,39,66.8,-0.2735
BUS,HAM,LNG_Carrier,LPG,8550.1,10.56,908322.0,116375.0,18619.0,-1164490.0,-62.5423,0.8545,1.0376,20,75.55,-0.6019
CPT,KHI,LNG_Carrier,LNG,8308.9,10.11,737601.0,47668.0,28943.0,-907965.0,-31.3713,0.9871,1.117,27,34.05,-0.2134
JEA,SHA,Tanker,Fuel Oil,6458.3,11.66,236959.0,100811.0,88869.0,-423814.0,-4.769,0.9423,1.1228,52,62.78,-0.1973
CPT,SYD,Container_Ship,Machinery,11011.7,11.41,1125294.0,81091.0,206002.0,-1171502.0,-5.6868,0.8935,1.2008,46,69.59,-0.5113
RTM,JEA,Reefer,Refrigerated Goods,5176.2,6.96,166100.0,98636.0,12875.0,-356256.0,-27.6706,0.7785,1.1484,28,46.96,-0.1308
TYO,RTM,Tanker,Chemical,9345.2,17.11,348087.0,145956.0,176935.0,-573744.0,-3.2427,0.9604,1.0837,67,72.09,-0.2749
KHI,HAM,Container_Ship,Containers,5660.0,5.8,618824.0,74316.0,102496.0,-677624.0,-6.6112,0.9399,1.0097,27,46.35,-0.2405
SGP,CPT,Container_Ship,Auto Parts,9665.9,10.86,1025567.0,79680.0,299070.0,-969006.0,-3.2401,0.9643,1.1486,34,64.48,-0.4105
COL,MUM,Reefer,Perishables,1535.0,2.02,45436.0,62485.0,10137.0,-128119.0,-12.6393,0.9441,0.9942,52,75.21,-0.089
SHA,RTM,Container_Ship,Electronics,8927.2,9.35,963129.0,113378.0,267148.0,-949625.0,-3.5547,0.8212,1.0843,39,68.31,-0.4377
JEA,SGP,Bulk_Carrier,Coal,5858.9,11.32,172354.0,86817.0,25182.0,-403763.0,-16.0336,0.8315,1.2019,51,71.16,-0.2183
RTM,BUS,Container_Ship,Machinery,8936.6,9.51,1071839.0,109929.0,154984.0,-1169484.0,-7.5458,0.8921,0.9048,55,64.01,-0.5049
TYO,NYK,LNG_Carrier,LPG,10853.1,13.44,959261.0,144201.0,18591.0,-1286509.0,-69.2001,0.8162,1.0847,29,62.1,-0.5037
ANT,KHI,Container_Ship,Electronics,5992.6,6.61,670078.0,83637.0,261710.0,-591129.0,-2.2587,0.94,0.9281,45,49.69,-0.2219
LAG,HOU,Container_Ship,Machinery,10488.9,11.89,1292773.0,94809.0,172656.0,-1393235.0,-8.0694,0.8275,1.0867,31,41.99,-0.3735
HOU,SHA,Reefer,Perishables,12195.4,16.58,386054.0,117887.0,11562.0,-741057.0,-64.0969,0.9431,1.1351,40,45.1,-0.2015
TYO,SAN,LNG_Carrier,LNG,18591.0,25.33,1853575.0,117320.0,24391.0,-2326485.0,-95.3832,0.7968,1.1661,58,74.5,-0.8649
ANT,HAM,Reefer,Frozen Fish,453.6,0.59,14650.0,127476.0,15075.0,-135881.0,-9.0137,0.7897,1.0605,31,47.07,-0.0624
RTM,SHA,LNG_Carrier,LPG,8927.2,11.1,948051.0,121903.0,22443.0,-1214072.0,-54.0948,0.9434,1.1329,66,48.71,-0.399
ANT,SAN,LNG_Carrier,LNG,9716.8,11.6,976958.0,85182.0,22633.0,-1213502.0,-53.616,0.8535,1.0102,61,50.8,-0.4043
COL,ANT,LNG_Carrier,LNG,8396.7,10.07,759188.0,91212.0,23288.0,-978220.0,-42.0059,0.9009,0.9848,42,43.37,-0.2919
JEA,BUS,Reefer,Pharmaceuticals,7055.4,9.92,247828.0,89057.0,82812.0,-402948.0,-4.8658,0.8073,1.0686,55,86.59,-0.2527
MUM,HOU,Bulk_Carrier,Iron Ore,14456.2,25.97,428627.0,101838.0,16593.0,-903428.0,-54.4455,0.78,1.0744,51,84.58,-0.4291
SAN,LAG,Container_Ship,Auto Parts,6362.4,7.64,784149.0,58759.0,214679.0,-742818.0,-3.4601,0.8722,0.9116,23,38.54,-0.2131
LAG,KHI,Reefer,Perishables,7048.8,9.94,220362.0,51144.0,8363.0,-412307.0,-49.3035,0.7681,1.0081,62,75.74,-0.2262
MUM,KHI,Container_Ship,Electronics,893.2,1.04,110481.0,51309.0,279402.0,101950.0,0.3649,0.7505,1.241,46,33.59,0.0327
KHI,HOU,Tanker,Fuel Oil,13656.9,24.08,443662.0,96572.0,78133.0,-823297.0,-10.5371,0.7676,1.2117,65,67.03,-0.3176
ANT,HOU,Bulk_Carrier,Bauxite,8102.1,14.98,234120.0,131842.0,10154.0,-580577.0,-57.1749,0.9486,1.1894,19,38.03,-0.1536
KHI,HAM,Reefer,Pharmaceuticals,5660.0,7.62,181295.0,74024.0,71121.0,-298562.0,-4.1979,0.8014,0.9244,37,78.06,-0.1785
RTM,HAM,Container_Ship,Auto Parts,406.5,0.43,49304.0,112065.0,231369.0,63592.0,0.2749,0.8108,1.0569,24,71.34,0.0444
RTM,HOU,Bulk_Carrier,Coal,8072.0,16.42,268625.0,132956.0,24458.0,-623445.0,-25.4905,0.8044,1.2066,51,85.21,-0.37
BUS,KHI,Reefer,Frozen Fish,5990.8,8.61,222009.0,68073.0,19026.0,-400276.0,-21.0383,0.9427,1.1213,47,30.03,-0.0908
ANT,BUS,Bulk_Carrier,Iron Ore,8997.1,16.51,223788.0,98755.0,21362.0,-548883.0,-25.694,0.9254,1.1659,49,49.94,-0.1845
RTM,KHI,Bulk_Carrier,Grain,5993.9,11.85,179831.0,77271.0,52131.0,-382755.0,-7.3421,0.8656,1.195,44,78.93,-0.2282
CPT,LAG,Container_Ship,Auto Parts,4761.1,5.51,598080.0,61418.0,217343.0,-524832.0,-2.4148,0.8895,0.905,44,83.39,-0.3482
NYK,MUM,LNG_Carrier,LPG,12555.7,16.92,1174211.0,110514.0,17481.0,-1521101.0,-87.0132,0.862,0.9657,35,47.54,-0.431
HOU,SAN,Container_Ship,Machinery,7942.5,8.23,789587.0,114817.0,143066.0,-884787.0,-6.1845,0.827,0.901,54,89.21,-0.5524
CPT,ANT,Bulk_Carrier,Bauxite,9566.7,16.78,223736.0,92891.0,8086.0,-560309.0,-69.2937,0.8911,1.0082,55,54.61,-0.2018
ANT,LAG,LNG_Carrier,LPG,4978.7,6.02,489372.0,85624.0,18766.0,-646562.0,-34.4533,0.7703,1.1602,39,48.71,-0.2482
KHI,HAM,Container_Ship,Auto Parts,5660.0,6.42,647385.0,75375.0,284608.0,-534425.0,-1.8778,0.9672,1.0899,32,85.07,-0.3482
RTM,NYK,Tanker,Crude Oil,5858.2,9.61,197438.0,142062.0,11762.0,-471911.0,-40.1225,0.8257,0.9497,63,54.68,-0.196
SAN,HAM,Tanker,Crude Oil,10166.5,18.02,334506.0,88782.0,12881.0,-680643.0,-52.8423,0.9237,0.9296,25,42.66,-0.1875
SHA,ANT,LNG_Carrier,LNG,8980.7,10.76,775893.0,111929.0,21366.0,-1027868.0,-48.108,0.8595,0.947,60,30.82,-0.2133
HAM,HOU,Tanker,Crude Oil,8306.0,13.45,260746.0,121387.0,14391.0,-569480.0,-39.5732,0.9163,1.047,54,38.04,-0.1496
LAG,SHA,Bulk_Carrier,Bauxite,12229.8,23.26,344853.0,80775.0,6250.0,-768215.0,-122.9207,0.7688,0.9033,37,67.81,-0.3137
KHI,JEA,Container_Ship,Auto Parts,1207.1,1.45,143723.0,62145.0,205160.0,-22470.0,-0.1095,0.8047,0.9442,46,85.87,-0.0181
BUS,SYD,Bulk_Carrier,Coal,8015.7,15.26,245604.0,104935.0,25819.0,-553641.0,-21.443,0.843,1.2153,58,73.23,-0.283
SHA,HAM,Reefer,Frozen Fish,8527.4,11.86,286824.0,114676.0,16395.0,-563077.0,-34.3447,0.7631,1.1936,38,30.6,-0.118
LAG,HAM,Container_Ship,Containers,5272.3,6.12,684103.0,94764.0,126837.0,-743805.0,-5.8643,0.9886,1.1879,28,62.71,-0.3631
MUM,HOU,Tanker,Fuel Oil,14456.2,24.32,558347.0,110313.0,98506.0,-934944.0,-9.4912,0.9635,1.2171,32,62.83,-0.3299
COL,SHA,Tanker,Fuel Oil,5092.6,9.05,167458.0,83927.0,72203.0,-314995.0,-4.3626,0.9199,0.9344,51,75.7,-0.187
BUS,HAM,Container_Ship,Auto Parts,8550.1,9.83,991320.0,119991.0,267385.0,-991340.0,-3.7075,0.9187,1.078,19,47.18,-0.32
JEA,CPT,Container_Ship,Electronics,7606.3,7.91,935160.0,70814.0,302771.0,-821832.0,-2.7144,0.9935,1.0158,29,61.84,-0.3603
JEA,SAN,Tanker,Fuel Oil,12181.9,21.89,430453.0,72977.0,68656.0,-763192.0,-11.1162,0.9077,0.9004,37,74.79,-0.3443
BUS,TYO,Bulk_Carrier,Bauxite,959.3,1.88,30201.0,126897.0,9712.0,-175635.0,-18.0849,0.9333,1.1561,34,60.61,-0.1012
RTM,CPT,Tanker,Chemical,9642.1,16.22,373375.0,91364.0,148530.0,-559544.0,-3.7672,0.9657,0.9047,60,60.41,-0.2223
LAX,RTM,Bulk_Carrier,Bauxite,8985.5,16.66,250207.0,130983.0,7964.0,-623179.0,-78.2517,0.8466,1.0452,55,33.52,-0.1406
CPT,NYK,Tanker,Crude Oil,12566.3,21.29,441909.0,95717.0,12070.0,-844965.0,-70.0073,0.7759,1.037,48,80.63,-0.4059
HOU,SGP,Tanker,Chemical,16004.8,26.44,616102.0,119012.0,142890.0,-988764.0,-6.9198,0.8111,1.0362,35,47.27,-0.2507
LAG,SGP,LNG_Carrier,LPG,11147.2,15.48,1130678.0,73011.0,15930.0,-1419894.0,-89.133,0.7745,0.9794,51,86.91,-0.7703
HOU,HAM,Reefer,Pharmaceuticals,8306.0,10.68,268644.0,122824.0,91043.0,-460611.0,-5.0593,0.9833,0.9645,29,30.04,-0.0955
SHA,RTM,Tanker,Chemical,8927.2,14.67,275798.0,128368.0,172965.0,-451235.0,-2.6088,0.8833,1.1518,71,60.15,-0.1831
JEA,RTM,Reefer,Frozen Fish,5176.2,6.96,156317.0,107854.0,13061.0,-355478.0,-27.2173,0.7891,0.9195,47,87.03,-0.2418
HAM,COL,Bulk_Carrier,Bauxite,8074.9,14.23,219214.0,76570.0,7605.0,-501583.0,-65.9515,0.8471,0.9975,29,34.99,-0.1222
KHI,SGP,Reefer,Pharmaceuticals,4744.0,6.3,156435.0,73551.0,90496.0,-233934.0,-2.585,0.8568,1.1003,47,48.95,-0.0912
SGP,KHI,Bulk_Carrier,Coal,4744.0,8.28,130300.0,63366.0,23136.0,-294768.0,-12.7408,0.7517,1.2213,44,53.82,-0.1263
SYD,HOU,Tanker,Chemical,13818.5,24.43,505089.0,119791.0,146455.0,-844919.0,-5.7692,0.8028,1.0731,60,82.37,-0.3986
LAG,KHI,Tanker,Chemical,7048.8,12.2,248300.0,56062.0,162091.0,-325200.0,-2.0063,0.845,1.1284,30,45.31,-0.1067
LAX,KHI,Reefer,Pharmaceuticals,13476.2,18.17,439544.0,91361.0,101616.0,-701874.0,-6.9072,0.864,1.2252,44,44.03,-0.1789
CPT,SYD,Reefer,Refrigerated Goods,11011.7,14.08,314911.0,81710.0,12685.0,-595067.0,-46.911,0.9312,0.946,60,70.85,-0.2644
KHI,LAX,Reefer,Refrigerated Goods,13476.2,18.52,491430.0,80514.0,14547.0,-835227.0,-57.4154,0.8786,1.1498,50,33.3,-0.161
LAX,SHA,Tanker,Chemical,10457.0,17.93,329009.0,126982.0,167696.0,-557301.0,-3.3233,0.9124,1.0811,42,68.74,-0.2448
RTM,KHI,Reefer,Perishables,5993.9,7.9,201563.0,87088.0,12298.0,-394902.0,-32.1107,0.9721,1.1714,41,39.93,-0.1191
SYD,JEA,Reefer,Refrigerated Goods,12058.9,17.14,420612.0,87741.0,12172.0,-753245.0,-61.8836,0.9059,0.9331,32,43.95,-0.2005
HAM,LAG,Bulk_Carrier,Iron Ore,5272.3,10.18,155495.0,84474.0,18324.0,-374420.0,-20.4331,0.7978,1.1601,63,30.56,-0.0891
SAN,LAX,Bulk_Carrier,Bauxite,9942.3,18.1,269540.0,94351.0,8726.0,-626627.0,-71.8096,0.8037,1.2064,57,82.56,-0.3366
NYK,SAN,Bulk_Carrier,Coal,7737.9,13.41,203673.0,119285.0,19653.0,-504509.0,-25.6705,0.7974,0.978,49,39.27,-0.1397
TYO,MUM,Reefer,Refrigerated Goods,6733.0,9.82,260232.0,115174.0,13755.0,-508936.0,-37.0008,0.7946,1.2021,67,69.48,-0.2593
NYK,JEA,Tanker,Crude Oil,11017.6,18.49,338937.0,117348.0,15302.0,-718328.0,-46.9426,0.9891,1.0314,69,84.99,-0.3828
KHI,RTM,Container_Ship,Auto Parts,5993.9,6.65,721033.0,86656.0,244546.0,-662823.0,-2.7104,0.8061,1.1236,29,71.38,-0.3574
RTM,COL,Reefer,Perishables,8401.4,12.1,277607.0,85327.0,9087.0,-535327.0,-58.9109,0.911,0.9236,37,30.85,-0.1136
LAG,SYD,Bulk_Carrier,Bauxite,15517.5,26.87,426962.0,86407.0,10555.0,-905855.0,-85.8264,0.9476,1.2376,71,60.58,-0.2986
ANT,CPT,LNG_Carrier,LPG,9566.7,11.86,998695.0,78845.0,18872.0,-1236533.0,-65.5214,0.7809,1.1508,18,42.45,-0.3461
CPT,NYK,Reefer,Refrigerated Goods,12566.3,16.72,350943.0,109783.0,12361.0,-699144.0,-56.5618,0.7936,1.0817,70,72.01,-0.2999
SYD,LAX,LNG_Carrier,LPG,12054.8,15.07,1180003.0,118509.0,23767.0,-1500725.0,-63.1431,0.9524,1.1883,32,78.52,-0.7138
HOU,SYD,Tanker,Chemical,13818.5,24.33,491963.0,138982.0,156709.0,-839242.0,-5.3554,0.9868,0.9341,40,51.54,-0.2477
TYO,BUS,LNG_Carrier,LPG,959.3,1.18,94063.0,122337.0,19380.0,-214662.0,-11.0762,0.936,0.9859,53,40.36,-0.0824
KHI,SAN,LNG_Carrier,LPG,13337.2,16.09,1286701.0,52796.0,23400.0,-1557453.0,-66.5572,0.9542,1.1678,56,82.91,-0.7507
HAM,COL,Tanker,Crude Oil,8074.9,13.67,313483.0,80234.0,13832.0,-584946.0,-42.2883,0.9645,0.9561,45,51.22,-0.2086
SYD,BUS,LNG_Carrier,LPG,8015.7,10.93,855237.0,105014.0,20099.0,-1104126.0,-54.9338,0.8431,1.1352,61,58.37,-0.4498
SHA,ANT,Container_Ship,Electronics,8980.7,9.3,915936.0,108678.0,257262.0,-906902.0,-3.5252,0.796,1.0773,28,34.32,-0.2096
SYD,LAX,Reefer,Frozen Fish,12054.8,15.3,339554.0,126823.0,19169.0,-676712.0,-35.3021,0.911,1.169,49,59.05,-0.242
SGP,HOU,LNG_Carrier,LNG,16004.8,21.2,1781342.0,105094.0,25497.0,-2178885.0,-85.4571,0.9413,1.0319,48,60.87,-0.7115
TYO,ANT,Bulk_Carrier,Coal,9411.9,16.96,248537.0,146714.0,23742.0,-625969.0,-26.3658,0.8173,1.1528,20,71.23,-0.2956
LAX,LAG,Reefer,Perishables,12430.0,15.62,353975.0,90883.0,8608.0,-670499.0,-77.8904,0.7602,1.0485,61,35.61,-0.1429
SAN,MUM,Bulk_Carrier,Iron Ore,13740.7,27.09,418971.0,69489.0,18258.0,-876581.0,-48.0108,0.7788,1.1841,50,80.66,-0.4059
MUM,CPT,Bulk_Carrier,Bauxite,8227.2,15.21,218058.0,63777.0,10189.0,-499773.0,-49.0504,0.9844,1.15,61,45.46,-0.1573
SGP,NYK,Tanker,Chemical,15342.9,24.74,512199.0,118434.0,142351.0,-859415.0,-6.0373,0.91,0.9201,47,58.45,-0.2747
JEA,TYO,Tanker,Crude Oil,7963.6,13.9,304768.0,120834.0,13562.0,-620530.0,-45.755,0.7856,1.1509,48,62.79,-0.2725
BUS,JEA,LNG_Carrier,LNG,7055.4,8.69,626948.0,89908.0,18949.0,-828303.0,-43.7122,0.7924,0.911,68,66.06,-0.3962
MUM,SGP,Bulk_Carrier,Grain,3906.7,7.6,115416.0,69699.0,52040.0,-247004.0,-4.7464,0.9117,1.1326,20,53.61,-0.1094
LAG,ANT,Bulk_Carrier,Coal,4978.7,9.64,130087.0,90568.0,22814.0,-342367.0,-15.007,0.8309,1.0895,26,78.89,-0.2129
LAX,COL,LNG_Carrier,LPG,15107.0,19.21,1643096.0,89132.0,17146.0,-2003161.0,-116.8309,0.8198,0.9959,24,88.81,-0.9797
LAX,KHI,Container_Ship,Containers,13476.2,14.46,1453243.0,81415.0,104958.0,-1646602.0,-15.6882,0.8211,1.1835,66,33.71,-0.3213
KHI,HAM,Tanker,Chemical,5660.0,9.8,220599.0,75662.0,153744.0,-289550.0,-1.8833,0.7532,1.2007,54,48.5,-0.1076
JEA,LAG,Tanker,Crude Oil,5856.7,10.3,204329.0,69527.0,16846.0,-411466.0,-24.4248,0.9015,1.2458,28,43.02,-0.1345
LAG,RTM,Tanker,Crude Oil,5056.8,9.37,191640.0,86073.0,12604.0,-405706.0,-32.1882,0.8053,1.0434,62,54.54,-0.1738
KHI,SYD,LNG_Carrier,LNG,11020.1,13.11,1018316.0,75404.0,23052.0,-1267334.0,-54.9782,0.9523,0.9222,25,36.51,-0.2901
MUM,SHA,Bulk_Carrier,Iron Ore,5043.9,9.01,140434.0,93916.0,14717.0,-354744.0,-24.105,0.7606,0.9772,52,34.02,-0.0948
COL,HAM,Container_Ship,Auto Parts,8074.9,8.99,871995.0,85597.0,316840.0,-775666.0,-2.4481,0.9931,1.1816,70,68.7,-0.3711
CPT,KHI,LNG_Carrier,LNG,8308.9,10.83,841901.0,54189.0,29592.0,-1028982.0,-34.7729,0.9941,1.134,26,65.56,-0.4657
SAN,SGP,Reefer,Perishables,15934.4,22.42,535452.0,83799.0,8445.0,-947034.0,-112.142,0.8518,0.9179,21,67.65,-0.3444
HAM,LAG,Container_Ship,Auto Parts,5272.3,5.75,616674.0,82956.0,241883.0,-544072.0,-2.2493,0.77,1.1635,49,63.2,-0.2676
HAM,NYK,LNG_Carrier,LNG,6125.8,7.41,596042.0,132272.0,21917.0,-817542.0,-37.3025,0.874,0.9553,67,66.3,-0.4073
LAG,SHA,Container_Ship,Auto Parts,12229.8,12.58,1221251.0,81042.0,269236.0,-1221816.0,-4.5381,0.9676,1.0306,45,50.56,-0.3721
HOU,SYD,Reefer,Refrigerated Goods,13818.5,17.84,460461.0,125485.0,13201.0,-840290.0,-63.6518,0.9556,0.9594,39,59.54,-0.2865
BUS,SGP,Reefer,Frozen Fish,4583.4,6.08,158375.0,97191.0,16980.0,-329811.0,-19.423,0.8715,1.0824,41,64.26,-0.1699
HAM,BUS,Bulk_Carrier,Bauxite,8550.1,15.2,233911.0,103099.0,9073.0,-555868.0,-61.2635,0.8285,1.2168,55,38.47,-0.1463
ANT,NYK,Container_Ship,Auto Parts,5881.5,6.39,613550.0,129699.0,256287.0,-582789.0,-2.274,0.7769,1.2218,30,59.35,-0.2625
LAG,CPT,LNG_Carrier,LNG,4761.1,6.57,463576.0,63584.0,30810.0,-594943.0,-19.3098,0.9835,1.1934,48,88.39,-0.4183
TYO,ANT,Container_Ship,Auto Parts,9411.9,9.81,932306.0,141349.0,277840.0,-942982.0,-3.394,0.9301,1.1064,28,60.86,-0.3805
KHI,SAN,LNG_Carrier,LPG,13337.2,15.84,1302936.0,60471.0,20823.0,-1580121.0,-75.8836,0.8848,1.1207,62,49.78,-0.4573
NYK,SYD,Tanker,Chemical,15985.3,27.71,560215.0,126386.0,148268.0,-953949.0,-6.4339,0.9328,0.935,31,72.19,-0.3696
MUM,HOU,Tanker,Fuel Oil,14456.2,24.42,524246.0,94546.0,97928.0,-887100.0,-9.0587,0.9529,1.2235,40,71.27,-0.3551
HAM,NYK,Reefer,Pharmaceuticals,6125.8,8.78,225379.0,145375.0,95727.0,-406696.0,-4.2485,0.8795,1.1338,67,74.9,-0.2289
SAN,NYK,Bulk_Carrier,Bauxite,7737.9,14.33,194911.0,108495.0,7648.0,-510661.0,-66.7713,0.9364,0.9075,53,51.78,-0.1865
SGP,ANT,LNG_Carrier,LNG,10551.1,13.38,1138352.0,112221.0,26324.0,-1424929.0,-54.1294,0.8638,1.161,45,30.75,-0.2791
SAN,LAX,LNG_Carrier,LPG,9942.3,12.85,904282.0,97758.0,16669.0,-1178130.0,-70.6777,0.8688,0.9137,23,75.66,-0.58
HOU,SAN,LNG_Carrier,LPG,7942.5,10.86,884026.0,101974.0,22699.0,-1126192.0,-49.6136,0.9201,1.1748,48,37.55,-0.296
SHA,SGP,Tanker,Chemical,3810.3,6.81,132662.0,93746.0,153105.0,-175461.0,-1.146,0.9363,0.9619,53,30.3,-0.0441
ANT,SHA,LNG_Carrier,LPG,8980.7,11.15,870302.0,114103.0,21377.0,-1130216.0,-52.8697,0.9536,1.0675,21,61.61,-0.469
HAM,RTM,Reefer,Perishables,406.5,0.52,12989.0,116682.0,13008.0,-124443.0,-9.5666,0.9926,1.2134,61,45.97,-0.056
JEA,ANT,Tanker,Chemical,5160.9,8.46,185981.0,90447.0,163085.0,-240198.0,-1.4728,0.881,1.0889,41,52.88,-0.0993
COL,HOU,Container_Ship,Containers,15903.9,18.85,2095589.0,96452.0,102949.0,-2371798.0,-23.0385,0.8332,1.1441,54,30.19,-0.3852
ANT,SYD,Reefer,Perishables,16725.3,21.07,440248.0,105348.0,10122.0,-851511.0,-84.1256,0.9867,0.9499,37,31.47,-0.1408
COL,MUM,Bulk_Carrier,Grain,1535.0,2.8,42941.0,52745.0,46456.0,-91163.0,-1.9624,0.7887,1.1687,67,43.82,-0.0369
MUM,LAX,Bulk_Carrier,Grain,14043.2,27.48,451313.0,92093.0,50449.0,-905113.0,-17.9412,0.8253,1.2129,49,36.37,-0.1872
COL,NYK,Bulk_Carrier,Bauxite,14086.8,24.95,393338.0,109706.0,6488.0,-870751.0,-134.2161,0.7854,0.9178,45,57.68,-0.2853
RTM,BUS,Container_Ship,Machinery,8936.6,10.73,1250918.0,113007.0,163193.0,-1361685.0,-8.344,0.8042,1.057,35,59.22,-0.544
SHA,HAM,Container_Ship,Electronics,8527.4,8.9,1008511.0,118859.0,343572.0,-917348.0,-2.67,0.9759,1.1735,35,44.88,-0.2819
LAG,COL,Reefer,Refrigerated Goods,8435.8,11.89,314870.0,56876.0,13565.0,-536498.0,-39.5504,0.8911,1.0571,26,64.02,-0.236
HAM,LAX,LNG_Carrier,LPG,9100.3,10.97,929042.0,133704.0,24597.0,-1202754.0,-48.898,0.9989,1.1726,46,79.08,-0.6378
LAX,KHI,LNG_Carrier,LPG,13476.2,16.36,1155319.0,86053.0,21408.0,-1465382.0,-68.4517,0.8485,1.2014,25,69.97,-0.5935
TYO,KHI,LNG_Carrier,LPG,6926.4,8.74,722088.0,109597.0,21774.0,-940973.0,-43.2152,0.9399,1.1032,58,71.29,-0.4882
ANT,COL,Bulk_Carrier,Coal,8396.7,16.81,279930.0,90799.0,24467.0,-598406.0,-24.458,0.9214,1.0537,34,37.19,-0.1531
LAX,KHI,Reefer,Perishables,13476.2,17.43,460880.0,91066.0,10070.0,-803260.0,-79.7709,0.8098,1.1514,30,51.04,-0.2373
HOU,SHA,Container_Ship,Auto Parts,12195.4,13.0,1510445.0,137223.0,230642.0,-1612037.0,-6.9894,0.8986,0.9506,27,49.69,-0.483
HAM,LAG,Reefer,Perishables,5272.3,6.88,151380.0,98794.0,9009.0,-344297.0,-38.2189,0.7926,1.0524,46,47.83,-0.1282
BUS,TYO,Tanker,Fuel Oil,959.3,1.67,37108.0,123557.0,79889.0,-105796.0,-1.3243,0.8996,1.0572,68,87.0,-0.0875
TYO,NYK,Tanker,Fuel Oil,10853.1,20.19,463446.0,151700.0,73260.0,-844796.0,-11.5315,0.9293,0.9385,41,79.27,-0.4222
LAX,LAG,LNG_Carrier,LPG,12430.0,15.25,1180682.0,86391.0,25525.0,-1470337.0,-57.6037,0.9787,1.2419,40,85.26,-0.7502
TYO,COL,Container_Ship,Auto Parts,6846.1,7.48,845299.0,96639.0,210000.0,-844124.0,-4.0196,0.7853,0.9905,68,46.78,-0.2883
NYK,BUS,Tanker,Crude Oil,11254.3,19.68,437386.0,131110.0,14141.0,-849483.0,-60.0721,0.8428,1.1185,32,65.45,-0.3458
NYK,HOU,Reefer,Refrigerated Goods,2277.1,3.05,64198.0,157737.0,14195.0,-253442.0,-17.8547,0.8459,1.1654,37,52.47,-0.1184
HAM,JEA,LNG_Carrier,LNG,4892.2,6.78,481601.0,88713.0,31463.0,-640502.0,-20.3575,0.971,1.2344,25,85.48,-0.4331
COL,JEA,Bulk_Carrier,Grain,3316.6,5.99,85420.0,57402.0,51558.0,-181108.0,-3.5127,0.9273,1.1032,41,63.54,-0.0976
MUM,HOU,LNG_Carrier,LNG,14456.2,19.55,1584265.0,100795.0,22790.0,-1955454.0,-85.8047,0.8593,1.0103,33,76.74,-0.8428
JEA,COL,LNG_Carrier,LPG,3316.6,4.22,344901.0,67897.0,23157.0,-452976.0,-19.5611,0.9357,1.1784,46,76.52,-0.294
CPT,HOU,LNG_Carrier,LNG,13853.3,16.64,1317376.0,91524.0,27378.0,-1631184.0,-59.5801,0.8929,1.1681,49,80.9,-0.7549
TYO,LAX,Bulk_Carrier,Coal,8839.0,16.02,231301.0,140958.0,22727.0,-589882.0,-25.9547,0.9528,0.9465,25,67.57,-0.2698
KHI,RTM,Reefer,Refrigerated Goods,5993.9,8.75,215985.0,91855.0,16147.0,-422871.0,-26.1882,0.9543,1.1751,23,53.88,-0.1721
JEA,CPT,Container_Ship,Auto Parts,7606.3,7.79,882614.0,71324.0,314575.0,-756217.0,-2.4039,0.9358,1.245,70,63.18,-0.3387
MUM,SYD,Bulk_Carrier,Grain,10150.5,18.81,256118.0,97408.0,42160.0,-593491.0,-14.0772,0.7677,1.0896,26,56.61,-0.217
CPT,HAM,LNG_Carrier,LNG,9764.5,13.47,1041725.0,82296.0,23940.0,-1302160.0,-54.3918,0.9532,0.9568,40,39.5,-0.3368
CPT,BUS,Bulk_Carrier,Iron Ore,13800.1,28.07,411010.0,84963.0,17607.0,-899455.0,-51.0864,0.778,1.143,35,58.05,-0.2992
SYD,SAN,Reefer,Refrigerated Goods,13322.4,16.76,350079.0,100082.0,12175.0,-689346.0,-56.6189,0.827,1.0224,36,81.5,-0.3268
RTM,ANT,Container_Ship,Containers,78.1,0.09,9114.0,122314.0,126871.0,-5962.0,-0.047,0.9969,1.1784,26,37.76,-0.0022
JEA,LAX,LNG_Carrier,LNG,13447.6,16.68,1274509.0,93212.0,25092.0,-1592895.0,-63.483,0.8207,1.1646,63,39.35,-0.3631
KHI,JEA,Bulk_Carrier,Grain,1207.1,2.23,29927.0,54441.0,38526.0,-79287.0,-2.058,0.8484,0.901,39,81.89,-0.061
SAN,BUS,Bulk_Carrier,Iron Ore,18691.4,32.7,467070.0,87429.0,15972.0,-1028990.0,-64.4232,0.7772,1.0379,51,52.27,-0.2677
BUS,ANT,LNG_Carrier,LNG,8997.1,11.76,1011874.0,99089.0,20273.0,-1267135.0,-62.5047,0.8561,0.9021,50,50.81,-0.4333
BUS,LAG,Bulk_Carrier,Iron Ore,12692.5,22.73,369763.0,74388.0,16334.0,-768724.0,-47.0624,0.9137,0.9028,33,57.91,-0.2641
LAG,BUS,LNG_Carrier,LPG,12692.5,17.43,1412241.0,75735.0,19597.0,-1729776.0,-88.2664,0.9566,0.9756,24,87.29,-0.8959
COL,SGP,Reefer,Pharmaceuticals,2732.3,3.51,74228.0,64080.0,85412.0,-105572.0,-1.236,0.7804,1.1401,62,58.92,-0.0542
MUM,BUS,LNG_Carrier,LNG,5775.4,7.64,529694.0,81001.0,31818.0,-693443.0,-21.7942,0.9764,1.2414,46,38.89,-0.2056
LAG,NYK,Reefer,Refrigerated Goods,8481.1,10.65,237943.0,102682.0,12685.0,-487762.0,-38.4521,0.8829,0.9978,42,79.4,-0.2656
TYO,JEA,LNG_Carrier,LNG,7963.6,10.83,891879.0,127332.0,23975.0,-1157748.0,-48.2901,0.9505,0.9609,70,61.64,-0.499
SHA,CPT,Bulk_Carrier,Grain,12978.3,25.72,393760.0,86751.0,43768.0,-822617.0,-18.7951,0.9193,0.9447,25,40.71,-0.1969
SHA,SAN,Tanker,Chemical,18568.6,32.92,729830.0,91065.0,155650.0,-1159005.0,-7.4462,0.7519,1.2177,62,77.22,-0.4469
LAX,JEA,Tanker,Fuel Oil,13447.6,22.94,509836.0,109148.0,61740.0,-901277.0,-14.598,0.7679,0.9572,30,84.83,-0.4429
LAX,SYD,Reefer,Refrigerated Goods,12054.8,15.66,327032.0,115321.0,12222.0,-664969.0,-54.4092,0.9248,0.9178,70,37.64,-0.1516
HAM,JEA,Reefer,Pharmaceuticals,4892.2,6.92,178593.0,95782.0,84313.0,-293871.0,-3.4855,0.844,1.0406,51,57.22,-0.133
HOU,SYD,Reefer,Perishables,13818.5,19.01,420724.0,137754.0,7954.0,-835612.0,-105.052,0.7658,0.9618,44,59.08,-0.2827
NYK,RTM,Container_Ship,Auto Parts,5858.2,5.99,666965.0,141634.0,260196.0,-638271.0,-2.453,0.7752,1.2432,41,69.88,-0.3388
LAG,SGP,Reefer,Frozen Fish,11147.2,15.98,344403.0,79021.0,20062.0,-643054.0,-32.0529,0.9298,1.1987,45,45.8,-0.1838
SHA,MUM,LNG_Carrier,LNG,5043.9,6.17,492211.0,91794.0,24462.0,-652161.0,-26.6597,0.9089,1.0253,64,63.0,-0.3229
BUS,KHI,LNG_Carrier,LPG,5990.8,7.61,531097.0,65802.0,18902.0,-692124.0,-36.6158,0.994,0.9055,55,82.24,-0.4301
HOU,TYO,Bulk_Carrier,Coal,10740.5,20.62,338789.0,139273.0,27501.0,-759868.0,-27.6304,0.9082,1.2017,61,51.53,-0.2478
RTM,SAN,Container_Ship,Machinery,9775.5,10.42,1017442.0,91921.0,177502.0,-1088184.0,-6.1306,0.8906,1.0381,30,65.57,-0.467
CPT,RTM,Tanker,Crude Oil,9642.1,17.3,350137.0,90869.0,16800.0,-683691.0,-40.6952,0.9477,1.1818,35,65.13,-0.2928
LAG,JEA,Reefer,Frozen Fish,5856.7,8.32,181041.0,62480.0,19606.0,-348745.0,-17.7872,0.9665,1.127,47,40.12,-0.1063
NYK,ANT,Tanker,Fuel Oil,5881.5,9.88,216125.0,134490.0,69629.0,-429186.0,-6.1639,0.8633,0.9602,24,49.44,-0.161
SGP,COL,Container_Ship,Electronics,2732.3,2.83,286707.0,66713.0,243706.0,-152173.0,-0.6244,0.8235,0.9864,45,70.12,-0.093
LAG,SAN,Reefer,Frozen Fish,6362.4,8.33,189950.0,64597.0,15751.0,-363807.0,-23.0976,0.927,0.944,56,43.77,-0.1185
HAM,ANT,LNG_Carrier,LNG,453.6,0.61,46172.0,123977.0,20263.0,-159096.0,-7.8517,0.8357,0.9236,41,40.98,-0.0636
RTM,ANT,Tanker,Fuel Oil,78.1,0.13,2846.0,131650.0,79978.0,-56414.0,-0.7054,0.8805,1.0813,64,61.24,-0.0344
LAG,HOU,Reefer,Pharmaceuticals,10488.9,13.72,357401.0,105931.0,86670.0,-582419.0,-6.72,0.8185,1.103,30,86.32,-0.321
LAG,MUM,Tanker,Fuel Oil,7617.6,13.02,246371.0,64915.0,70751.0,-435865.0,-6.1606,0.8922,0.944,57,80.28,-0.2479
RTM,BUS,Reefer,Frozen Fish,8936.6,12.01,285786.0,108442.0,18087.0,-556281.0,-30.7556,0.9693,1.0367,57,52.3,-0.1962
NYK,BUS,Tanker,Crude Oil,11254.3,19.99,371958.0,117627.0,17790.0,-771613.0,-43.3732,0.9551,1.2417,43,35.71,-0.1714
HOU,JEA,Container_Ship,Containers,13157.3,14.04,1483476.0,105507.0,105305.0,-1694261.0,-16.0891,0.9082,1.0736,46,37.46,-0.371
MUM,SAN,Bulk_Carrier,Coal,13740.7,26.72,437361.0,64335.0,24226.0,-878239.0,-36.2514,0.9439,1.0185,28,38.75,-0.1954
SHA,HAM,Reefer,Pharmaceuticals,8527.4,12.41,267676.0,125633.0,77339.0,-502109.0,-6.4923,0.81,0.9946,61,89.76,-0.3086
NYK,RTM,LNG_Carrier,LNG,5858.2,7.87,647300.0,141694.0,25075.0,-882014.0,-35.1749,0.8283,1.1532,31,44.21,-0.2962
KHI,CPT,Bulk_Carrier,Bauxite,8308.9,16.1,239212.0,46667.0,7338.0,-520016.0,-70.8619,0.8543,0.9544,31,76.94,-0.2762
LAG,SGP,Container_Ship,Auto Parts,11147.2,11.97,1142652.0,72016.0,278392.0,-1115822.0,-4.0081,0.9989,1.0322,68,36.22,-0.2523
JEA,KHI,Tanker,Crude Oil,1207.1,2.2,41390.0,64158.0,15092.0,-123386.0,-8.1754,0.9961,1.0101,55,36.74,-0.0426
CPT,MUM,Container_Ship,Containers,8227.2,9.36,1067245.0,63828.0,108088.0,-1163358.0,-10.763,0.9472,1.0566,42,42.17,-0.3397
HAM,TYO,Tanker,Fuel Oil,8979.6,14.59,281299.0,144416.0,61382.0,-583243.0,-9.5018,0.7959,0.9181,38,55.5,-0.218
SGP,ANT,Container_Ship,Machinery,10551.1,11.48,1343300.0,96534.0,183489.0,-1428542.0,-7.7854,0.8154,1.172,55,49.9,-0.4541
SAN,SYD,Bulk_Carrier,Grain,13322.4,23.12,370723.0,96602.0,44734.0,-769434.0,-17.2001,0.8879,0.9996,55,67.68,-0.3029
MUM,LAG,Tanker,Fuel Oil,7617.6,12.49,265582.0,66128.0,67815.0,-451177.0,-6.653,0.7751,1.0416,33,49.49,-0.1582
COL,RTM,Tanker,Fuel Oil,8401.4,14.44,323069.0,88112.0,76254.0,-551529.0,-7.2328,0.7955,1.1412,68,46.29,-0.1756
CPT,COL,Container_Ship,Electronics,7888.4,8.13,784316.0,50767.0,255091.0,-701871.0,-2.7515,0.882,0.964,30,56.12,-0.2762
CPT,SHA,Container_Ship,Auto Parts,12978.3,15.07,1524048.0,76179.0,210841.0,-1615401.0,-7.6617,0.8105,0.9635,41,74.8,-0.7104
RTM,HOU,LNG_Carrier,LPG,8072.0,10.43,825231.0,144494.0,15483.0,-1110682.0,-71.7367,0.8107,0.9094,20,51.89,-0.4014
COL,CPT,Container_Ship,Electronics,7888.4,8.14,914993.0,51739.0,313921.0,-774961.0,-2.4686,0.8409,1.2443,45,88.34,-0.4801
HAM,JEA,LNG_Carrier,LPG,4892.2,6.65,523585.0,92465.0,19866.0,-695966.0,-35.0325,0.9049,1.0455,69,77.88,-0.4288
KHI,SGP,Bulk_Carrier,Coal,4744.0,9.17,147368.0,68498.0,23072.0,-330310.0,-14.3165,0.8163,1.1216,26,43.78,-0.1151
LAX,CPT,Reefer,Refrigerated Goods,16044.7,20.36,425521.0,92419.0,13569.0,-809733.0,-59.6743,0.9228,1.0212,38,62.93,-0.273
NYK,BUS,Tanker,Chemical,11254.3,21.12,467162.0,122060.0,204998.0,-700961.0,-3.4194,0.9736,1.2385,51,45.4,-0.1979
BUS,TYO,Container_Ship,Containers,959.3,1.04,110193.0,137298.0,80118.0,-183045.0,-2.2847,0.7939,0.9344,37,78.07,-0.1359
LAG,NYK,Bulk_Carrier,Iron Ore,8481.1,16.57,217733.0,105654.0,18821.0,-553066.0,-29.3855,0.8984,1.0581,65,35.6,-0.135
HAM,KHI,LNG_Carrier,LNG,5660.0,7.01,605817.0,83678.0,20689.0,-773927.0,-37.4076,0.8262,0.954,18,40.66,-0.241
HAM,SYD,LNG_Carrier,LPG,16284.4,19.61,1420780.0,113687.0,21951.0,-1806704.0,-82.3056,0.968,1.0798,38,58.91,-0.5664
JEA,SAN,Tanker,Chemical,12181.9,21.99,464984.0,76653.0,144327.0,-727185.0,-5.0384,0.8707,0.9751,18,44.91,-0.197
CPT,SAN,Tanker,Fuel Oil,6297.2,10.95,242487.0,61451.0,72500.0,-395679.0,-5.4576,0.8326,1.0367,64,64.86,-0.1915
HAM,NYK,LNG_Carrier,LPG,6125.8,7.69,650479.0,122847.0,18933.0,-869695.0,-45.936,0.9229,0.9768,40,78.0,-0.5098
SGP,TYO,Tanker,Fuel Oil,5314.4,9.36,181437.0,122051.0,70297.0,-373604.0,-5.3146,0.8405,0.9956,40,88.28,-0.2563
JEA,HAM,Bulk_Carrier,Grain,4892.2,9.83,150137.0,100247.0,42266.0,-355524.0,-8.4116,0.9179,0.9136,64,79.75,-0.2243
RTM,MUM,Container_Ship,Electronics,6887.0,7.42,763905.0,93673.0,263463.0,-705484.0,-2.6777,0.8373,1.0489,32,38.3,-0.1969
ANT,CPT,Tanker,Chemical,9566.7,16.78,353699.0,89892.0,155612.0,-539639.0,-3.4678,0.98,0.9341,62,78.07,-0.2778
KHI,MUM,Bulk_Carrier,Coal,893.2,1.6,21353.0,52927.0,25365.0,-72864.0,-2.8726,0.942,1.0685,60,51.46,-0.0358
BUS,COL,Bulk_Carrier,Coal,5911.7,11.26,166919.0,70873.0,24020.0,-382731.0,-15.934,0.9014,1.0575,48,87.85,-0.2549
CPT,LAX,Reefer,Pharmaceuticals,16044.7,21.78,554471.0,100799.0,110350.0,-871567.0,-7.8982,0.9522,1.2072,38,63.21,-0.2952
LAX,HAM,LNG_Carrier,LNG,9100.3,10.98,944272.0,133278.0,20117.0,-1222182.0,-60.754,0.7506,1.0209,19,46.67,-0.3825
RTM,SYD,Bulk_Carrier,Coal,16689.6,31.06,507691.0,120395.0,24929.0,-1069081.0,-42.8849,0.8722,1.1342,54,48.57,-0.2731
SGP,SHA,Tanker,Chemical,3810.3,6.4,134912.0,97715.0,158354.0,-170334.0,-1.0757,0.8435,1.1043,52,43.18,-0.061
HAM,SYD,LNG_Carrier,LPG,16284.4,21.67,1712012.0,122725.0,19298.0,-2140563.0,-110.9211,0.9282,0.9901,64,83.35,-0.9494
ANT,NYK,Bulk_Carrier,Grain,5881.5,11.62,168762.0,137601.0,41120.0,-439568.0,-10.6899,0.8611,0.9475,70,42.03,-0.1402
HAM,CPT,LNG_Carrier,LPG,9764.5,12.65,1073187.0,82536.0,22786.0,-1322672.0,-58.0477,0.9997,1.0853,37,86.94,-0.7529
RTM,KHI,Container_Ship,Electronics,5993.9,6.39,680598.0,83351.0,253024.0,-606833.0,-2.3983,0.8044,1.0485,61,73.1,-0.3351
BUS,NYK,Container_Ship,Machinery,11254.3,11.55,1287255.0,124956.0,190458.0,-1395042.0,-7.3247,0.9518,1.0422,65,72.16,-0.6262
COL,KHI,Container_Ship,Machinery,2418.3,2.62,281655.0,46349.0,193108.0,-174153.0,-0.9018,0.8245,1.2199,50,50.53,-0.0778
LAX,RTM,Container_Ship,Containers,8985.5,9.44,1127032.0,122183.0,121791.0,-1268975.0,-10.4192,0.9556,1.18,25,77.45,-0.6618
CPT,BUS,LNG_Carrier,LNG,13800.1,17.56,1478369.0,78239.0,20576.0,-1799468.0,-87.4536,0.7812,1.0034,37,82.11,-0.8466
COL,KHI,LNG_Carrier,LPG,2418.3,3.07,237175.0,43176.0,16211.0,-310221.0,-19.1368,0.7695,1.0032,62,32.3,-0.0886
BUS,SGP,LNG_Carrier,LPG,4583.4,5.66,425092.0,94751.0,19155.0,-585636.0,-30.5738,0.9557,0.9544,50,40.87,-0.1919
ANT,SAN,Container_Ship,Containers,9716.8,10.97,1251085.0,85009.0,100119.0,-1400468.0,-13.988,0.9842,0.9419,69,43.98,-0.404
RTM,MUM,Bulk_Carrier,Coal,6887.0,13.58,223289.0,97746.0,18102.0,-506607.0,-27.9867,0.7547,0.9518,19,81.12,-0.2996
COL,LAG,Reefer,Refrigerated Goods,8435.8,11.73,269104.0,56109.0,12525.0,-488614.0,-39.0096,0.8147,1.0677,44,58.0,-0.1947
ANT,CPT,Reefer,Pharmaceuticals,9566.7,13.25,309748.0,81986.0,83706.0,-506798.0,-6.0545,0.8334,1.0463,55,52.54,-0.1756
CPT,LAX,Tanker,Chemical,16044.7,26.65,577330.0,96101.0,172138.0,-900993.0,-5.2341,0.9981,1.0145,58,35.22,-0.17
MUM,ANT,Bulk_Carrier,Grain,6885.8,13.84,207867.0,81464.0,38830.0,-458097.0,-11.7976,0.7863,0.9798,55,71.46,-0.2386
LAG,LAX,Reefer,Perishables,12430.0,16.47,346709.0,104410.0,10258.0,-687889.0,-67.0597,0.9535,0.9961,27,40.31,-0.1659
JEA,HOU,Container_Ship,Auto Parts,13157.3,15.38,1655630.0,108893.0,282132.0,-1713089.0,-6.0719,0.8919,1.1715,70,33.82,-0.3387
NYK,KHI,Tanker,Fuel Oil,11689.8,21.56,496942.0,90832.0,82713.0,-828494.0,-10.0165,0.8471,1.1625,54,84.22,-0.4278
CPT,HAM,Reefer,Frozen Fish,9764.5,13.54,293193.0,89589.0,18116.0,-567691.0,-31.3356,0.89,1.1309,54,50.15,-0.1864
JEA,COL,Reefer,Refrigerated Goods,3316.6,4.4,112589.0,68703.0,10221.0,-237121.0,-23.2001,0.7672,0.9252,56,54.53,-0.1097
NYK,TYO,LNG_Carrier,LNG,10853.1,14.03,1189020.0,164004.0,22329.0,-1541157.0,-69.0205,0.9344,0.9104,33,53.3,-0.5179
HOU,ANT,Container_Ship,Electronics,8102.1,9.38,1020758.0,117864.0,231961.0,-1047423.0,-4.5155,0.8092,0.9555,65,55.87,-0.4071
SHA,SAN,Bulk_Carrier,Grain,18568.6,33.83,474120.0,81607.0,44898.0,-1018205.0,-22.6782,0.9217,0.9665,20,32.63,-0.1659
HOU,SHA,Bulk_Carrier,Iron Ore,12195.4,22.19,360721.0,122435.0,21573.0,-794458.0,-36.8264,0.9769,1.1153,26,36.12,-0.173
MUM,HAM,Container_Ship,Containers,6551.7,7.46,742513.0,97887.0,93829.0,-858499.0,-9.1496,0.9279,0.9363,22,70.46,-0.4468
SYD,TYO,Tanker,Chemical,7825.8,14.15,329411.0,134059.0,172016.0,-503754.0,-2.9285,0.8297,1.2196,36,88.87,-0.3147
JEA,HAM,Tanker,Chemical,4892.2,9.25,204752.0,94035.0,157478.0,-280045.0,-1.7783,0.8281,1.1186,63,49.57,-0.1098
JEA,KHI,Reefer,Perishables,1207.1,1.57,41752.0,64536.0,12457.0,-117324.0,-9.4183,0.9804,1.1765,23,35.02,-0.0386
HAM,SGP,Reefer,Refrigerated Goods,10154.8,14.84,373519.0,108306.0,13693.0,-690738.0,-50.4443,0.8262,1.1509,23,37.7,-0.1682
SGP,ANT,LNG_Carrier,LNG,10551.1,12.62,1041007.0,110421.0,30622.0,-1310044.0,-42.7813,0.9345,1.2484,38,53.2,-0.444
TYO,MUM,Tanker,Chemical,6733.0,11.62,253352.0,106918.0,185341.0,-349297.0,-1.8846,0.9773,1.1156,41,78.48,-0.201
SAN,RTM,Container_Ship,Auto Parts,9775.5,11.64,1131553.0,96895.0,257560.0,-1145531.0,-4.4476,0.8202,1.163,26,33.54,-0.2515
HOU,BUS,Bulk_Carrier,Bauxite,11424.5,21.26,313440.0,120222.0,6898.0,-745698.0,-108.1101,0.7759,0.9878,39,58.82,-0.2713
MUM,KHI,LNG_Carrier,LNG,893.2,1.23,102368.0,53660.0,24397.0,-150052.0,-6.1505,0.9974,0.9318,62,58.68,-0.084
KHI,SYD,Tanker,Chemical,11020.1,20.28,468720.0,87001.0,156141.0,-703788.0,-4.5074,0.7721,1.1896,24,40.98,-0.1808
MUM,NYK,Container_Ship,Auto Parts,12555.7,13.89,1344356.0,108510.0,258443.0,-1402805.0,-5.4279,0.8856,1.0808,27,73.11,-0.6112
HOU,CPT,Tanker,Chemical,13853.3,25.03,578206.0,98407.0,150726.0,-901390.0,-5.9803,0.8246,1.0752,46,86.45,-0.4458
LAG,HAM,LNG_Carrier,LPG,5272.3,6.61,503350.0,83302.0,21587.0,-664184.0,-30.7683,0.9385,1.0952,21,87.08,-0.4502
CPT,HOU,Bulk_Carrier,Iron Ore,13853.3,24.83,399683.0,105684.0,16371.0,-861457.0,-52.6195,0.8748,0.9452,26,59.64,-0.2939
RTM,MUM,Reefer,Perishables,6887.0,8.98,189938.0,84959.0,10540.0,-399027.0,-37.8571,0.8334,1.1711,65,55.97,-0.1628
JEA,NYK,Reefer,Refrigerated Goods,11017.6,15.0,317436.0,109108.0,10785.0,-640811.0,-59.4168,0.7602,0.9852,61,74.54,-0.2995
JEA,SGP,LNG_Carrier,LPG,5858.9,8.03,656077.0,81501.0,19264.0,-838836.0,-43.544,0.8718,1.0523,55,79.08,-0.504
SAN,CPT,Container_Ship,Electronics,6297.2,6.69,727891.0,64896.0,307781.0,-585344.0,-1.9018,0.8465,1.212,57,67.35,-0.2942
RTM,SHA,Bulk_Carrier,Bauxite,8927.2,16.39,271036.0,117122.0,8615.0,-625324.0,-72.5847,0.8565,1.1176,65,89.13,-0.3761
MUM,SHA,Reefer,Perishables,5043.9,6.55,160381.0,88740.0,7989.0,-339371.0,-42.4813,0.7984,0.9265,58,55.78,-0.1488
MUM,LAX,Reefer,Frozen Fish,14043.2,19.89,439676.0,99790.0,16354.0,-821523.0,-50.2325,0.7637,1.1898,66,39.46,-0.1844
KHI,HAM,LNG_Carrier,LNG,5660.0,7.67,613217.0,77870.0,29200.0,-776893.0,-26.6063,0.9334,1.1918,42,78.5,-0.4671
LAG,SGP,LNG_Carrier,LNG,11147.2,13.26,1077786.0,80306.0,18041.0,-1338930.0,-74.2151,0.757,0.908,38,81.92,-0.6848
LAX,RTM,Reefer,Frozen Fish,8985.5,11.59,278808.0,132550.0,15892.0,-569329.0,-35.8255,0.9688,0.9113,69,70.22,-0.2692
COL,LAG,LNG_Carrier,LPG,8435.8,10.3,724063.0,59011.0,19933.0,-917669.0,-46.037,0.8487,1.1184,43,44.62,-0.2813
HOU,LAX,LNG_Carrier,LPG,2204.4,2.81,211627.0,146423.0,19270.0,-380927.0,-19.7676,0.929,0.9877,67,56.62,-0.1927
KHI,TYO,Reefer,Perishables,6926.4,10.11,233134.0,102204.0,9428.0,-477549.0,-50.6545,0.8134,1.0731,54,35.29,-0.1227
RTM,SHA,Tanker,Crude Oil,8927.2,14.99,274913.0,110712.0,10978.0,-599503.0,-54.6096,0.7703,0.9501,57,50.67,-0.205
SYD,LAX,LNG_Carrier,LPG,12054.8,14.48,1134303.0,126792.0,22697.0,-1455606.0,-64.132,0.9079,1.1904,24,72.84,-0.6422
BUS,ANT,Bulk_Carrier,Bauxite,8997.1,18.3,250854.0,115354.0,7704.0,-633000.0,-82.1676,0.871,0.9828,44,40.66,-0.1732
LAG,SYD,Reefer,Pharmaceuticals,15517.5,20.01,499706.0,80934.0,103158.0,-777686.0,-7.5388,0.9645,1.1141,61,35.16,-0.1488
SHA,HOU,Bulk_Carrier,Coal,12195.4,21.2,327184.0,120717.0,27975.0,-737971.0,-26.3793,0.9736,1.1403,55,66.04,-0.2939
JEA,LAX,Tanker,Fuel Oil,13447.6,21.83,497899.0,96730.0,83842.0,-838189.0,-9.9973,0.8699,1.1474,40,31.52,-0.1531
HOU,CPT,Bulk_Carrier,Iron Ore,13853.3,27.87,424794.0,95205.0,18176.0,-919870.0,-50.6099,0.8717,1.0531,50,71.4,-0.3757
ANT,HOU,Reefer,Pharmaceuticals,8102.1,11.06,283565.0,126249.0,94458.0,-481236.0,-5.0947,0.8413,1.1696,28,34.03,-0.1139
MUM,CPT,Tanker,Crude Oil,8227.2,15.49,296569.0,58697.0,17856.0,-569687.0,-31.9045,0.9526,1.2497,40,40.33,-0.1591
RTM,ANT,LNG_Carrier,LPG,78.1,0.1,8260.0,120359.0,18377.0,-111734.0,-6.0803,0.7797,1.1223,63,38.11,-0.0424
KHI,NYK,Reefer,Refrigerated Goods,11689.8,15.93,379972.0,99350.0,14226.0,-704074.0,-49.4912,0.9003,1.0974,38,57.67,-0.2489
JEA,LAG,Tanker,Chemical,5856.7,10.84,216976.0,68160.0,169941.0,-277813.0,-1.6348,0.8694,1.1499,70,89.28,-0.1884
HAM,LAG,Tanker,Chemical,5272.3,9.87,197209.0,94807.0,122142.0,-317911.0,-2.6028,0.7947,0.9041,41,52.29,-0.1294
HAM,NYK,Reefer,Refrigerated Goods,6125.8,8.03,189952.0,145863.0,15092.0,-441182.0,-29.2324,0.9306,1.1263,65,45.23,-0.15
TYO,SGP,LNG_Carrier,LPG,5314.4,6.95,475207.0,135279.0,17646.0,-697097.0,-39.5041,0.8358,1.0053,41,78.21,-0.4237
MUM,RTM,Tanker,Chemical,6887.0,11.18,253943.0,91251.0,172097.0,-340772.0,-1.9801,0.9828,1.0301,47,38.96,-0.0968
SHA,SAN,Tanker,Chemical,18568.6,30.07,646028.0,89640.0,160363.0,-1026400.0,-6.4005,0.8055,1.1712,34,56.0,-0.287
CPT,LAX,Tanker,Chemical,16044.7,26.01,521177.0,96582.0,139736.0,-868194.0,-6.2131,0.7631,1.0771,41,72.25,-0.3361
LAX,JEA,Container_Ship,Auto Parts,13447.6,14.34,1550007.0,112502.0,220192.0,-1657358.0,-7.5269,0.8538,0.9552,43,67.97,-0.6526
MUM,TYO,Reefer,Perishables,6733.0,9.41,237902.0,105812.0,9998.0,-474826.0,-47.4907,0.8103,1.1425,68,54.3,-0.1891
JEA,KHI,Reefer,Frozen Fish,1207.1,1.54,32881.0,60110.0,13737.0,-102286.0,-7.4463,0.7817,0.9762,39,56.29,-0.0541
SYD,ANT,Tanker,Chemical,16725.3,30.22,607722.0,122487.0,197745.0,-985809.0,-4.9853,0.9526,1.2211,60,70.82,-0.3668
COL,JEA,Container_Ship,Machinery,3316.6,3.44,358690.0,58079.0,222945.0,-245444.0,-1.1009,0.9999,1.1613,19,67.91,-0.1414
SYD,MUM,Bulk_Carrier,Coal,10150.5,19.91,277258.0,90592.0,22745.0,-643735.0,-28.3029,0.8245,1.0947,60,59.77,-0.2485
SYD,CPT,Container_Ship,Auto Parts,11011.7,12.94,1549726.0,86540.0,329025.0,-1501361.0,-4.5631,0.9839,1.2385,23,62.04,-0.5841
ANT,JEA,Reefer,Frozen Fish,5160.9,6.59,165239.0,103697.0,15994.0,-351839.0,-21.9984,0.8694,1.0221,61,50.78,-0.1397
SYD,NYK,Reefer,Frozen Fish,15985.3,20.96,445748.0,137168.0,16629.0,-880721.0,-52.9621,0.7846,1.1774,53,73.87,-0.3492
CPT,TYO,LNG_Carrier,LNG,14727.6,18.52,1434132.0,104315.0,23989.0,-1792199.0,-74.7099,0.9536,0.9583,45,81.59,-0.8146
TYO,NYK,Tanker,Crude Oil,10853.1,20.11,393178.0,167780.0,16776.0,-845814.0,-50.4196,0.952,1.1747,55,68.5,-0.3653
BUS,RTM,Bulk_Carrier,Grain,8936.6,17.54,264391.0,121117.0,58927.0,-589612.0,-10.0058,0.9389,1.2452,71,64.47,-0.2564
RTM,SGP,Reefer,Perishables,10534.9,14.95,354247.0,113383.0,9524.0,-682384.0,-71.6468,0.9061,0.9733,42,75.29,-0.3275
CPT,TYO,LNG_Carrier,LNG,14727.6,18.47,1401503.0,101899.0,25536.0,-1754899.0,-68.7236,0.8567,1.1355,70,86.85,-0.849
SAN,HOU,Bulk_Carrier,Iron Ore,7942.5,14.64,207831.0,107597.0,19912.0,-515107.0,-25.869,0.9072,1.1086,19,59.2,-0.2134
MUM,NYK,Container_Ship,Auto Parts,12555.7,14.25,1422760.0,116136.0,275694.0,-1476952.0,-5.3572,0.8181,1.2482,60,58.49,-0.5148
SHA,LAG,Bulk_Carrier,Grain,12229.8,22.58,304905.0,76992.0,57246.0,-663373.0,-11.5881,0.9202,1.2343,33,81.68,-0.3263
TYO,JEA,Reefer,Pharmaceuticals,7963.6,10.31,242845.0,110879.0,97466.0,-410902.0,-4.2159,0.9912,1.0243,71,67.79,-0.1948
NYK,SAN,Bulk_Carrier,Iron Ore,7737.9,14.2,228105.0,105507.0,17640.0,-529039.0,-29.9907,0.7765,1.1474,70,46.84,-0.1748
SYD,HOU,Bulk_Carrier,Iron Ore,13818.5,24.88,350018.0,139211.0,19101.0,-843355.0,-44.1531,0.9164,1.0527,67,36.29,-0.1753
SYD,TYO,Container_Ship,Electronics,7825.8,9.31,1031468.0,125333.0,272124.0,-1024375.0,-3.7644,0.959,0.9458,38,83.6,-0.602
NYK,CPT,Container_Ship,Machinery,12566.3,13.66,1420400.0,101661.0,188593.0,-1538318.0,-8.1568,0.9946,0.9876,71,54.25,-0.4972
TYO,SHA,Tanker,Crude Oil,1754.3,3.3,67259.0,122378.0,13658.0,-225526.0,-16.5122,0.9172,0.9928,18,34.35,-0.0708
SYD,MUM,Reefer,Pharmaceuticals,10150.5,13.58,286992.0,95963.0,87235.0,-499413.0,-5.7249,0.7679,1.1834,58,83.37,-0.269
MUM,KHI,Bulk_Carrier,Bauxite,893.2,1.69,27660.0,50804.0,6790.0,-96961.0,-14.2809,0.8363,0.9021,51,56.1,-0.0519
SAN,TYO,Reefer,Refrigerated Goods,18591.0,23.82,588284.0,103559.0,10282.0,-1038920.0,-101.0441,0.7545,0.9464,51,41.0,-0.2126
SYD,RTM,Reefer,Perishables,16689.6,22.64,536439.0,130400.0,11358.0,-995054.0,-87.6104,0.9436,1.1144,58,65.64,-0.3435
SHA,BUS,Container_Ship,Auto Parts,832.1,0.87,95147.0,100603.0,217013.0,8209.0,0.0378,0.7905,1.0168,40,84.01,0.0066
MUM,LAG,Bulk_Carrier,Coal,7617.6,14.92,247017.0,63823.0,29476.0,-505111.0,-17.1366,0.9569,1.2224,52,57.12,-0.2044
SGP,TYO,Bulk_Carrier,Coal,5314.4,10.42,137342.0,132733.0,26339.0,-400071.0,-15.1894,0.9821,1.0642,38,48.65,-0.1512
SGP,RTM,Tanker,Chemical,10534.9,18.83,354085.0,98032.0,144735.0,-589844.0,-4.0753,0.9283,0.9171,62,72.9,-0.2741
TYO,SGP,LNG_Carrier,LPG,5314.4,7.0,562390.0,117265.0,21255.0,-763423.0,-35.9178,0.8774,1.1535,23,39.53,-0.2345
JEA,ANT,Tanker,Fuel Oil,5160.9,9.47,213195.0,90823.0,74745.0,-371250.0,-4.9669,0.8832,1.0075,31,83.1,-0.2413
TYO,SYD,Container_Ship,Containers,7825.8,8.08,920900.0,137309.0,88556.0,-1090856.0,-12.3182,0.8988,0.9123,19,59.74,-0.4581
LAX,TYO,Bulk_Carrier,Iron Ore,8839.0,16.28,223551.0,138884.0,17551.0,-589048.0,-33.5613,0.7755,1.1431,39,50.08,-0.1997
RTM,SHA,LNG_Carrier,LNG,8927.2,11.25,831707.0,114995.0,30188.0,-1085322.0,-35.9518,0.9802,1.1733,21,65.09,-0.4767
RTM,LAG,Reefer,Frozen Fish,5056.8,6.43,159772.0,91528.0,13916.0,-333826.0,-23.988,0.8191,0.9438,40,30.67,-0.0804
LAX,SHA,Tanker,Crude Oil,10457.0,19.48,371356.0,124919.0,14795.0,-773621.0,-52.2893,0.9023,1.0932,24,44.5,-0.22
HAM,TYO,Tanker,Crude Oil,8979.6,15.37,290501.0,141956.0,12319.0,-650752.0,-52.8254,0.8725,0.9413,19,30.96,-0.1357
TYO,COL,Tanker,Chemical,6846.1,11.35,222241.0,107659.0,159001.0,-341219.0,-2.146,0.8702,1.0749,20,55.64,-0.1386
SAN,MUM,Container_Ship,Electronics,13740.7,16.16,1749573.0,73432.0,276962.0,-1788503.0,-6.4576,0.9337,0.9888,35,86.67,-0.8898
RTM,CPT,Tanker,Fuel Oil,9642.1,17.36,340180.0,83841.0,84209.0,-600142.0,-7.1268,0.8515,1.1774,48,76.7,-0.3027
HOU,ANT,Container_Ship,Containers,8102.1,9.66,1123329.0,131096.0,80334.0,-1318954.0,-16.4185,0.7876,0.9445,69,75.67,-0.6943
HAM,SGP,Bulk_Carrier,Grain,10154.8,19.19,306552.0,108190.0,54429.0,-648161.0,-11.9084,0.9361,1.1537,35,38.06,-0.1593
TYO,HAM,Container_Ship,Containers,8979.6,9.54,1025754.0,142396.0,107645.0,-1203623.0,-11.1814,0.8093,1.2315,68,84.61,-0.6859
HAM,ANT,Tanker,Fuel Oil,453.6,0.73,15445.0,107833.0,85756.0,-48488.0,-0.5654,0.9383,1.088,22,49.79,-0.0236
SAN,TYO,Reefer,Pharmaceuticals,18591.0,26.46,682363.0,114510.0,82425.0,-1111378.0,-13.4835,0.7949,1.0801,71,87.51,-0.4854
KHI,LAX,Container_Ship,Electronics,13476.2,15.29,1773442.0,94117.0,266446.0,-1830406.0,-6.8697,0.8999,0.9869,64,81.32,-0.8615
CPT,ANT,Tanker,Chemical,9566.7,16.91,392539.0,85535.0,157736.0,-573998.0,-3.639,0.7907,1.1735,25,32.6,-0.1234
BUS,KHI,Reefer,Perishables,5990.8,8.76,226001.0,77908.0,12141.0,-423109.0,-34.8491,0.9646,1.1655,61,56.06,-0.1792
SAN,BUS,Tanker,Chemical,18691.4,33.79,620835.0,83123.0,149348.0,-1061445.0,-7.1072,0.9148,0.9604,19,39.94,-0.211
BUS,RTM,Container_Ship,Containers,8936.6,10.73,1159870.0,105719.0,116888.0,-1309583.0,-11.2037,0.9482,1.1414,27,31.46,-0.2779
KHI,COL,Tanker,Chemical,2418.3,4.33,92417.0,42899.0,167355.0,-32945.0,-0.1969,0.906,1.0866,28,60.73,-0.0177
TYO,HAM,Bulk_Carrier,Iron Ore,8979.6,16.53,216028.0,147867.0,16136.0,-595767.0,-36.9218,0.7716,1.0562,68,86.8,-0.3483
COL,SHA,Reefer,Pharmaceuticals,5092.6,6.54,142894.0,76048.0,96191.0,-220798.0,-2.2954,0.8848,1.1324,41,55.33,-0.0958
TYO,HOU,Tanker,Chemical,10740.5,17.54,334761.0,160147.0,169192.0,-588825.0,-3.4802,0.9389,1.06,21,76.58,-0.2854
SGP,COL,Tanker,Chemical,2732.3,4.59,105928.0,69404.0,189269.0,-54859.0,-0.2898,0.9646,1.1543,24,76.22,-0.0364
HAM,KHI,Bulk_Carrier,Bauxite,5660.0,10.27,164909.0,88648.0,8319.0,-399286.0,-47.9992,0.8895,1.0392,67,37.0,-0.1132
MUM,RTM,Container_Ship,Machinery,6887.0,8.1,774120.0,95057.0,161328.0,-829413.0,-5.1412,0.8346,1.0068,27,31.85,-0.1926
COL,SHA,Container_Ship,Containers,5092.6,5.78,686282.0,79298.0,82824.0,-769507.0,-9.2909,0.7995,0.9592,41,51.13,-0.3086
SYD,ANT,LNG_Carrier,LPG,16725.3,19.88,1517407.0,112533.0,16817.0,-1911330.0,-113.6559,0.8179,0.9791,60,49.73,-0.4994
KHI,SGP,Container_Ship,Auto Parts,4744.0,5.32,619043.0,70675.0,211991.0,-557457.0,-2.6296,0.8719,0.9006,36,37.0,-0.1642
COL,BUS,Reefer,Frozen Fish,5911.7,8.66,208193.0,72852.0,20201.0,-390708.0,-19.3411,0.9918,1.1315,39,38.35,-0.1136
BUS,TYO,Bulk_Carrier,Grain,959.3,1.81,27634.0,121700.0,49296.0,-127135.0,-2.579,0.9917,0.9862,67,49.64,-0.06
NYK,JEA,Bulk_Carrier,Iron Ore,11017.6,19.25,254530.0,107499.0,16625.0,-634124.0,-38.142,0.9008,0.9321,56,47.51,-0.1889
SGP,CPT,LNG_Carrier,LNG,9665.9,12.27,871603.0,66948.0,25514.0,-1097064.0,-42.9982,0.9773,0.9946,71,72.99,-0.5262
NYK,RTM,Bulk_Carrier,Coal,5858.2,11.49,179691.0,131633.0,23413.0,-460328.0,-19.6613,0.9568,0.971,63,51.89,-0.1814
HOU,CPT,LNG_Carrier,LNG,13853.3,18.77,1577175.0,93292.0,26928.0,-1925020.0,-71.4867,0.9551,1.0741,54,75.89,-0.8357
RTM,HOU,Bulk_Carrier,Grain,8072.0,15.48,221163.0,128647.0,40025.0,-541998.0,-13.5414,0.8692,0.9137,68,38.27,-0.1445
KHI,NYK,Bulk_Carrier,Grain,11689.8,22.11,301534.0,96677.0,41827.0,-688074.0,-16.4503,0.9014,0.9207,37,51.92,-0.219
BUS,SAN,Reefer,Frozen Fish,18691.4,27.11,632603.0,87194.0,14578.0,-1111908.0,-76.2724,0.7955,1.0181,54,65.28,-0.3613
SHA,BUS,Reefer,Perishables,832.1,1.05,22925.0,112611.0,11099.0,-140172.0,-12.6288,0.9343,1.1,55,84.51,-0.1134
CPT,TYO,Bulk_Carrier,Grain,14727.6,26.43,345038.0,100105.0,43859.0,-797782.0,-18.1898,0.9019,0.9648,36,58.94,-0.2619
SGP,COL,Tanker,Fuel Oil,2732.3,4.5,98760.0,68925.0,86027.0,-149179.0,-1.7341,0.9696,1.0562,37,50.26,-0.0653
LAX,LAG,LNG_Carrier,LNG,12430.0,15.05,1137196.0,102275.0,26196.0,-1438981.0,-54.932,0.8587,1.1621,49,36.78,-0.3167
CPT,SGP,Reefer,Refrigerated Goods,9665.9,12.76,286069.0,76536.0,12769.0,-541308.0,-42.3939,0.796,1.114,25,53.43,-0.19
HOU,MUM,LNG_Carrier,LNG,14456.2,17.61,1202312.0,93497.0,26441.0,-1533535.0,-57.9992,0.8569,1.1755,55,75.54,-0.6506
SGP,BUS,Tanker,Crude Oil,4583.4,7.62,164691.0,86040.0,11321.0,-353715.0,-31.2429,0.7694,0.981,71,45.15,-0.128
ANT,COL,Bulk_Carrier,Bauxite,8396.7,16.78,237186.0,86088.0,10229.0,-564727.0,-55.2071,0.9786,1.1615,37,73.13,-0.2841
MUM,LAX,Tanker,Chemical,14043.2,25.43,539952.0,93095.0,171892.0,-842589.0,-4.9019,0.8303,1.2178,70,73.51,-0.3523
HOU,NYK,Reefer,Frozen Fish,2277.1,2.95,65073.0,142306.0,17320.0,-234293.0,-13.5275,0.8634,1.1145,47,72.37,-0.151
COL,ANT,Container_Ship,Containers,8396.7,8.77,963137.0,77752.0,99015.0,-1073358.0,-10.8404,0.9285,0.9874,20,67.86,-0.5012
SAN,COL,LNG_Carrier,LPG,13986.2,19.3,1603428.0,61394.0,22092.0,-1932290.0,-87.4656,0.8562,1.2286,64,55.98,-0.6163
NYK,SYD,Bulk_Carrier,Iron Ore,15985.3,30.83,407456.0,129850.0,17306.0,-982436.0,-56.767,0.8787,0.9948,60,71.38,-0.3764
TYO,RTM,LNG_Carrier,LPG,9345.2,11.08,786364.0,148428.0,20097.0,-1080843.0,-53.7807,0.8884,1.0772,52,38.63,-0.2775
SAN,SYD,LNG_Carrier,LNG,13322.4,17.76,1245928.0,87743.0,30695.0,-1569375.0,-51.1287,0.978,1.1956,40,83.84,-0.7653
KHI,TYO,Container_Ship,Containers,6926.4,7.92,882861.0,103183.0,120513.0,-984381.0,-8.1683,0.9483,1.1766,49,66.07,-0.4734
NYK,LAX,Reefer,Pharmaceuticals,3948.9,5.23,118741.0,146136.0,72686.0,-270604.0,-3.7229,0.7998,0.9467,51,46.96,-0.1047
SAN,COL,Container_Ship,Auto Parts,13986.2,14.31,1471738.0,62631.0,216318.0,-1532718.0,-7.0855,0.7553,1.0607,24,64.02,-0.5591
JEA,COL,Tanker,Chemical,3316.6,5.59,115798.0,68773.0,186738.0,-81679.0,-0.4374,0.9485,1.1581,38,74.68,-0.0517
SAN,LAG,Bulk_Carrier,Grain,6362.4,12.74,188455.0,67649.0,51732.0,-395497.0,-7.6451,0.8332,1.2319,32,83.2,-0.2449
SGP,BUS,Bulk_Carrier,Coal,4583.4,8.02,120099.0,99248.0,23054.0,-316570.0,-13.7318,0.9413,0.9719,55,76.7,-0.1946
LAG,MUM,LNG_Carrier,LPG,7617.6,9.72,838989.0,66864.0,18049.0,-1033572.0,-57.2633,0.8145,1.0553,18,42.2,-0.309
SHA,ANT,LNG_Carrier,LNG,8980.7,11.68,875489.0,121086.0,29914.0,-1141822.0,-38.1706,0.9285,1.2274,59,68.86,-0.5295
NYK,HAM,Tanker,Chemical,6125.8,10.0,229615.0,130732.0,174797.0,-335515.0,-1.9195,0.8803,1.1681,64,82.4,-0.2077
RTM,SGP,Container_Ship,Machinery,10534.9,12.35,1475728.0,105382.0,223331.0,-1543071.0,-6.9093,0.9474,1.2277,71,89.72,-0.8825
HOU,CPT,Reefer,Refrigerated Goods,13853.3,19.58,511669.0,93745.0,11423.0,-887699.0,-77.7137,0.847,0.9365,39,34.03,-0.1728
HAM,SYD,Bulk_Carrier,Coal,16284.4,29.27,483712.0,128135.0,24571.0,-1026359.0,-41.7717,0.8539,1.1418,66,71.87,-0.3925
ANT,LAX,LNG_Carrier,LNG,9036.9,12.33,895894.0,128254.0,23208.0,-1185879.0,-51.0972,0.9402,0.9403,34,44.68,-0.3561
RTM,NYK,Bulk_Carrier,Coal,5858.2,10.17,136491.0,136592.0,29896.0,-395792.0,-13.2391,0.9972,1.1897,27,54.02,-0.1624
KHI,NYK,Bulk_Carrier,Grain,11689.8,23.66,330254.0,91923.0,54987.0,-722072.0,-13.1317,0.94,1.1607,51,48.37,-0.2141
SHA,HAM,Container_Ship,Auto Parts,8527.4,9.78,1132580.0,115694.0,198142.0,-1196816.0,-6.0402,0.8052,0.9114,19,42.41,-0.3475
HOU,RTM,Tanker,Crude Oil,8072.0,13.84,259489.0,141597.0,10945.0,-597808.0,-54.6216,0.7781,0.9377,22,75.53,-0.3145
LAX,TYO,Container_Ship,Machinery,8839.0,9.1,1024466.0,137919.0,175252.0,-1123606.0,-6.4114,0.991,0.9211,61,57.02,-0.4337
TYO,CPT,Reefer,Perishables,14727.6,21.38,466443.0,113622.0,11890.0,-888864.0,-74.7548,0.8939,1.2317,38,82.11,-0.4065
SHA,CPT,Reefer,Refrigerated Goods,12978.3,18.16,448416.0,78617.0,13222.0,-786216.0,-59.4646,0.8547,1.0742,57,37.45,-0.1731
HAM,LAG,Reefer,Frozen Fish,5272.3,6.92,162030.0,92961.0,16527.0,-342203.0,-20.7061,0.8886,1.0332,55,79.0,-0.2104
TYO,ANT,Container_Ship,Containers,9411.9,10.54,996979.0,140189.0,90176.0,-1205056.0,-13.3633,0.9242,0.9034,64,42.59,-0.3403
CPT,LAX,LNG_Carrier,LNG,16044.7,20.42,1545770.0,84708.0,24086.0,-1912753.0,-79.4146,0.9916,0.9253,35,74.71,-0.7656
HAM,SGP,Bulk_Carrier,Iron Ore,10154.8,19.76,294485.0,111522.0,16646.0,-685808.0,-41.1991,0.8522,0.9865,64,56.07,-0.2483
HAM,ANT,Bulk_Carrier,Iron Ore,453.6,0.9,13622.0,108734.0,13635.0,-122209.0,-8.9627,0.7535,0.9139,23,30.65,-0.0366
HOU,CPT,Reefer,Pharmaceuticals,13853.3,19.96,514363.0,98547.0,77625.0,-834666.0,-10.7525,0.7608,1.0628,28,31.01,-0.1481
HOU,SAN,Bulk_Carrier,Bauxite,7942.5,15.88,214553.0,107017.0,7040.0,-552754.0,-78.5136,0.8368,0.9348,68,66.45,-0.2571
JEA,SYD,Container_Ship,Electronics,12058.9,13.2,1523697.0,103635.0,353744.0,-1471548.0,-4.1599,0.9827,1.1999,38,45.35,-0.4042
BUS,LAX,Bulk_Carrier,Bauxite,9637.7,16.75,240057.0,106231.0,9680.0,-587802.0,-60.7255,0.9689,1.1101,53,64.36,-0.2488
TYO,SYD,Bulk_Carrier,Grain,7825.8,14.3,205026.0,137398.0,56381.0,-500603.0,-8.879,0.9196,1.2165,53,57.06,-0.2008
LAX,RTM,LNG_Carrier,LNG,8985.5,11.95,1016873.0,138452.0,22021.0,-1312510.0,-59.6016,0.8274,1.0139,38,57.88,-0.5115
SAN,KHI,Container_Ship,Machinery,13337.2,14.68,1400866.0,53551.0,224961.0,-1449582.0,-6.4437,0.9782,1.1978,32,48.21,-0.4063
ANT,KHI,Bulk_Carrier,Grain,5992.6,11.17,149549.0,84164.0,46438.0,-354822.0,-7.6407,0.9513,0.9685,37,50.58,-0.1356
HAM,KHI,Bulk_Carrier,Coal,5660.0,10.92,169514.0,75330.0,22146.0,-386438.0,-17.4494,0.9467,0.9283,46,61.14,-0.181
SAN,KHI,Bulk_Carrier,Grain,13337.2,24.35,322651.0,61712.0,53645.0,-695962.0,-12.9734,0.9379,1.1349,47,35.49,-0.1436
SYD,LAG,LNG_Carrier,LPG,15517.5,21.3,1518439.0,85605.0,21600.0,-1901990.0,-88.0557,0.9048,1.1368,50,63.63,-0.6585
KHI,SYD,LNG_Carrier,LPG,11020.1,14.37,986624.0,75012.0,20081.0,-1257036.0,-62.5971,0.8124,1.1771,47,60.87,-0.4797
TYO,MUM,Tanker,Crude Oil,6733.0,11.65,234412.0,115301.0,14042.0,-510458.0,-36.3529,0.8348,1.1213,62,76.23,-0.2854
SYD,BUS,Container_Ship,Machinery,8015.7,8.45,956294.0,117602.0,179576.0,-1021089.0,-5.6861,0.8643,1.0821,64,39.21,-0.2794
LAX,JEA,Reefer,Pharmaceuticals,13447.6,17.27,370685.0,97554.0,73598.0,-653626.0,-8.8811,0.7573,1.0124,57,80.12,-0.3034
BUS,MUM,LNG_Carrier,LNG,5775.4,7.78,611671.0,78851.0,20012.0,-787243.0,-39.3376,0.7876,0.968,70,70.78,-0.4248
NYK,CPT,Tanker,Fuel Oil,12566.3,20.48,420218.0,96498.0,99607.0,-724268.0,-7.2713,0.9874,1.201,44,75.81,-0.3271
LAG,CPT,Tanker,Crude Oil,4761.1,8.76,193255.0,62017.0,13153.0,-373588.0,-28.4042,0.859,1.0207,69,70.48,-0.2094
JEA,ANT,Container_Ship,Containers,5160.9,5.68,628418.0,96079.0,96653.0,-713114.0,-7.3781,0.9088,0.9848,70,54.6,-0.3045
TYO,JEA,Bulk_Carrier,Coal,7963.6,14.11,215266.0,121498.0,18797.0,-529643.0,-28.1763,0.7618,0.9791,67,42.44,-0.1572
ANT,NYK,Reefer,Pharmaceuticals,5881.5,8.09,177565.0,142072.0,102272.0,-338683.0,-3.3116,0.8722,1.2214,42,64.45,-0.1657
LAG,COL,Bulk_Carrier,Coal,8435.8,16.94,249867.0,55465.0,25793.0,-533653.0,-20.6899,0.9425,1.086,51,81.71,-0.2996
SYD,NYK,Tanker,Chemical,15985.3,27.79,634610.0,131504.0,174210.0,-1008734.0,-5.7903,0.8591,1.1928,34,74.29,-0.4022
BUS,SYD,Container_Ship,Electronics,8015.7,9.61,1112179.0,110542.0,243260.0,-1123637.0,-4.6191,0.8066,1.0053,36,81.59,-0.6399
HAM,SYD,Bulk_Carrier,Iron Ore,16284.4,28.33,414993.0,107955.0,15039.0,-932909.0,-62.0329,0.8361,0.9085,42,47.33,-0.2349
SAN,TYO,Bulk_Carrier,Grain,18591.0,32.91,540210.0,116744.0,44597.0,-1106006.0,-24.7998,0.8802,1.0053,41,56.16,-0.31
LAX,SHA,Tanker,Chemical,10457.0,18.68,344360.0,113073.0,135499.0,-602112.0,-4.4437,0.7634,1.044,62,54.41,-0.2094
BUS,LAX,Reefer,Perishables,9637.7,13.87,292983.0,111105.0,12023.0,-600170.0,-49.9197,0.9786,1.1376,59,82.51,-0.3257
MUM,NYK,Bulk_Carrier,Coal,12555.7,22.99,304887.0,116643.0,24482.0,-741951.0,-30.3059,0.8977,1.0823,52,52.65,-0.2328
BUS,LAG,Bulk_Carrier,Iron Ore,12692.5,23.93,344646.0,80278.0,19693.0,-764212.0,-38.8065,0.989,1.0057,43,45.97,-0.2085
LAX,HAM,Tanker,Crude Oil,9100.3,15.13,350240.0,122608.0,13693.0,-686082.0,-50.104,0.9305,0.9811,39,45.71,-0.2103
LAX,KHI,Reefer,Perishables,13476.2,18.89,419275.0,91073.0,9178.0,-784552.0,-85.481,0.7874,1.0793,50,88.72,-0.4029
BUS,RTM,Bulk_Carrier,Bauxite,8936.6,16.54,222639.0,102993.0,10084.0,-563660.0,-55.8944,0.9384,1.194,29,75.64,-0.2876
TYO,ANT,Reefer,Perishables,9411.9,12.32,260020.0,129143.0,9429.0,-564498.0,-59.8667,0.8239,1.0597,39,48.75,-0.1824
SHA,SGP,LNG_Carrier,LNG,3810.3,4.59,386704.0,109232.0,27853.0,-536870.0,-19.2749,0.994,1.0675,52,84.56,-0.3765
NYK,COL,Container_Ship,Electronics,14086.8,16.53,1863931.0,108208.0,320283.0,-1899850.0,-5.9318,0.8651,1.2341,21,40.94,-0.4418
TYO,SAN,Container_Ship,Containers,18591.0,21.06,2065726.0,115697.0,115821.0,-2381573.0,-20.5626,0.9559,1.1219,39,78.36,-0.9313
SYD,CPT,Container_Ship,Electronics,11011.7,12.97,1282295.0,80460.0,291257.0,-1266098.0,-4.347,0.8781,1.1057,42,44.25,-0.3513
SYD,RTM,Container_Ship,Auto Parts,16689.6,17.91,1796695.0,115168.0,251804.0,-1928694.0,-7.6595,0.7855,1.1873,57,86.9,-0.8816
ANT,LAX,Tanker,Fuel Oil,9036.9,14.97,289621.0,121410.0,85284.0,-550300.0,-6.4526,0.9982,1.0171,51,63.52,-0.2349
HAM,SGP,Bulk_Carrier,Coal,10154.8,18.7,283530.0,111386.0,21733.0,-653647.0,-30.0768,0.7796,1.1062,59,70.37,-0.2971
HAM,CPT,Bulk_Carrier,Grain,9764.5,17.84,259888.0,93064.0,47747.0,-572763.0,-11.9958,0.7836,1.209,59,44.99,-0.1687
SAN,HOU,Tanker,Fuel Oil,7942.5,14.0,281702.0,106530.0,73124.0,-525168.0,-7.1819,0.8316,1.0468,47,65.5,-0.2407
KHI,SAN,Tanker,Fuel Oil,13337.2,22.56,449372.0,56923.0,58373.0,-786277.0,-13.4698,0.7713,0.9009,28,41.86,-0.1913
SYD,COL,Tanker,Fuel Oil,8748.1,14.95,285892.0,75466.0,78339.0,-507317.0,-6.4759,0.7555,1.2345,57,76.21,-0.2626
SYD,TYO,Reefer,Pharmaceuticals,7825.8,10.24,244771.0,126872.0,99000.0,-426261.0,-4.3057,0.9588,1.0756,32,74.31,-0.2227
KHI,HAM,Container_Ship,Auto Parts,5660.0,6.32,687876.0,77271.0,239448.0,-620507.0,-2.5914,0.8677,1.0221,32,36.7,-0.1744
SAN,SYD,Container_Ship,Containers,13322.4,15.07,1491383.0,97006.0,109761.0,-1704703.0,-15.5311,0.9082,1.1191,19,63.93,-0.6338
RTM,JEA,Container_Ship,Containers,5176.2,5.65,596947.0,96818.0,89544.0,-688950.0,-7.694,0.8194,1.0118,54,62.08,-0.3343
KHI,JEA,Container_Ship,Machinery,1207.1,1.36,160961.0,54650.0,169920.0,-66128.0,-0.3892,0.8728,1.014,29,75.73,-0.047
SGP,RTM,LNG_Carrier,LNG,10534.9,12.72,988079.0,116785.0,21600.0,-1274094.0,-58.9856,0.8356,0.9847,30,59.96,-0.487
SHA,RTM,Tanker,Chemical,8927.2,15.31,280550.0,110474.0,146067.0,-474640.0,-3.2495,0.7578,1.1338,71,31.75,-0.1017
JEA,RTM,LNG_Carrier,LNG,5176.2,7.12,580563.0,93714.0,23530.0,-757478.0,-32.1923,0.755,1.1873,53,35.68,-0.2113
SAN,NYK,Tanker,Crude Oil,7737.9,12.72,250334.0,119436.0,11440.0,-549093.0,-47.998,0.8245,0.925,46,54.52,-0.2112
SHA,CPT,Reefer,Perishables,12978.3,16.26,352831.0,80918.0,10265.0,-667337.0,-65.0089,0.9637,0.9863,67,80.42,-0.3156
LAX,SHA,Container_Ship,Machinery,10457.0,11.17,1131930.0,126619.0,135580.0,-1290508.0,-9.5185,0.7626,0.9259,65,63.93,-0.5273
TYO,COL,Tanker,Crude Oil,6846.1,12.04,249252.0,111802.0,12583.0,-529043.0,-42.0446,0.8951,0.9371,66,46.76,-0.1806
RTM,MUM,LNG_Carrier,LPG,6887.0,9.03,773710.0,91512.0,22171.0,-978442.0,-44.1323,0.97,1.0883,51,44.11,-0.3146
RTM,NYK,Bulk_Carrier,Iron Ore,5858.2,11.45,149949.0,139100.0,21677.0,-439182.0,-20.2607,0.902,1.2137,68,44.6,-0.1488
SHA,TYO,Bulk_Carrier,Iron Ore,1754.3,3.55,51042.0,141184.0,15400.0,-230148.0,-14.9445,0.805,0.9662,43,42.29,-0.0889
MUM,RTM,LNG_Carrier,LNG,6887.0,8.62,681765.0,95455.0,23146.0,-883311.0,-38.1626,0.8124,1.0854,40,42.46,-0.2734
MUM,HAM,Reefer,Pharmaceuticals,6551.7,8.9,211363.0,82948.0,70247.0,-357547.0,-5.0899,0.7565,0.9673,34,67.32,-0.1778
KHI,LAG,Container_Ship,Machinery,7048.8,7.46,809487.0,53027.0,217142.0,-757259.0,-3.4874,0.9642,1.1729,23,38.45,-0.2109
LAG,SAN,Bulk_Carrier,Iron Ore,6362.4,11.11,160694.0,61492.0,21544.0,-367341.0,-17.051,0.958,1.1358,37,45.35,-0.124
ANT,LAG,Bulk_Carrier,Bauxite,4978.7,8.69,136317.0,89287.0,8527.0,-347436.0,-40.7467,0.9482,0.9992,37,81.46,-0.223
ANT,BUS,Tanker,Chemical,8997.1,15.3,352370.0,106413.0,187237.0,-500978.0,-2.6756,0.9755,1.1291,63,43.56,-0.1469
SAN,KHI,Reefer,Frozen Fish,13337.2,17.48,464947.0,55193.0,21898.0,-760369.0,-34.7239,0.9929,1.2252,18,56.81,-0.2511
KHI,MUM,Container_Ship,Containers,893.2,1.04,101141.0,55955.0,95508.0,-77238.0,-0.8087,0.9495,0.9313,24,49.22,-0.0363
HAM,RTM,Reefer,Perishables,406.5,0.53,12942.0,121016.0,10622.0,-131346.0,-12.3657,0.8503,1.1566,55,64.61,-0.083
CPT,JEA,Reefer,Frozen Fish,7606.3,11.03,230668.0,61839.0,17308.0,-440579.0,-25.4556,0.8535,1.1265,23,44.29,-0.1383
SHA,COL,Tanker,Fuel Oil,5092.6,8.25,166875.0,78069.0,98223.0,-270429.0,-2.7532,0.9486,1.2327,26,30.21,-0.0641
RTM,MUM,Reefer,Refrigerated Goods,6887.0,8.69,209532.0,100705.0,16171.0,-424368.0,-26.2421,0.9236,1.2159,66,45.89,-0.1419
HAM,SHA,Tanker,Chemical,8527.4,14.22,266268.0,108704.0,134594.0,-453698.0,-3.3709,0.7951,0.9957,32,46.67,-0.145
SAN,HAM,Tanker,Chemical,10166.5,18.29,413312.0,104441.0,177625.0,-614511.0,-3.4596,0.9719,1.0751,21,69.53,-0.2759
MUM,TYO,Bulk_Carrier,Grain,6733.0,11.67,162311.0,122759.0,56395.0,-403786.0,-7.16,0.9784,1.1436,55,85.42,-0.253
SHA,NYK,Tanker,Crude Oil,11860.8,21.8,508191.0,136119.0,12217.0,-959042.0,-78.4998,0.9008,0.9042,60,83.18,-0.4863
LAG,BUS,Reefer,Frozen Fish,12692.5,17.72,415189.0,85799.0,17705.0,-749143.0,-42.3134,0.947,1.0387,25,77.56,-0.3448
HAM,LAG,Reefer,Refrigerated Goods,5272.3,7.27,180418.0,93672.0,15171.0,-368029.0,-24.2583,0.9707,1.0854,59,78.24,-0.2241
SYD,SGP,Container_Ship,Containers,6299.1,7.39,859643.0,102287.0,91901.0,-980816.0,-10.6725,0.7526,1.1307,27,73.09,-0.5349
KHI,RTM,Tanker,Chemical,5993.9,10.0,217799.0,89785.0,198118.0,-259491.0,-1.3098,0.9912,1.1757,68,42.69,-0.0837
ANT,SGP,LNG_Carrier,LNG,10551.1,13.61,940130.0,107172.0,26184.0,-1225306.0,-46.7961,0.9837,1.014,22,60.38,-0.4713
RTM,NYK,Bulk_Carrier,Iron Ore,5858.2,11.91,166707.0,134771.0,20521.0,-459542.0,-22.3935,0.9123,1.136,25,31.23,-0.109
SAN,KHI,Tanker,Crude Oil,13337.2,23.32,439590.0,53920.0,12684.0,-830649.0,-65.4879,0.751,1.126,58,62.45,-0.3016
SAN,HOU,Container_Ship,Electronics,7942.5,8.31,847410.0,98279.0,334903.0,-735479.0,-2.1961,0.959,1.1641,47,37.36,-0.1923
HAM,LAG,Container_Ship,Machinery,5272.3,6.13,684890.0,95597.0,182321.0,-690123.0,-3.7852,0.863,1.1003,62,56.43,-0.3031
SHA,TYO,Bulk_Carrier,Bauxite,1754.3,3.11,41329.0,147159.0,8626.0,-226511.0,-26.2593,0.9216,1.04,61,89.68,-0.1856
MUM,BUS,Tanker,Chemical,5775.4,9.37,198960.0,85046.0,131879.0,-292697.0,-2.2194,0.7709,1.0064,66,79.66,-0.1777
JEA,HOU,Reefer,Pharmaceuticals,13157.3,19.32,501163.0,114152.0,101474.0,-803642.0,-7.9197,0.8855,1.1937,60,36.16,-0.1699
LAX,NYK,Container_Ship,Auto Parts,3948.9,4.49,529477.0,135386.0,243475.0,-488711.0,-2.0072,0.9801,0.9201,42,55.27,-0.2226
CPT,SAN,Bulk_Carrier,Iron Ore,6297.2,11.02,171757.0,63801.0,21596.0,-379321.0,-17.5643,0.9083,1.2009,49,80.05,-0.2266
SYD,LAX,Reefer,Refrigerated Goods,12054.8,17.47,444128.0,134823.0,11974.0,-828997.0,-69.2308,0.8367,0.9938,32,39.69,-0.1993
LAG,RTM,Bulk_Carrier,Coal,5056.8,9.06,149453.0,83910.0,23673.0,-345578.0,-14.598,0.9001,1.0437,32,50.42,-0.1369
BUS,SAN,Tanker,Crude Oil,18691.4,34.93,765416.0,88831.0,14921.0,-1363342.0,-91.3715,0.8466,1.175,19,32.99,-0.2239
JEA,SHA,Container_Ship,Machinery,6458.3,6.94,765522.0,85913.0,213163.0,-742348.0,-3.4825,0.9642,1.1514,18,46.98,-0.2586
SHA,SYD,Reefer,Pharmaceuticals,7881.4,10.81,236239.0,101798.0,111276.0,-388872.0,-3.4947,0.9611,1.2061,30,60.53,-0.1651
TYO,COL,Container_Ship,Electronics,6846.1,7.66,851546.0,115300.0,296922.0,-784846.0,-2.6433,0.9326,1.0613,60,76.5,-0.4384
TYO,JEA,Tanker,Fuel Oil,7963.6,14.21,291567.0,127829.0,68832.0,-563779.0,-8.1907,0.8869,0.9239,29,59.14,-0.2332
NYK,KHI,LNG_Carrier,LNG,11689.8,13.96,1162829.0,106326.0,25863.0,-1452659.0,-56.1684,0.8803,1.1192,40,54.69,-0.487
ANT,MUM,LNG_Carrier,LNG,6885.8,8.61,611362.0,85289.0,18889.0,-806950.0,-42.7205,0.7797,0.923,58,57.04,-0.3355
BUS,MUM,Reefer,Perishables,5775.4,8.22,207002.0,87579.0,8587.0,-409256.0,-47.6579,0.8514,0.9339,44,74.48,-0.2323
ANT,LAX,Container_Ship,Electronics,9036.9,10.38,1018817.0,111517.0,246079.0,-1039916.0,-4.226,0.9009,0.9105,37,40.89,-0.2857
NYK,LAG,LNG_Carrier,LNG,8481.1,11.55,859329.0,109093.0,20882.0,-1120779.0,-53.6729,0.8439,0.9427,38,35.33,-0.2716
BUS,HOU,Tanker,Fuel Oil,11424.5,19.13,366711.0,116367.0,91313.0,-678704.0,-7.4327,0.9329,1.1653,41,79.99,-0.3358
NYK,JEA,Bulk_Carrier,Grain,11017.6,22.2,333965.0,103561.0,42899.0,-727662.0,-16.9621,0.8051,1.0573,34,64.1,-0.2924
TYO,COL,Container_Ship,Containers,6846.1,7.87,763472.0,109386.0,87034.0,-903937.0,-10.386,0.8408,0.9584,60,78.15,-0.5158
SYD,KHI,LNG_Carrier,LNG,11020.1,14.17,1173890.0,73132.0,25368.0,-1434181.0,-56.5356,0.9095,1.0625,51,62.46,-0.5616
TYO,SHA,LNG_Carrier,LPG,1754.3,2.3,173901.0,122540.0,21230.0,-309724.0,-14.5891,0.8122,1.2447,52,80.03,-0.2264
KHI,LAX,Container_Ship,Electronics,13476.2,14.51,1548520.0,95093.0,311541.0,-1549795.0,-4.9746,0.9331,1.1129,55,65.59,-0.5884
SGP,LAX,Reefer,Frozen Fish,14141.5,20.05,513945.0,108938.0,19372.0,-904250.0,-46.6778,0.9935,1.0833,52,65.56,-0.3362
JEA,SYD,Bulk_Carrier,Grain,12058.9,23.31,321063.0,103922.0,48130.0,-726559.0,-15.0957,0.8836,1.0808,41,58.09,-0.2556
MUM,LAG,Bulk_Carrier,Iron Ore,7617.6,15.16,203805.0,64415.0,14657.0,-480941.0,-32.8134,0.7859,0.9419,52,46.34,-0.1579
HAM,COL,Bulk_Carrier,Bauxite,8074.9,14.58,212369.0,85220.0,8338.0,-507886.0,-60.9121,0.9008,1.0284,58,60.99,-0.2157
ANT,HAM,Tanker,Crude Oil,453.6,0.8,16371.0,108725.0,12796.0,-124238.0,-9.709,0.8746,0.9753,49,59.98,-0.0727
SGP,LAG,Container_Ship,Containers,11147.2,13.33,1273672.0,74705.0,102178.0,-1446130.0,-14.153,0.8182,1.1563,23,47.01,-0.4244
SAN,SGP,Bulk_Carrier,Bauxite,15934.4,32.16,509557.0,84894.0,8596.0,-1068227.0,-124.2761,0.7986,1.1959,68,44.27,-0.2542
COL,SGP,LNG_Carrier,LNG,2732.3,3.37,245249.0,65239.0,18925.0,-342123.0,-18.0776,0.7949,0.907,51,60.75,-0.1811
SYD,ANT,LNG_Carrier,LPG,16725.3,22.22,1620115.0,119031.0,20715.0,-2051779.0,-99.0469,0.9689,1.0181,49,52.28,-0.5636
KHI,SAN,Container_Ship,Auto Parts,13337.2,14.7,1574746.0,58148.0,305539.0,-1547787.0,-5.0658,0.9418,1.2016,61,35.67,-0.321
BUS,KHI,Tanker,Crude Oil,5990.8,10.68,207830.0,69204.0,12550.0,-424706.0,-33.84,0.755,1.1082,19,44.18,-0.1418
LAX,SHA,Bulk_Carrier,Grain,10457.0,20.89,338396.0,130302.0,43665.0,-738419.0,-16.9109,0.7634,1.135,47,85.68,-0.4044
RTM,SYD,Container_Ship,Electronics,16689.6,19.76,1875841.0,131213.0,213989.0,-2089466.0,-9.7644,0.7562,0.9433,48,42.83,-0.4707
MUM,TYO,Tanker,Crude Oil,6733.0,12.01,240128.0,120397.0,12942.0,-527718.0,-40.7758,0.8221,1.0494,57,66.65,-0.2579
SGP,NYK,Container_Ship,Electronics,15342.9,18.21,1922356.0,124832.0,302604.0,-2017767.0,-6.668,0.9746,1.0349,24,30.06,-0.3317
ANT,SHA,Tanker,Crude Oil,8980.7,15.34,303256.0,113102.0,17675.0,-628815.0,-35.5756,0.9648,1.2213,53,89.3,-0.3782
HOU,LAX,Container_Ship,Containers,2204.4,2.55,265460.0,141170.0,93095.0,-351742.0,-3.7783,0.8526,1.0111,56,87.38,-0.2747
SHA,SGP,Container_Ship,Electronics,3810.3,4.38,520698.0,102895.0,231315.0,-457978.0,-1.9799,0.78,0.9885,29,34.72,-0.1319
TYO,HAM,Reefer,Refrigerated Goods,8979.6,11.23,237770.0,136780.0,11914.0,-531153.0,-44.5835,0.8923,0.9272,67,52.81,-0.1889
CPT,LAG,Bulk_Carrier,Iron Ore,4761.1,8.29,125148.0,55172.0,23210.0,-281512.0,-12.129,0.9999,1.1723,45,44.77,-0.1003
MUM,KHI,Container_Ship,Machinery,893.2,1.04,100291.0,53396.0,143307.0,-25923.0,-0.1809,0.7717,0.9671,20,51.09,-0.0126
TYO,LAG,Reefer,Frozen Fish,13474.1,19.27,433041.0,117833.0,13474.0,-826388.0,-61.33,0.8096,0.9246,28,47.85,-0.2289
MUM,BUS,Bulk_Carrier,Iron Ore,5775.4,10.03,149949.0,87454.0,16387.0,-371460.0,-22.6674,0.8634,0.9586,39,62.1,-0.1759
SHA,BUS,Bulk_Carrier,Coal,832.1,1.47,21937.0,111128.0,18187.0,-136967.0,-7.5312,0.7654,0.9429,47,40.53,-0.0531
HOU,JEA,Container_Ship,Containers,13157.3,14.65,1535024.0,117333.0,98468.0,-1773590.0,-18.0119,0.7756,1.1755,33,41.04,-0.4256
LAX,MUM,Tanker,Fuel Oil,14043.2,26.01,496098.0,102852.0,78902.0,-910232.0,-11.5362,0.7625,1.2319,35,84.7,-0.4385
MUM,SAN,Tanker,Fuel Oil,13740.7,25.71,512659.0,62919.0,96355.0,-864940.0,-8.9766,0.9228,1.243,56,47.48,-0.2357
HOU,RTM,Tanker,Fuel Oil,8072.0,14.85,326598.0,134080.0,83071.0,-600430.0,-7.2279,0.9222,1.0724,37,31.09,-0.13
ANT,JEA,Reefer,Pharmaceuticals,5160.9,7.53,168865.0,94368.0,108695.0,-267468.0,-2.4607,0.9373,1.208,37,30.7,-0.0642
BUS,RTM,Tanker,Chemical,8936.6,14.71,319072.0,122495.0,163570.0,-498580.0,-3.0481,0.8313,1.1575,70,43.31,-0.1457
COL,ANT,LNG_Carrier,LNG,8396.7,10.74,845051.0,91058.0,26935.0,-1070227.0,-39.7344,0.8617,1.1908,31,82.37,-0.6065
MUM,SHA,Bulk_Carrier,Coal,5043.9,10.23,166538.0,84797.0,18404.0,-386433.0,-20.9977,0.768,0.9509,25,43.92,-0.1334
SAN,SYD,Reefer,Refrigerated Goods,13322.4,17.56,406508.0,96810.0,14586.0,-752149.0,-51.5674,0.9676,1.0469,54,49.2,-0.2152
LAG,COL,LNG_Carrier,LPG,8435.8,11.29,968803.0,59026.0,19321.0,-1177910.0,-60.9657,0.7673,1.199,40,41.5,-0.3359
HOU,ANT,Reefer,Refrigerated Goods,8102.1,11.01,268433.0,137461.0,11215.0,-559775.0,-49.9136,0.7595,1.0254,54,58.72,-0.2286
MUM,TYO,Reefer,Perishables,6733.0,8.77,183105.0,106840.0,8276.0,-413185.0,-49.924,0.7874,0.9733,36,52.51,-0.1591
SAN,TYO,LNG_Carrier,LNG,18591.0,24.36,2042933.0,118148.0,21655.0,-2504853.0,-115.6701,0.8546,0.9653,55,70.18,-0.8772
LAX,KHI,Reefer,Frozen Fish,13476.2,19.47,502243.0,93615.0,14419.0,-873531.0,-60.5801,0.8601,0.9314,24,40.78,-0.2062
HAM,ANT,Reefer,Perishables,453.6,0.61,13595.0,117794.0,8738.0,-131733.0,-15.0764,0.8338,0.9704,23,35.18,-0.0452
ANT,RTM,Bulk_Carrier,Iron Ore,78.1,0.16,2082.0,114483.0,15775.0,-103150.0,-6.5387,0.8136,0.9792,61,53.32,-0.0548
SAN,HOU,Reefer,Pharmaceuticals,7942.5,10.59,266662.0,107053.0,93239.0,-439275.0,-4.7113,0.96,1.0117,35,34.49,-0.106
LAG,RTM,LNG_Carrier,LNG,5056.8,6.13,441824.0,90546.0,20221.0,-604155.0,-29.8782,0.7539,1.0218,64,42.72,-0.2027
RTM,SGP,Bulk_Carrier,Grain,10534.9,19.66,260521.0,115688.0,42713.0,-628341.0,-14.7108,0.8702,0.9738,39,37.07,-0.1485
HAM,BUS,Tanker,Crude Oil,8550.1,16.08,371231.0,107889.0,16750.0,-703582.0,-42.0038,0.9279,1.2035,51,38.55,-0.1856
ANT,BUS,LNG_Carrier,LPG,8997.1,12.28,834302.0,105631.0,24880.0,-1099204.0,-44.1802,0.9963,1.1892,31,64.17,-0.4747
SAN,MUM,LNG_Carrier,LPG,13740.7,18.63,1605416.0,72825.0,23242.0,-1934402.0,-83.228,0.9296,1.1906,25,89.82,-0.9974
RTM,COL,LNG_Carrier,LPG,8401.4,10.61,850695.0,82046.0,20094.0,-1071800.0,-53.3384,0.9542,1.0028,30,50.39,-0.3715
CPT,MUM,Container_Ship,Electronics,8227.2,8.95,1068735.0,59819.0,310522.0,-952269.0,-3.0667,0.9565,1.0822,39,68.15,-0.4494
NYK,LAG,Container_Ship,Electronics,8481.1,9.22,924218.0,112369.0,273143.0,-901716.0,-3.3013,0.9658,0.9427,39,57.89,-0.3581
RTM,BUS,Tanker,Crude Oil,8936.6,14.48,289298.0,109927.0,14528.0,-601929.0,-41.4333,0.9909,0.9774,50,52.35,-0.2125
NYK,LAG,Reefer,Frozen Fish,8481.1,11.05,230684.0,102880.0,15082.0,-484176.0,-32.1034,0.9178,0.9129,24,40.45,-0.1343
MUM,RTM,Bulk_Carrier,Iron Ore,6887.0,12.44,178446.0,87676.0,15209.0,-437512.0,-28.7664,0.787,0.9761,33,36.3,-0.1158
SHA,KHI,Bulk_Carrier,Coal,5340.0,9.25,140321.0,78003.0,25568.0,-331447.0,-12.9634,0.8371,1.212,25,34.18,-0.0879
HOU,JEA,Bulk_Carrier,Iron Ore,13157.3,22.94,377360.0,99708.0,19641.0,-801563.0,-40.8115,0.9398,1.0555,60,78.01,-0.3656
BUS,HOU,Reefer,Pharmaceuticals,11424.5,15.74,388749.0,114641.0,92250.0,-647302.0,-7.0168,0.8433,1.1395,56,68.57,-0.2745
BUS,CPT,LNG_Carrier,LNG,13800.1,17.33,1377331.0,84058.0,23177.0,-1698158.0,-73.2702,0.7847,1.1252,53,82.72,-0.8049
KHI,MUM,LNG_Carrier,LPG,893.2,1.12,92076.0,49862.0,22773.0,-135984.0,-5.9712,0.9046,1.1989,39,41.0,-0.0532
TYO,HOU,Bulk_Carrier,Bauxite,10740.5,20.88,342109.0,161355.0,7193.0,-809504.0,-112.5346,0.7764,1.0295,34,72.15,-0.3697
CPT,ANT,LNG_Carrier,LNG,9566.7,12.68,975987.0,92248.0,21675.0,-1236744.0,-57.0579,0.7942,1.0397,67,30.07,-0.2452
HOU,SHA,Reefer,Frozen Fish,12195.4,15.61,401848.0,119462.0,18300.0,-737214.0,-40.2845,0.9913,1.0256,27,55.72,-0.2477
KHI,SAN,Tanker,Fuel Oil,13337.2,22.49,509634.0,56807.0,91434.0,-812324.0,-8.8843,0.8946,1.2167,59,51.14,-0.2415
KHI,SGP,LNG_Carrier,LNG,4744.0,6.19,489080.0,68680.0,26111.0,-624462.0,-23.9159,0.8717,1.1411,29,36.45,-0.1812
LAX,RTM,LNG_Carrier,LNG,8985.5,12.32,944604.0,137134.0,24389.0,-1242190.0,-50.9318,0.832,1.1168,46,42.61,-0.3564
ANT,JEA,LNG_Carrier,LNG,5160.9,6.34,439740.0,87323.0,25601.0,-596509.0,-23.2998,0.8094,1.2049,29,67.88,-0.3166
COL,ANT,Tanker,Chemical,8396.7,14.68,278202.0,81933.0,138686.0,-441687.0,-3.1848,0.8535,0.9558,20,42.32,-0.1286
COL,JEA,Bulk_Carrier,Bauxite,3316.6,6.17,82754.0,67342.0,8461.0,-234112.0,-27.6708,0.7733,1.2156,43,81.85,-0.1625
JEA,ANT,Reefer,Perishables,5160.9,7.52,195083.0,99843.0,12208.0,-395484.0,-32.395,0.9044,1.2499,33,61.28,-0.1895
BUS,SAN,LNG_Carrier,LPG,18691.4,24.42,1687254.0,86105.0,23712.0,-2115900.0,-89.2322,0.9662,1.1687,29,50.62,-0.5331
JEA,COL,Tanker,Crude Oil,3316.6,5.65,106679.0,66542.0,13791.0,-244125.0,-17.7015,0.8418,1.0922,29,45.43,-0.0941
BUS,NYK,Bulk_Carrier,Bauxite,11254.3,22.67,326480.0,135752.0,9146.0,-793182.0,-86.7239,0.898,1.1316,68,63.63,-0.3139
KHI,BUS,LNG_Carrier,LPG,5990.8,8.12,565486.0,68365.0,16661.0,-738998.0,-44.3548,0.837,0.9479,67,60.95,-0.3403
LAX,HAM,Tanker,Fuel Oil,9100.3,17.05,319818.0,130857.0,82404.0,-623990.0,-7.5724,0.8529,1.1502,70,76.82,-0.3214
JEA,SHA,LNG_Carrier,LNG,6458.3,8.53,717252.0,84477.0,19766.0,-909985.0,-46.0372,0.8293,0.908,58,34.93,-0.2357
LAG,SHA,Tanker,Fuel Oil,12229.8,21.9,429613.0,89913.0,67493.0,-780485.0,-11.5639,0.8574,0.9372,45,46.89,-0.2204
CPT,LAG,Tanker,Crude Oil,4761.1,8.01,184828.0,57952.0,13143.0,-349850.0,-26.6182,0.8874,0.9874,32,69.28,-0.1928
COL,HAM,Container_Ship,Auto Parts,8074.9,9.29,988370.0,82904.0,285712.0,-924952.0,-3.2374,0.858,1.2334,40,85.52,-0.5508
SYD,SGP,Reefer,Refrigerated Goods,6299.1,8.93,206860.0,103807.0,12840.0,-431831.0,-33.6326,0.9338,0.9549,24,80.98,-0.261
SAN,LAX,LNG_Carrier,LNG,9942.3,11.92,988383.0,92311.0,23863.0,-1235618.0,-51.7794,0.9512,0.9557,64,54.87,-0.4411
NYK,RTM,Bulk_Carrier,Coal,5858.2,10.21,169389.0,133269.0,29364.0,-426448.0,-14.5227,0.983,1.1855,59,51.84,-0.1679
SYD,MUM,Tanker,Crude Oil,10150.5,17.85,329450.0,89738.0,12478.0,-674395.0,-54.0486,0.848,0.9809,27,38.55,-0.168
JEA,SGP,LNG_Carrier,LPG,5858.9,7.28,572255.0,88153.0,19505.0,-750083.0,-38.4568,0.9031,1.0284,36,59.03,-0.3364
LAG,KHI,Tanker,Chemical,7048.8,11.92,228021.0,55102.0,165092.0,-296855.0,-1.7981,0.797,1.2185,52,35.0,-0.0752
KHI,JEA,Tanker,Chemical,1207.1,2.06,47126.0,59457.0,157225.0,19781.0,0.1258,0.7515,1.2307,61,79.39,0.0147
BUS,SGP,Bulk_Carrier,Coal,4583.4,8.67,116161.0,90072.0,25676.0,-310649.0,-12.099,0.9599,1.0615,64,53.3,-0.1327
TYO,SGP,LNG_Carrier,LNG,5314.4,7.17,620965.0,129873.0,28446.0,-829876.0,-29.1739,0.9106,1.19,52,74.54,-0.4807
HOU,LAX,LNG_Carrier,LNG,2204.4,2.98,204792.0,147818.0,23929.0,-373333.0,-15.6016,0.9006,1.0122,63,66.86,-0.2231
TYO,SHA,Tanker,Chemical,1754.3,3.03,64998.0,136040.0,143035.0,-103448.0,-0.7232,0.7551,1.1142,30,72.78,-0.0688
MUM,LAG,Tanker,Chemical,7617.6,14.08,277226.0,66968.0,128606.0,-426853.0,-3.3191,0.7717,0.9803,69,74.17,-0.2243
SHA,ANT,LNG_Carrier,LPG,8980.7,12.09,1027757.0,120363.0,19842.0,-1309687.0,-66.0063,0.8891,1.0627,63,71.92,-0.6343
CPT,HOU,LNG_Carrier,LNG,13853.3,17.48,1341129.0,103634.0,26963.0,-1680047.0,-62.3093,0.8434,1.2179,66,43.03,-0.4135
TYO,HOU,Container_Ship,Containers,10740.5,12.5,1379502.0,155049.0,98186.0,-1623814.0,-16.5382,0.8478,1.0723,25,63.12,-0.6487
LAG,ANT,Bulk_Carrier,Grain,4978.7,8.67,118246.0,95997.0,48539.0,-295682.0,-6.0917,0.9041,1.0652,42,55.12,-0.1285
SGP,HOU,LNG_Carrier,LNG,16004.8,21.83,1816595.0,109236.0,21541.0,-2231735.0,-103.6026,0.8005,1.0251,34,30.04,-0.3596
LAG,KHI,LNG_Carrier,LPG,7048.8,9.03,712817.0,48487.0,19583.0,-877188.0,-44.794,0.7587,1.2291,26,81.28,-0.5164
MUM,LAG,Container_Ship,Containers,7617.6,8.4,857395.0,58303.0,104144.0,-937554.0,-9.0024,0.9633,1.001,70,74.63,-0.4958
HOU,RTM,Reefer,Refrigerated Goods,8072.0,11.48,298516.0,126431.0,15332.0,-581834.0,-37.9501,0.8612,1.2363,28,62.28,-0.2524
COL,JEA,Tanker,Crude Oil,3316.6,6.26,129030.0,61296.0,11368.0,-272861.0,-24.0023,0.795,0.9533,46,86.18,-0.1994
NYK,LAX,Container_Ship,Machinery,3948.9,4.4,457428.0,126212.0,182398.0,-467219.0,-2.5615,0.993,0.9567,68,66.2,-0.2549
HOU,LAX,Container_Ship,Auto Parts,2204.4,2.61,274670.0,121953.0,246671.0,-189127.0,-0.7667,0.9704,0.9414,58,78.4,-0.1325
LAG,SHA,Bulk_Carrier,Coal,12229.8,21.43,315601.0,81842.0,26380.0,-692562.0,-26.2534,0.9489,1.1032,24,46.44,-0.1937
COL,RTM,Container_Ship,Electronics,8401.4,9.91,1169768.0,89541.0,300142.0,-1107809.0,-3.6909,0.8705,1.1493,71,33.95,-0.2587
HOU,COL,Container_Ship,Electronics,15903.9,18.72,2206708.0,95969.0,243136.0,-2340345.0,-9.6257,0.8959,0.9046,37,77.22,-0.9723
RTM,HOU,Bulk_Carrier,Coal,8072.0,14.35,217798.0,121436.0,23830.0,-530712.0,-22.2704,0.9534,0.9919,49,68.37,-0.2527
ANT,CPT,Bulk_Carrier,Coal,9566.7,17.84,266517.0,77697.0,21176.0,-590623.0,-27.8913,0.8635,0.9732,32,87.61,-0.3412
ANT,COL,Reefer,Frozen Fish,8396.7,12.22,270702.0,79585.0,16232.0,-517411.0,-31.8758,0.9767,0.9233,62,77.01,-0.2742
ANT,LAG,Bulk_Carrier,Coal,4978.7,9.89,154720.0,83777.0,23999.0,-362838.0,-15.1187,0.8732,1.0907,37,34.55,-0.0988
JEA,HOU,LNG_Carrier,LNG,13157.3,16.07,1113315.0,117184.0,26388.0,-1445191.0,-54.7677,0.8684,1.1575,18,41.29,-0.3489
CPT,NYK,Container_Ship,Auto Parts,12566.3,13.82,1653509.0,105553.0,301200.0,-1665152.0,-5.5284,0.9743,1.145,53,53.3,-0.5288
HOU,BUS,Bulk_Carrier,Iron Ore,11424.5,21.46,315795.0,118547.0,18273.0,-737971.0,-40.3866,0.9152,1.0084,51,82.02,-0.3743
ANT,CPT,Container_Ship,Electronics,9566.7,10.23,1115103.0,83818.0,328608.0,-1023697.0,-3.1153,0.901,1.2158,43,69.37,-0.4683
CPT,COL,Tanker,Fuel Oil,7888.4,13.11,290208.0,57051.0,74833.0,-469137.0,-6.2691,0.8353,1.0666,35,58.68,-0.193
LAX,SYD,Tanker,Crude Oil,12054.8,22.04,421242.0,126870.0,16359.0,-862336.0,-52.7137,0.9055,1.2044,24,64.78,-0.3384
ANT,JEA,Container_Ship,Containers,5160.9,5.56,587990.0,95778.0,121991.0,-645201.0,-5.2889,0.9163,1.2327,33,47.64,-0.2404
MUM,SYD,Bulk_Carrier,Coal,10150.5,17.96,235343.0,85407.0,25250.0,-564892.0,-22.3721,0.8048,1.245,41,53.42,-0.1949
NYK,ANT,Bulk_Carrier,Grain,5881.5,10.31,161940.0,130864.0,41666.0,-405798.0,-9.7393,0.7895,1.0471,22,80.87,-0.2491
NYK,CPT,LNG_Carrier,LNG,12566.3,14.93,1066168.0,112420.0,27239.0,-1375370.0,-50.4932,0.88,1.1792,24,57.94,-0.4748
SYD,ANT,Container_Ship,Auto Parts,16725.3,17.98,1798569.0,126164.0,274753.0,-1919744.0,-6.9872,0.8535,1.1923,41,79.42,-0.8012
JEA,HOU,Container_Ship,Electronics,13157.3,15.76,1805115.0,101747.0,277307.0,-1866025.0,-6.7291,0.965,0.9579,64,60.93,-0.6647
MUM,JEA,Tanker,Fuel Oil,1954.2,3.57,76667.0,72237.0,91534.0,-110950.0,-1.2121,0.955,1.1411,56,39.09,-0.0392
LAX,SHA,Container_Ship,Containers,10457.0,11.41,1120473.0,115125.0,83025.0,-1323683.0,-15.9433,0.7837,0.9809,47,49.57,-0.4193
LAG,LAX,Bulk_Carrier,Iron Ore,12430.0,22.49,324481.0,94861.0,20990.0,-735737.0,-35.0517,0.9041,1.1726,35,35.38,-0.1558
RTM,SYD,Container_Ship,Machinery,16689.6,18.65,1839682.0,115450.0,172228.0,-2062597.0,-11.976,0.9549,0.9394,67,42.07,-0.4564
CPT,JEA,Bulk_Carrier,Coal,7606.3,14.08,197633.0,71457.0,25009.0,-455347.0,-18.2074,0.8122,1.2218,24,62.77,-0.2026
SHA,MUM,Bulk_Carrier,Coal,5043.9,8.94,131811.0,88698.0,24461.0,-330147.0,-13.4967,0.9855,0.985,59,82.09,-0.213
CPT,SHA,Tanker,Crude Oil,12978.3,23.63,499204.0,90965.0,17392.0,-927293.0,-53.3186,0.9356,1.2393,69,50.36,-0.2746
LAG,KHI,Container_Ship,Electronics,7048.8,8.0,942703.0,46922.0,240142.0,-869461.0,-3.6206,0.846,0.9461,50,58.22,-0.3666
MUM,RTM,Tanker,Crude Oil,6887.0,11.52,244862.0,102870.0,17461.0,-503063.0,-28.8108,0.9763,1.1923,41,60.55,-0.222
NYK,LAG,Bulk_Carrier,Coal,8481.1,15.23,230238.0,96039.0,18791.0,-535960.0,-28.5222,0.825,0.9039,41,44.99,-0.1654
SAN,ANT,LNG_Carrier,LPG,9716.8,13.07,1101695.0,100486.0,22556.0,-1375672.0,-60.9898,0.907,1.1842,26,65.22,-0.5885
SYD,JEA,Reefer,Frozen Fish,12058.9,15.65,350266.0,86688.0,19322.0,-652346.0,-33.7617,0.8677,1.2372,63,70.24,-0.2775
LAX,CPT,LNG_Carrier,LNG,16044.7,19.31,1455498.0,84517.0,31615.0,-1798117.0,-56.876,0.9792,1.23,66,37.44,-0.3607
SYD,LAX,Container_Ship,Auto Parts,12054.8,14.46,1434333.0,129903.0,217150.0,-1563971.0,-7.2023,0.844,0.9529,68,35.51,-0.3364
SHA,SAN,Container_Ship,Electronics,18568.6,19.44,2284571.0,92211.0,303295.0,-2365145.0,-7.7982,0.9578,1.0555,26,62.88,-0.7427
HOU,SAN,LNG_Carrier,LPG,7942.5,10.44,886674.0,113041.0,18940.0,-1137308.0,-60.0482,0.9083,0.9929,45,85.53,-0.6808
COL,ANT,Tanker,Chemical,8396.7,14.11,300901.0,82887.0,156265.0,-439200.0,-2.8106,0.9787,0.9392,58,39.82,-0.1203
TYO,LAG,Container_Ship,Machinery,13474.1,14.32,1431811.0,102657.0,216458.0,-1532840.0,-7.0815,0.9269,1.2164,66,43.79,-0.3885
SHA,LAG,Bulk_Carrier,Bauxite,12229.8,24.61,359077.0,82605.0,8255.0,-802575.0,-97.2278,0.9438,0.9718,55,76.4,-0.3693
LAX,NYK,Reefer,Frozen Fish,3948.9,5.36,141874.0,146173.0,19275.0,-349223.0,-18.118,0.9782,1.0947,65,83.72,-0.241
JEA,KHI,LNG_Carrier,LPG,1207.1,1.57,122708.0,63354.0,20988.0,-188631.0,-8.9877,0.8851,1.1292,54,66.53,-0.1178
HAM,MUM,Bulk_Carrier,Coal,6551.7,12.2,178259.0,93601.0,19540.0,-435295.0,-22.2773,0.7951,0.9752,26,74.14,-0.2384
COL,KHI,Container_Ship,Containers,2418.3,2.8,303446.0,43809.0,107572.0,-281718.0,-2.6189,0.8564,1.163,37,52.45,-0.1307
SAN,SHA,Container_Ship,Containers,18568.6,20.42,2221733.0,98839.0,94461.0,-2532342.0,-26.8083,0.8706,1.0046,44,59.53,-0.7527
JEA,CPT,Tanker,Crude Oil,7606.3,14.17,265659.0,63595.0,14417.0,-527406.0,-36.5814,0.9614,0.9997,55,75.87,-0.2837
NYK,COL,Reefer,Pharmaceuticals,14086.8,19.52,509087.0,107823.0,79092.0,-830619.0,-10.502,0.8279,0.9952,36,85.37,-0.4027
JEA,RTM,Container_Ship,Auto Parts,5176.2,6.12,616557.0,97118.0,264254.0,-541292.0,-2.0484,0.9552,1.0246,54,76.89,-0.3253
LAX,LAG,Reefer,Refrigerated Goods,12430.0,15.85,417422.0,99519.0,11315.0,-743321.0,-65.692,0.8571,0.9168,26,61.67,-0.2743
CPT,SYD,Bulk_Carrier,Iron Ore,11011.7,21.65,301765.0,86707.0,21311.0,-691928.0,-32.4674,0.9794,1.099,55,86.73,-0.3763
HOU,SAN,LNG_Carrier,LNG,7942.5,9.46,761563.0,99329.0,25163.0,-977683.0,-38.8534,0.9418,1.0178,60,45.67,-0.3125
LAX,LAG,Tanker,Fuel Oil,12430.0,21.18,443499.0,88163.0,78126.0,-771173.0,-9.8709,0.9166,1.0147,28,55.88,-0.2579
SGP,ANT,Tanker,Crude Oil,10551.1,17.98,328752.0,95185.0,12198.0,-681513.0,-55.8699,0.7669,1.0604,67,50.03,-0.2172
RTM,SHA,Reefer,Frozen Fish,8927.2,12.93,280729.0,107475.0,17617.0,-564555.0,-32.0467,0.9818,0.9969,67,70.55,-0.2687
CPT,COL,Tanker,Chemical,7888.4,14.48,295192.0,56762.0,167504.0,-401651.0,-2.3979,0.9526,1.0344,64,52.38,-0.1475
HOU,SHA,Reefer,Perishables,12195.4,17.81,374945.0,132775.0,10658.0,-764248.0,-71.705,0.9638,1.0239,21,53.86,-0.2482
SYD,MUM,LNG_Carrier,LNG,10150.5,12.03,817056.0,91691.0,25397.0,-1063823.0,-41.8877,0.8527,1.1346,33,82.33,-0.5658
SYD,HOU,Tanker,Chemical,13818.5,24.64,488836.0,138235.0,148758.0,-847874.0,-5.6997,0.8105,1.0797,60,49.96,-0.2426
LAX,TYO,Tanker,Crude Oil,8839.0,16.08,373563.0,152709.0,13701.0,-753729.0,-55.0123,0.9511,0.9604,33,72.55,-0.3702
NYK,HAM,Tanker,Chemical,6125.8,10.76,228276.0,133110.0,186142.0,-336633.0,-1.8085,0.9477,1.1554,46,80.55,-0.2038
LAX,KHI,Tanker,Crude Oil,13476.2,22.4,522218.0,90343.0,14916.0,-933649.0,-62.5954,0.8911,1.1159,71,47.22,-0.2552
LAG,JEA,LNG_Carrier,LPG,5856.7,7.16,537753.0,63148.0,15762.0,-692465.0,-43.9329,0.8038,0.9338,51,37.79,-0.1988
SAN,CPT,Container_Ship,Auto Parts,6297.2,6.85,706618.0,58041.0,310878.0,-556506.0,-1.7901,0.9498,1.2122,20,37.65,-0.1564
HOU,SGP,Bulk_Carrier,Grain,16004.8,28.94,454784.0,116173.0,47047.0,-958075.0,-20.3641,0.8136,1.1474,50,57.07,-0.2933
ANT,SHA,LNG_Carrier,LNG,8980.7,10.71,804078.0,102026.0,28987.0,-1037744.0,-35.8004,0.8882,1.2433,55,46.34,-0.3239
SHA,ANT,Container_Ship,Containers,8980.7,9.45,979492.0,114913.0,90474.0,-1145612.0,-12.6623,0.8976,0.9333,57,47.76,-0.3684
LAG,KHI,Bulk_Carrier,Iron Ore,7048.8,12.93,189367.0,50774.0,17874.0,-416188.0,-23.2845,0.9439,0.9564,41,79.93,-0.2409
BUS,KHI,Bulk_Carrier,Coal,5990.8,10.84,155525.0,77787.0,22807.0,-373137.0,-16.3609,0.9626,0.9402,31,82.37,-0.2322
SYD,SAN,Bulk_Carrier,Bauxite,13322.4,25.06,403391.0,98852.0,8958.0,-869151.0,-97.0254,0.8916,1.1163,34,50.71,-0.2564
SGP,COL,Reefer,Refrigerated Goods,2732.3,3.48,81846.0,66093.0,12109.0,-188034.0,-15.5291,0.8828,0.9526,46,50.28,-0.0824
LAX,BUS,LNG_Carrier,LPG,9637.7,12.68,942038.0,104186.0,16976.0,-1219486.0,-71.8355,0.7655,1.056,26,73.36,-0.5884
JEA,LAG,Container_Ship,Auto Parts,5856.7,6.14,645942.0,69152.0,318371.0,-488763.0,-1.5352,0.9843,1.198,41,34.01,-0.1263
SGP,LAG,Tanker,Crude Oil,11147.2,18.02,360586.0,74501.0,13287.0,-692172.0,-52.0959,0.8296,1.0677,42,46.98,-0.203
SHA,SGP,LNG_Carrier,LNG,3810.3,4.57,388293.0,96796.0,31353.0,-522232.0,-16.6565,0.9787,1.2204,19,60.54,-0.2622
HOU,SAN,Reefer,Perishables,7942.5,11.03,262871.0,111640.0,10230.0,-529726.0,-51.7804,0.9766,0.9699,35,62.6,-0.2321
KHI,TYO,Container_Ship,Electronics,6926.4,8.24,798752.0,108332.0,287951.0,-742709.0,-2.5793,0.8957,1.0716,46,73.22,-0.3958
SHA,CPT,Tanker,Crude Oil,12978.3,21.96,456240.0,77543.0,15112.0,-848088.0,-56.1187,0.9395,1.0724,41,71.12,-0.3546
LAX,CPT,Container_Ship,Electronics,16044.7,18.34,1989354.0,96114.0,325852.0,-2034674.0,-6.2442,0.8982,1.2092,71,77.32,-0.843
KHI,HAM,Bulk_Carrier,Iron Ore,5660.0,10.63,151567.0,74882.0,18581.0,-367268.0,-19.766,0.9817,0.9559,71,30.6,-0.0861
ANT,LAX,Container_Ship,Machinery,9036.9,9.56,1042828.0,124403.0,205222.0,-1105479.0,-5.3867,0.931,1.148,24,80.76,-0.6
SGP,KHI,Reefer,Perishables,4744.0,6.89,164067.0,68970.0,11683.0,-324654.0,-27.7888,0.9546,1.1332,51,80.09,-0.207
SGP,CPT,Container_Ship,Auto Parts,9665.9,10.88,1039809.0,66926.0,293183.0,-976812.0,-3.3317,0.928,1.1701,56,88.25,-0.5664
HAM,BUS,LNG_Carrier,LPG,8550.1,11.08,797604.0,110314.0,19555.0,-1054565.0,-53.9291,0.8903,1.0459,56,49.81,-0.3593
BUS,RTM,Reefer,Perishables,8936.6,11.55,272282.0,107084.0,11158.0,-541508.0,-48.5294,0.8977,1.151,37,32.33,-0.1181
COL,KHI,Tanker,Fuel Oil,2418.3,4.04,86317.0,47230.0,69783.0,-124427.0,-1.7831,0.9186,0.9044,71,55.85,-0.0615
SHA,HAM,Tanker,Crude Oil,8527.4,16.07,314740.0,112107.0,14543.0,-653288.0,-44.922,0.852,1.1379,21,63.72,-0.2851
HAM,SYD,Reefer,Refrigerated Goods,16284.4,22.35,506953.0,114417.0,12446.0,-944188.0,-75.8632,0.9401,0.9194,63,85.96,-0.4319
SYD,LAG,Container_Ship,Machinery,15517.5,18.21,2164081.0,85374.0,175870.0,-2346795.0,-13.3439,0.7876,1.163,25,56.15,-0.7169
SAN,NYK,Reefer,Refrigerated Goods,7737.9,10.96,272737.0,109186.0,13743.0,-532607.0,-38.7534,0.995,0.9592,38,41.38,-0.1555
RTM,JEA,Tanker,Crude Oil,5176.2,9.08,207550.0,97557.0,15740.0,-425553.0,-27.0368,0.9862,1.064,47,73.03,-0.2429
JEA,LAG,Bulk_Carrier,Iron Ore,5856.7,11.7,164937.0,68072.0,16148.0,-392293.0,-24.2935,0.7916,1.0303,53,44.31,-0.132
KHI,SHA,Container_Ship,Containers,5340.0,6.11,709747.0,79596.0,90289.0,-790775.0,-8.7582,0.8116,1.0301,71,48.1,-0.2952
SHA,JEA,Bulk_Carrier,Bauxite,6458.3,12.42,175183.0,88407.0,7964.0,-441928.0,-55.494,0.8088,1.094,22,74.13,-0.2429
SHA,ANT,Container_Ship,Electronics,8980.7,10.28,1103170.0,103485.0,351210.0,-1009605.0,-2.8747,0.9832,1.1907,22,50.05,-0.3403
LAX,RTM,Container_Ship,Machinery,8985.5,10.17,966266.0,129827.0,175295.0,-1073398.0,-6.1234,0.9686,0.9426,45,45.98,-0.3323
MUM,SAN,Reefer,Refrigerated Goods,13740.7,20.2,501720.0,71492.0,17345.0,-858862.0,-49.5162,0.9761,1.234,35,61.54,-0.3034
RTM,LAX,Tanker,Crude Oil,8985.5,15.32,320343.0,127084.0,13788.0,-663434.0,-48.1172,0.9164,1.003,40,66.85,-0.2986
HAM,ANT,Reefer,Refrigerated Goods,453.6,0.67,14080.0,109820.0,12750.0,-121154.0,-9.502,0.9129,0.97,42,81.64,-0.0965
KHI,ANT,Container_Ship,Containers,5992.6,6.96,701917.0,85111.0,110086.0,-781396.0,-7.098,0.8962,1.1374,20,77.2,-0.4558
BUS,SYD,LNG_Carrier,LNG,8015.7,9.98,810151.0,114865.0,26708.0,-1048010.0,-39.2401,0.9404,1.0819,56,43.52,-0.3184
SAN,RTM,LNG_Carrier,LNG,9775.5,13.13,1055570.0,96123.0,20843.0,-1327736.0,-63.7008,0.7521,1.0557,44,74.95,-0.6514
MUM,SAN,LNG_Carrier,LNG,13740.7,18.05,1412799.0,65103.0,22548.0,-1726171.0,-76.5567,0.7576,1.1338,45,65.63,-0.6503
MUM,CPT,Reefer,Perishables,8227.2,12.02,280702.0,57711.0,12140.0,-506509.0,-41.7235,0.9279,1.2114,36,79.41,-0.2785
SHA,LAX,Reefer,Pharmaceuticals,10457.0,14.76,382074.0,108574.0,104933.0,-607138.0,-5.786,0.9712,1.1255,61,81.38,-0.3158
HOU,CPT,Bulk_Carrier,Bauxite,13853.3,26.62,424035.0,88765.0,10234.0,-901911.0,-88.1261,0.9812,1.1589,30,41.01,-0.2116
HOU,NYK,Container_Ship,Electronics,2277.1,2.36,256345.0,130591.0,319204.0,-103174.0,-0.3232,0.9711,1.0957,29,85.57,-0.0786
LAX,SAN,Reefer,Frozen Fish,9942.3,12.76,320270.0,90981.0,20199.0,-582494.0,-28.8381,0.9066,1.2378,22,80.14,-0.3037
CPT,HOU,Tanker,Chemical,13853.3,24.43,537576.0,104177.0,149268.0,-858910.0,-5.7541,0.8356,1.0508,27,39.16,-0.1924
SAN,BUS,LNG_Carrier,LNG,18691.4,22.51,1584421.0,80420.0,27151.0,-1975281.0,-72.7523,0.9005,1.1486,27,35.38,-0.3478
ANT,BUS,Bulk_Carrier,Iron Ore,8997.1,17.87,259106.0,109621.0,15486.0,-621328.0,-40.1208,0.7694,1.0166,43,83.84,-0.3506
BUS,SYD,LNG_Carrier,LPG,8015.7,10.12,733716.0,116380.0,23764.0,-978123.0,-41.16,0.995,1.1373,71,80.21,-0.5475
COL,ANT,Reefer,Pharmaceuticals,8396.7,11.15,274741.0,83813.0,95056.0,-430741.0,-4.5314,0.8648,1.1449,70,73.46,-0.2177
SGP,JEA,LNG_Carrier,LPG,5858.9,8.11,663720.0,91199.0,19317.0,-857295.0,-44.3796,0.7688,1.1965,44,83.96,-0.5468
TYO,COL,Tanker,Fuel Oil,6846.1,12.04,257781.0,114794.0,68547.0,-484561.0,-7.0691,0.8536,0.956,68,34.62,-0.1225
ANT,SAN,LNG_Carrier,LNG,9716.8,11.68,910177.0,84416.0,25184.0,-1144660.0,-45.4524,0.8681,1.1051,45,30.84,-0.2315
NYK,CPT,Reefer,Perishables,12566.3,17.73,411190.0,109831.0,12492.0,-774422.0,-61.9935,0.9925,1.1654,64,47.62,-0.2197
SHA,CPT,Reefer,Refrigerated Goods,12978.3,19.04,435750.0,84255.0,12661.0,-792992.0,-62.6345,0.8276,1.0623,35,70.95,-0.3308
SAN,RTM,Reefer,Pharmaceuticals,9775.5,12.35,263829.0,105994.0,116537.0,-438469.0,-3.7625,0.9881,1.2285,27,45.12,-0.1295
SYD,RTM,Reefer,Pharmaceuticals,16689.6,20.93,540892.0,119842.0,81893.0,-892733.0,-10.9012,0.8715,0.9789,44,34.97,-0.1642
HAM,SGP,LNG_Carrier,LPG,10154.8,12.76,1009438.0,100584.0,17598.0,-1283779.0,-72.9498,0.825,1.0157,70,65.24,-0.541
LAG,CPT,Container_Ship,Machinery,4761.1,5.36,591748.0,63158.0,181047.0,-554254.0,-3.0614,0.9793,0.9629,32,44.94,-0.1981
SYD,CPT,Tanker,Chemical,11011.7,18.02,401798.0,92839.0,180811.0,-584136.0,-3.2306,0.9433,1.1275,58,53.93,-0.1975
BUS,SYD,LNG_Carrier,LPG,8015.7,9.69,753176.0,99706.0,19672.0,-978635.0,-49.7478,0.842,1.1126,23,76.68,-0.5238
JEA,MUM,Container_Ship,Electronics,1954.2,2.03,219891.0,66857.0,294495.0,-22740.0,-0.0772,0.8149,1.2047,50,69.35,-0.0143
TYO,SAN,LNG_Carrier,LPG,18591.0,24.14,1693317.0,114128.0,23563.0,-2146029.0,-91.0769,0.9532,1.1771,22,50.54,-0.5413
NYK,CPT,Container_Ship,Machinery,12566.3,12.94,1549670.0,99236.0,148585.0,-1694493.0,-11.4042,0.7679,1.0077,26,62.16,-0.6276
RTM,MUM,Container_Ship,Auto Parts,6887.0,7.98,919874.0,86537.0,257733.0,-868444.0,-3.3696,0.9439,1.0113,43,66.24,-0.4193
SGP,SYD,Reefer,Perishables,6299.1,8.58,194970.0,100452.0,12478.0,-411672.0,-32.9924,0.9481,1.2185,26,44.84,-0.1377
SYD,TYO,Tanker,Chemical,7825.8,12.6,264482.0,137517.0,177013.0,-414035.0,-2.339,0.9524,1.0933,26,38.86,-0.1131
LAG,TYO,LNG_Carrier,LNG,13474.1,17.94,1415403.0,102514.0,24503.0,-1762554.0,-71.9314,0.9483,0.9844,19,76.42,-0.7797
ANT,HAM,Bulk_Carrier,Coal,453.6,0.9,12568.0,129327.0,25024.0,-130433.0,-5.2123,0.9297,1.0681,49,57.96,-0.0738
MUM,LAG,Tanker,Crude Oil,7617.6,14.11,307802.0,64874.0,13574.0,-570822.0,-42.0541,0.9142,0.9899,43,60.65,-0.2453
NYK,SYD,LNG_Carrier,LNG,15985.3,21.83,1710266.0,137690.0,29666.0,-2145777.0,-72.332,0.9451,1.1957,63,77.99,-0.8983
LAG,SAN,LNG_Carrier,LPG,6362.4,8.15,638002.0,60388.0,19634.0,-801043.0,-40.7986,0.9526,0.9814,57,83.19,-0.496
LAG,NYK,Container_Ship,Electronics,8481.1,9.44,1075311.0,108631.0,346000.0,-979535.0,-2.831,0.958,1.2038,67,71.78,-0.4822
CPT,SHA,LNG_Carrier,LPG,12978.3,15.87,1209508.0,87426.0,15623.0,-1519293.0,-97.2442,0.7754,0.9595,47,80.3,-0.7173
SAN,CPT,Container_Ship,Containers,6297.2,7.04,777799.0,65257.0,89346.0,-859237.0,-9.6169,0.7601,1.0884,18,43.81,-0.2809
CPT,COL,Bulk_Carrier,Coal,7888.4,14.38,237731.0,48968.0,29071.0,-473256.0,-16.2793,0.9368,1.2315,37,54.46,-0.1807
HOU,RTM,Reefer,Frozen Fish,8072.0,11.18,294778.0,127429.0,20225.0,-569732.0,-28.1701,0.9292,1.2093,44,37.81,-0.15
COL,RTM,Container_Ship,Containers,8401.4,9.95,994121.0,79999.0,97139.0,-1126166.0,-11.5934,0.7752,1.1602,33,57.9,-0.4485
ANT,KHI,Bulk_Carrier,Coal,5992.6,11.59,159248.0,74590.0,22952.0,-384790.0,-16.7652,0.9248,0.9848,66,67.85,-0.1973
CPT,SAN,Tanker,Fuel Oil,6297.2,10.89,206876.0,60125.0,79777.0,-350506.0,-4.3936,0.9225,1.0296,64,61.78,-0.1616
CPT,COL,Container_Ship,Containers,7888.4,9.06,940023.0,55309.0,115898.0,-1015284.0,-8.7601,0.9818,1.093,25,61.88,-0.4406
HOU,TYO,Container_Ship,Machinery,10740.5,12.0,1360726.0,146524.0,160919.0,-1526403.0,-9.4856,0.9016,0.9296,22,79.62,-0.7693
JEA,SAN,LNG_Carrier,LNG,12181.9,15.27,1110746.0,77335.0,29610.0,-1387488.0,-46.8595,0.9255,1.2188,22,45.68,-0.3823
SHA,HAM,Bulk_Carrier,Bauxite,8527.4,15.03,238737.0,103660.0,10875.0,-556924.0,-51.2119,0.9811,1.2315,70,61.2,-0.2334
HOU,SGP,LNG_Carrier,LNG,16004.8,21.59,1528075.0,122002.0,28792.0,-1945181.0,-67.559,0.9191,1.1934,62,78.75,-0.8217
RTM,HAM,Tanker,Crude Oil,406.5,0.66,12749.0,112011.0,15995.0,-118629.0,-7.4164,0.869,1.2272,45,78.78,-0.0914
SHA,NYK,Tanker,Fuel Oil,11860.8,19.21,431732.0,137750.0,88715.0,-768956.0,-8.6677,0.9416,1.1216,34,89.45,-0.4193
KHI,NYK,Container_Ship,Machinery,11689.8,12.15,1342366.0,105301.0,210529.0,-1419429.0,-6.7422,0.9334,1.1747,37,63.01,-0.5483
LAX,MUM,Bulk_Carrier,Bauxite,14043.2,26.34,378316.0,94001.0,9228.0,-858129.0,-92.9931,0.969,1.0582,47,47.64,-0.2325
COL,LAG,Container_Ship,Containers,8435.8,9.79,1074155.0,51767.0,86563.0,-1186250.0,-13.7038,0.8111,0.9882,41,65.0,-0.5297
SGP,COL,Tanker,Fuel Oil,2732.3,4.91,105144.0,63254.0,83699.0,-158313.0,-1.8914,0.9176,1.0859,59,53.27,-0.0735
ANT,SYD,Bulk_Carrier,Iron Ore,16725.3,30.72,410215.0,126100.0,17553.0,-979577.0,-55.8061,0.8124,1.0912,27,79.96,-0.4116
RTM,MUM,Bulk_Carrier,Grain,6887.0,12.5,168531.0,102846.0,51577.0,-407362.0,-7.8981,0.879,1.1642,29,39.72,-0.1179
HOU,HAM,Bulk_Carrier,Bauxite,8306.0,14.68,192305.0,117491.0,9366.0,-520628.0,-55.5873,0.8728,1.1923,20,77.81,-0.2797
SYD,RTM,LNG_Carrier,LNG,16689.6,20.57,1522073.0,108005.0,26867.0,-1911727.0,-71.1565,0.9551,1.0716,20,85.44,-0.8591
LAX,SHA,LNG_Carrier,LNG,10457.0,13.18,1068056.0,121925.0,21196.0,-1366457.0,-64.4672,0.7712,1.0471,29,67.09,-0.5859
LAX,JEA,LNG_Carrier,LNG,13447.6,16.35,1278588.0,95380.0,21856.0,-1597398.0,-73.0873,0.785,1.0607,52,86.17,-0.7974
HOU,ANT,LNG_Carrier,LNG,8102.1,10.15,692132.0,132918.0,22411.0,-954828.0,-42.6047,0.7739,1.1033,52,43.82,-0.291
BUS,LAX,Container_Ship,Auto Parts,9637.7,10.83,1241212.0,123316.0,298193.0,-1228776.0,-4.1207,0.9857,1.1205,32,55.39,-0.4477
JEA,CPT,LNG_Carrier,LNG,7606.3,9.95,676848.0,71243.0,25697.0,-871691.0,-33.9219,0.943,1.0382,50,80.94,-0.5001
ANT,KHI,Tanker,Chemical,5992.6,10.35,202087.0,86023.0,179858.0,-263504.0,-1.4651,0.9364,1.1298,30,39.24,-0.0781
KHI,RTM,LNG_Carrier,LNG,5993.9,7.19,532758.0,82303.0,26437.0,-696539.0,-26.3475,0.8774,1.1478,71,46.64,-0.2455
JEA,RTM,Reefer,Perishables,5176.2,7.34,164959.0,93237.0,13219.0,-355104.0,-26.8635,0.9906,1.2355,30,50.64,-0.1405
TYO,ANT,Container_Ship,Auto Parts,9411.9,10.42,1020736.0,150123.0,210830.0,-1116321.0,-5.2949,0.8176,0.9551,41,86.59,-0.6409
MUM,NYK,Reefer,Perishables,12555.7,16.28,415091.0,117354.0,8388.0,-768292.0,-91.5948,0.8484,0.9154,62,48.45,-0.2218
BUS,JEA,Bulk_Carrier,Iron Ore,7055.4,13.43,208075.0,90009.0,16564.0,-482968.0,-29.1572,0.8474,0.9872,31,36.68,-0.1283
CPT,ANT,Tanker,Chemical,9566.7,16.28,372689.0,88051.0,155872.0,-549119.0,-3.5229,0.9875,0.9285,32,79.86,-0.2892
LAX,SGP,Tanker,Chemical,14141.5,25.74,578785.0,102504.0,191834.0,-875526.0,-4.564,0.9175,1.2299,52,64.26,-0.319
BUS,COL,Container_Ship,Containers,5911.7,6.53,710208.0,79693.0,98271.0,-789540.0,-8.0343,0.9309,0.9775,67,31.11,-0.1862
LAG,COL,LNG_Carrier,LNG,8435.8,10.6,895468.0,55340.0,27680.0,-1082143.0,-39.0941,0.9144,1.1531,57,81.27,-0.6042
KHI,MUM,Reefer,Perishables,893.2,1.23,28283.0,51062.0,9206.0,-88581.0,-9.6219,0.7755,1.0992,26,50.46,-0.0426
LAX,SAN,Tanker,Crude Oil,9942.3,18.22,335118.0,107945.0,11811.0,-704545.0,-59.6524,0.7553,1.0424,34,57.33,-0.2628
SGP,RTM,LNG_Carrier,LPG,10534.9,14.21,1140423.0,104090.0,21716.0,-1436011.0,-66.1256,0.8542,1.2107,44,74.13,-0.6785
SGP,CPT,Bulk_Carrier,Iron Ore,9665.9,19.04,296284.0,73473.0,19759.0,-635556.0,-32.1656,0.8223,1.2136,58,39.82,-0.1663
SGP,COL,Reefer,Refrigerated Goods,2732.3,3.48,92650.0,68594.0,13448.0,-199998.0,-14.8714,0.86,1.0859,69,48.15,-0.0839
JEA,SYD,Reefer,Pharmaceuticals,12058.9,15.82,372308.0,91604.0,101032.0,-600169.0,-5.9404,0.8676,1.213,26,43.93,-0.1597
JEA,SYD,Reefer,Frozen Fish,12058.9,16.24,404025.0,93400.0,16738.0,-724361.0,-43.2772,0.8935,1.0407,30,76.12,-0.334
COL,SHA,Reefer,Pharmaceuticals,5092.6,6.89,147124.0,83048.0,75922.0,-257660.0,-3.3937,0.7629,1.0366,47,46.26,-0.0935
JEA,BUS,Tanker,Crude Oil,7055.4,12.66,250438.0,87441.0,13851.0,-513895.0,-37.1008,0.9385,0.9839,44,51.42,-0.1913
ANT,CPT,LNG_Carrier,LPG,9566.7,12.87,982801.0,86214.0,17416.0,-1244675.0,-71.4675,0.8749,0.9479,42,87.19,-0.7156
COL,HAM,Tanker,Fuel Oil,8074.9,13.96,256445.0,84967.0,75680.0,-475121.0,-6.278,0.8725,1.0326,43,83.01,-0.2746
HAM,SYD,Bulk_Carrier,Iron Ore,16284.4,29.0,456410.0,113876.0,18458.0,-986839.0,-53.4633,0.8506,1.096,63,34.93,-0.1834
NYK,SAN,Container_Ship,Electronics,7737.9,9.2,870518.0,115333.0,321665.0,-802159.0,-2.4938,0.9313,1.1513,57,35.37,-0.2001
HAM,SGP,Tanker,Chemical,10154.8,16.78,333012.0,106612.0,199812.0,-491479.0,-2.4597,0.9546,1.2313,47,66.57,-0.2113
BUS,SYD,Bulk_Carrier,Iron Ore,8015.7,15.55,217767.0,106742.0,16395.0,-541410.0,-33.0236,0.8703,0.9514,44,46.01,-0.1738
SGP,KHI,Bulk_Carrier,Iron Ore,4744.0,8.78,138774.0,65312.0,16545.0,-319314.0,-19.2994,0.8092,1.0326,39,54.37,-0.1382
SGP,SHA,Tanker,Chemical,3810.3,6.26,118222.0,98711.0,167946.0,-142892.0,-0.8508,0.7986,1.2371,37,40.97,-0.0486
ANT,JEA,Container_Ship,Auto Parts,5160.9,6.13,679918.0,99386.0,250723.0,-620582.0,-2.4752,0.8427,1.1019,42,64.92,-0.3151
LAG,CPT,Container_Ship,Machinery,4761.1,5.03,485253.0,53350.0,175477.0,-438608.0,-2.4995,0.9567,0.9553,31,30.5,-0.1064
HAM,HOU,Tanker,Crude Oil,8306.0,15.56,331715.0,125188.0,13893.0,-676392.0,-48.6855,0.8041,1.1518,60,63.87,-0.2983
ANT,MUM,LNG_Carrier,LPG,6885.8,9.24,705189.0,90887.0,20349.0,-914312.0,-44.9315,0.8477,1.1431,46,48.83,-0.3254
COL,ANT,Container_Ship,Electronics,8396.7,9.53,1127441.0,83702.0,289486.0,-1064649.0,-3.6777,0.8902,1.084,41,66.53,-0.4873
SHA,COL,Container_Ship,Machinery,5092.6,5.59,625240.0,81610.0,239518.0,-551178.0,-2.3012,0.9999,1.2476,56,78.18,-0.338
SAN,SHA,Bulk_Carrier,Iron Ore,18568.6,33.07,499657.0,83373.0,16301.0,-1062777.0,-65.197,0.8375,0.9831,32,31.91,-0.1693
SGP,HOU,Reefer,Pharmaceuticals,16004.8,20.77,488334.0,126325.0,83864.0,-842315.0,-10.0438,0.921,0.9485,20,76.56,-0.3459
KHI,COL,LNG_Carrier,LNG,2418.3,2.96,239309.0,45001.0,26312.0,-302380.0,-11.4921,0.8372,1.1973,42,31.88,-0.0853
LAX,KHI,Reefer,Perishables,13476.2,19.56,432165.0,86288.0,10989.0,-800867.0,-72.8757,0.8147,1.249,54,64.08,-0.297
SHA,SGP,Bulk_Carrier,Grain,3810.3,6.79,100591.0,103099.0,49438.0,-256077.0,-5.1798,0.8124,1.2074,63,33.5,-0.0711
SYD,ANT,Reefer,Frozen Fish,16725.3,24.58,603843.0,124460.0,18586.0,-1078364.0,-58.0211,0.9398,1.0987,59,32.94,-0.1867
SHA,NYK,Container_Ship,Auto Parts,11860.8,13.49,1557919.0,121542.0,199165.0,-1682632.0,-8.4484,0.7782,0.9479,62,68.87,-0.7064
CPT,KHI,Reefer,Pharmaceuticals,8308.9,11.08,284384.0,52127.0,81251.0,-421527.0,-5.188,0.9033,0.9369,66,66.72,-0.1942
HAM,JEA,Container_Ship,Containers,4892.2,5.4,599453.0,106198.0,112437.0,-674222.0,-5.9964,0.9126,1.1407,45,64.24,-0.3426
SGP,JEA,Tanker,Crude Oil,5858.9,9.72,205220.0,81932.0,13315.0,-419672.0,-31.5192,0.9264,0.9582,56,81.77,-0.2607
SHA,TYO,Reefer,Pharmaceuticals,1754.3,2.19,46391.0,129094.0,81595.0,-126807.0,-1.5541,0.9186,0.9253,42,77.83,-0.0901
SYD,TYO,LNG_Carrier,LNG,7825.8,10.32,850425.0,138594.0,22564.0,-1121198.0,-49.6891,0.916,0.9384,70,30.14,-0.2376
BUS,SAN,Container_Ship,Auto Parts,18691.4,21.79,2128359.0,81265.0,290237.0,-2246256.0,-7.7394,0.9166,1.1727,59,33.67,-0.3764
BUS,TYO,LNG_Carrier,LNG,959.3,1.24,103463.0,141753.0,19461.0,-244353.0,-12.5558,0.8123,0.9127,66,37.79,-0.0878
ANT,RTM,Reefer,Refrigerated Goods,78.1,0.11,2787.0,128568.0,11864.0,-121152.0,-10.2117,0.8667,0.9506,25,44.67,-0.0539
SAN,LAX,Reefer,Refrigerated Goods,9942.3,13.01,345297.0,107823.0,13061.0,-635153.0,-48.6287,0.9984,0.9085,31,34.41,-0.1422
SHA,SYD,Tanker,Chemical,7881.4,12.74,237989.0,121942.0,203016.0,-348050.0,-1.7144,0.9881,1.2086,19,33.82,-0.0826
COL,SYD,Reefer,Refrigerated Goods,8748.1,11.87,257213.0,80877.0,11620.0,-504462.0,-43.4121,0.825,0.9782,36,60.21,-0.2063
SHA,COL,Tanker,Chemical,5092.6,8.66,185523.0,75939.0,152425.0,-238930.0,-1.5675,0.7551,1.1874,45,31.7,-0.0594
JEA,HAM,Bulk_Carrier,Grain,4892.2,9.72,136201.0,91724.0,42633.0,-331095.0,-7.7662,0.9055,0.9341,40,46.81,-0.1226
COL,HAM,Tanker,Chemical,8074.9,13.12,254381.0,89371.0,141635.0,-398906.0,-2.8164,0.8255,1.0092,45,76.49,-0.2125
COL,RTM,LNG_Carrier,LPG,8401.4,10.17,854451.0,93574.0,20921.0,-1079653.0,-51.6071,0.8065,1.2353,49,38.13,-0.2832
SYD,SAN,LNG_Carrier,LNG,13322.4,16.56,1409449.0,90997.0,26956.0,-1721873.0,-63.8763,0.8737,1.1754,52,61.55,-0.6164
HAM,SAN,Tanker,Fuel Oil,10166.5,18.23,392552.0,104113.0,73564.0,-696584.0,-9.4691,0.8964,0.9769,54,63.48,-0.2855
MUM,CPT,Container_Ship,Auto Parts,8227.2,8.74,959812.0,60124.0,189651.0,-961319.0,-5.0689,0.7722,0.9097,25,66.07,-0.4398
NYK,LAG,Bulk_Carrier,Coal,8481.1,15.16,202987.0,109838.0,25447.0,-514823.0,-20.2316,0.8316,1.2143,22,75.22,-0.2656
NYK,COL,Container_Ship,Electronics,14086.8,15.27,1734518.0,100478.0,280272.0,-1783787.0,-6.3645,0.8295,1.1263,51,66.14,-0.6701
COL,NYK,Tanker,Fuel Oil,14086.8,23.41,514067.0,101488.0,67267.0,-899504.0,-13.3722,0.8338,0.9604,71,32.96,-0.1684
SGP,CPT,Container_Ship,Electronics,9665.9,9.92,1113944.0,66901.0,306139.0,-1023546.0,-3.3434,0.9483,1.0761,40,32.52,-0.2187
NYK,JEA,Tanker,Fuel Oil,11017.6,19.26,419170.0,105908.0,72559.0,-741452.0,-10.2186,0.804,1.0743,52,43.76,-0.2034
MUM,NYK,Tanker,Crude Oil,12555.7,20.22,381057.0,112131.0,17465.0,-779027.0,-44.6051,0.9548,1.2194,47,66.15,-0.3071
KHI,HAM,Bulk_Carrier,Iron Ore,5660.0,10.77,156521.0,87342.0,17747.0,-387722.0,-21.8477,0.8952,1.0012,52,62.09,-0.1844
COL,SHA,LNG_Carrier,LPG,5092.6,6.66,563134.0,82092.0,20221.0,-724884.0,-35.8477,0.9633,0.9996,64,63.74,-0.3624
ANT,LAG,Bulk_Carrier,Grain,4978.7,9.77,135810.0,84059.0,45199.0,-321226.0,-7.1069,0.8784,1.021,34,59.83,-0.1515
ANT,CPT,Tanker,Fuel Oil,9566.7,16.96,339650.0,85214.0,73271.0,-606023.0,-8.271,0.8155,1.0696,33,43.09,-0.1722
SHA,MUM,Tanker,Crude Oil,5043.9,8.4,185041.0,93984.0,13825.0,-391129.0,-28.2911,0.812,1.135,70,83.35,-0.2562
LAX,CPT,Bulk_Carrier,Iron Ore,16044.7,32.57,439822.0,95765.0,22359.0,-1001852.0,-44.8073,0.9322,1.2114,61,31.29,-0.168
TYO,SAN,Tanker,Crude Oil,18591.0,30.96,689914.0,109132.0,14066.0,-1249451.0,-88.8277,0.7613,1.2318,52,78.07,-0.4868
SAN,KHI,Tanker,Chemical,13337.2,22.23,466210.0,51860.0,152130.0,-699462.0,-4.5978,0.9927,0.9015,30,53.22,-0.2164
LAX,BUS,Container_Ship,Electronics,9637.7,10.51,1205449.0,113167.0,327112.0,-1149221.0,-3.5132,0.8806,1.2382,51,70.06,-0.5296
JEA,CPT,Reefer,Frozen Fish,7606.3,9.54,207509.0,70684.0,20929.0,-400347.0,-19.1284,0.9661,1.2035,71,85.7,-0.2432
KHI,COL,Bulk_Carrier,Iron Ore,2418.3,4.36,60103.0,44902.0,19958.0,-150455.0,-7.5386,0.8793,1.1464,66,88.45,-0.1177
CPT,JEA,Container_Ship,Containers,7606.3,8.59,810242.0,62148.0,85576.0,-915593.0,-10.6992,0.8448,0.9379,27,41.75,-0.2709
HOU,KHI,Bulk_Carrier,Bauxite,13656.9,25.1,338669.0,91315.0,10847.0,-795592.0,-73.344,0.9983,1.2074,67,87.71,-0.4016
HAM,SGP,LNG_Carrier,LNG,10154.8,13.97,1088712.0,107284.0,25674.0,-1379905.0,-53.7474,0.8256,1.1846,23,79.38,-0.7074
SAN,RTM,Container_Ship,Containers,9775.5,10.37,1228777.0,106352.0,89201.0,-1401488.0,-15.7115,0.8668,0.9529,35,46.3,-0.4247
HOU,HAM,Container_Ship,Machinery,8306.0,9.75,1155276.0,133989.0,148686.0,-1286777.0,-8.6544,0.795,0.9742,45,30.31,-0.2693
NYK,SAN,LNG_Carrier,LPG,7737.9,10.16,776527.0,101759.0,15943.0,-1014712.0,-63.6473,0.8345,0.9097,23,33.83,-0.2421
RTM,HOU,Bulk_Carrier,Coal,8072.0,14.51,222724.0,122924.0,22956.0,-540406.0,-23.5408,0.8656,1.0525,27,36.64,-0.1379
ANT,LAG,Tanker,Chemical,4978.7,8.15,165769.0,94087.0,132052.0,-249995.0,-1.8932,0.792,0.9808,66,74.32,-0.1464
NYK,SAN,Reefer,Pharmaceuticals,7737.9,10.8,239561.0,109445.0,104100.0,-406961.0,-3.9093,0.8784,1.2345,43,85.54,-0.2455
SHA,LAG,Reefer,Perishables,12229.8,16.77,360446.0,79670.0,10894.0,-680780.0,-62.4938,0.9185,1.0982,43,55.05,-0.2257
NYK,MUM,Container_Ship,Auto Parts,12555.7,13.5,1342126.0,103622.0,193511.0,-1454770.0,-7.5178,0.7867,0.911,29,72.44,-0.628
BUS,KHI,Tanker,Crude Oil,5990.8,11.17,234842.0,78254.0,10668.0,-469993.0,-44.0563,0.7603,0.9354,28,66.47,-0.236
NYK,LAG,Tanker,Crude Oil,8481.1,15.02,284819.0,96789.0,11807.0,-595106.0,-50.4046,0.8342,0.9435,69,64.81,-0.2645
SAN,HAM,Tanker,Crude Oil,10166.5,17.49,319659.0,92928.0,16148.0,-658833.0,-40.7994,0.9562,1.1258,44,86.67,-0.3686
SHA,LAG,Container_Ship,Electronics,12229.8,13.9,1517150.0,76766.0,244951.0,-1557424.0,-6.3581,0.8236,0.9914,51,62.67,-0.5878
MUM,SYD,Container_Ship,Electronics,10150.5,11.05,1233026.0,87149.0,323117.0,-1162841.0,-3.5988,0.9654,1.1157,46,80.58,-0.6053
JEA,MUM,Tanker,Crude Oil,1954.2,3.27,72070.0,76366.0,16234.0,-181195.0,-11.1611,0.9332,1.1597,58,44.63,-0.0731
CPT,MUM,LNG_Carrier,LNG,8227.2,11.07,957742.0,63184.0,22569.0,-1164397.0,-51.592,0.9037,0.9514,71,59.36,-0.4786
CPT,SGP,Tanker,Chemical,9665.9,16.69,360301.0,76433.0,164197.0,-522904.0,-3.1846,0.9049,1.0674,62,88.94,-0.3056
SHA,COL,Reefer,Frozen Fish,5092.6,6.46,144946.0,75186.0,15574.0,-301504.0,-19.3591,0.8264,1.047,53,34.94,-0.0826
SAN,SYD,LNG_Carrier,LPG,13322.4,16.82,1302302.0,92361.0,19500.0,-1627422.0,-83.4562,0.8217,1.1301,66,80.45,-0.7615
ANT,SYD,Bulk_Carrier,Iron Ore,16725.3,32.2,528007.0,119940.0,15988.0,-1115009.0,-69.7389,0.8546,0.9449,36,74.4,-0.4359
SYD,KHI,LNG_Carrier,LNG,11020.1,13.21,1038460.0,85323.0,29942.0,-1291958.0,-43.1488,0.9362,1.2184,58,55.51,-0.4496
COL,SYD,Reefer,Frozen Fish,8748.1,11.28,241468.0,84738.0,14420.0,-480938.0,-33.3516,0.8356,0.9587,28,52.59,-0.1718
SGP,MUM,Tanker,Crude Oil,3906.7,6.86,136707.0,70988.0,12190.0,-298445.0,-24.4824,0.8934,0.9097,48,77.22,-0.1903
LAG,NYK,LNG_Carrier,LNG,8481.1,10.9,854037.0,95525.0,21623.0,-1091403.0,-50.4753,0.7661,1.0752,64,36.76,-0.2752
ANT,JEA,Container_Ship,Machinery,5160.9,5.88,562632.0,97825.0,176259.0,-572402.0,-3.2475,0.9487,0.9677,53,34.98,-0.1566
SGP,SAN,Bulk_Carrier,Bauxite,15934.4,30.19,442285.0,83680.0,8635.0,-970216.0,-112.3581,0.7958,1.2056,27,48.63,-0.2536
RTM,NYK,Tanker,Chemical,5858.2,9.75,192837.0,142026.0,135211.0,-345872.0,-2.558,0.7617,1.0442,42,55.89,-0.1469
HAM,COL,Container_Ship,Machinery,8074.9,9.44,1008553.0,78315.0,167675.0,-1060822.0,-6.3267,0.8757,0.9972,20,58.37,-0.4312
NYK,TYO,Bulk_Carrier,Iron Ore,10853.1,20.89,321352.0,146877.0,17400.0,-764194.0,-43.9203,0.76,1.1562,29,87.5,-0.4216
TYO,NYK,Tanker,Fuel Oil,10853.1,20.21,381455.0,153353.0,100458.0,-737445.0,-7.3408,0.9581,1.2483,57,73.28,-0.3407
SHA,SAN,Container_Ship,Auto Parts,18568.6,21.15,2511282.0,82770.0,236923.0,-2674377.0,-11.2879,0.8648,1.0147,18,80.31,-1.0
TYO,HAM,LNG_Carrier,LNG,8979.6,11.32,962348.0,147390.0,25994.0,-1253527.0,-48.2237,0.8953,1.106,24,75.21,-0.6349
SAN,RTM,LNG_Carrier,LNG,9775.5,13.18,1061878.0,106539.0,25229.0,-1340866.0,-53.1476,0.952,1.0095,57,59.93,-0.526
COL,LAG,Reefer,Pharmaceuticals,8435.8,11.52,280118.0,59286.0,72827.0,-439408.0,-6.0336,0.7628,0.9944,47,72.01,-0.2174
CPT,KHI,Bulk_Carrier,Iron Ore,8308.9,16.9,278284.0,54509.0,23244.0,-563078.0,-24.2246,0.9923,1.1831,64,79.13,-0.3076
LAX,ANT,Tanker,Chemical,9036.9,15.23,290423.0,131010.0,148402.0,-501534.0,-3.3796,0.9062,0.9633,44,73.58,-0.248
SHA,KHI,LNG_Carrier,LNG,5340.0,7.07,562737.0,80289.0,20370.0,-728662.0,-35.7711,0.8052,0.9637,45,76.54,-0.4329
MUM,BUS,Container_Ship,Machinery,5775.4,6.2,687330.0,81808.0,211162.0,-650937.0,-3.0826,0.9986,1.1013,46,69.2,-0.3434
SHA,LAX,LNG_Carrier,LNG,10457.0,14.12,1086481.0,114299.0,23146.0,-1389396.0,-60.0274,0.7943,1.1102,60,65.52,-0.5818
HOU,ANT,LNG_Carrier,LPG,8102.1,10.04,761261.0,124830.0,19119.0,-1017643.0,-53.227,0.9982,0.9121,44,69.39,-0.4912
HAM,LAG,Bulk_Carrier,Coal,5272.3,9.64,129307.0,98635.0,23794.0,-348739.0,-14.6569,0.8321,1.1347,26,35.48,-0.0963
KHI,ANT,Container_Ship,Containers,5992.6,7.13,669527.0,73607.0,102187.0,-747829.0,-7.3183,0.8115,1.166,68,76.04,-0.4296
NYK,SGP,LNG_Carrier,LNG,15342.9,19.51,1584044.0,111480.0,19426.0,-1968743.0,-101.3434,0.7626,0.9704,40,40.51,-0.4362
LAG,HAM,Container_Ship,Machinery,5272.3,5.82,667926.0,96676.0,158932.0,-692948.0,-4.36,0.9143,0.9054,55,76.61,-0.4132
CPT,HAM,Reefer,Pharmaceuticals,9764.5,12.8,275235.0,92643.0,100734.0,-459141.0,-4.558,0.874,1.2005,58,44.67,-0.1343
TYO,LAG,Reefer,Refrigerated Goods,13474.1,17.64,466829.0,99483.0,15316.0,-815530.0,-53.2487,0.918,1.1586,59,83.46,-0.394
HOU,MUM,Reefer,Frozen Fish,14456.2,18.55,438373.0,101826.0,17483.0,-801039.0,-45.8169,0.786,1.2357,57,39.9,-0.1795
SAN,SHA,Container_Ship,Containers,18568.6,20.03,1888023.0,93836.0,98994.0,-2183295.0,-22.0547,0.8559,1.0709,67,35.08,-0.3825
BUS,LAG,Tanker,Chemical,12692.5,21.38,469999.0,84120.0,165326.0,-709519.0,-4.2916,0.9319,1.0436,41,31.81,-0.1339
KHI,MUM,LNG_Carrier,LNG,893.2,1.24,96123.0,54332.0,24406.0,-144643.0,-5.9266,0.908,1.024,54,86.1,-0.1188
LAX,HAM,Tanker,Fuel Oil,9100.3,16.94,332850.0,127971.0,84145.0,-630843.0,-7.4971,0.9533,1.0508,49,49.25,-0.2083
LAX,SHA,LNG_Carrier,LPG,10457.0,13.97,1157142.0,114329.0,19393.0,-1461678.0,-75.3697,0.8609,1.0727,65,38.37,-0.3584
NYK,SHA,Reefer,Refrigerated Goods,11860.8,16.57,429095.0,136579.0,15613.0,-798626.0,-51.1499,0.9269,1.1698,38,32.38,-0.1576
HAM,TYO,Tanker,Crude Oil,8979.6,14.74,318083.0,139480.0,10361.0,-668277.0,-64.4993,0.7637,0.9044,61,37.41,-0.1684
RTM,LAG,Tanker,Fuel Oil,5056.8,9.34,196843.0,94237.0,82819.0,-348379.0,-4.2065,0.8516,1.1577,42,76.3,-0.2088
KHI,SYD,Container_Ship,Containers,11020.1,12.49,1394533.0,72494.0,110929.0,-1543441.0,-13.9138,0.942,1.0904,55,81.54,-0.789
SYD,MUM,Container_Ship,Machinery,10150.5,10.88,1139286.0,89125.0,163548.0,-1228003.0,-7.5085,0.7886,1.0801,51,45.02,-0.3571
SAN,SYD,Tanker,Crude Oil,13322.4,23.57,517890.0,92700.0,13631.0,-950550.0,-69.7338,0.9516,0.955,18,33.6,-0.1858
LAX,SAN,Bulk_Carrier,Grain,9942.3,19.19,253356.0,100459.0,46270.0,-595323.0,-12.8662,0.9304,0.9867,45,33.92,-0.1314
SYD,COL,Reefer,Pharmaceuticals,8748.1,12.86,297284.0,78963.0,82863.0,-486334.0,-5.8691,0.8906,0.9692,43,65.24,-0.2155
BUS,ANT,Tanker,Fuel Oil,8997.1,14.72,309134.0,108522.0,70213.0,-568289.0,-8.0938,0.9051,0.9235,44,64.35,-0.2461
SGP,ANT,LNG_Carrier,LNG,10551.1,12.57,893618.0,98928.0,31821.0,-1149337.0,-36.1183,0.9885,1.2263,39,77.33,-0.5662
SYD,LAG,Bulk_Carrier,Coal,15517.5,29.59,466504.0,96749.0,25462.0,-981656.0,-38.5537,0.9718,1.0397,43,46.33,-0.2475
COL,LAG,Bulk_Carrier,Iron Ore,8435.8,15.52,204791.0,55721.0,16384.0,-476976.0,-29.1126,0.7775,1.0643,69,64.02,-0.2098
SHA,RTM,Tanker,Crude Oil,8927.2,14.51,269951.0,127552.0,14956.0,-600128.0,-40.1269,0.8463,1.1781,46,63.32,-0.2564
BUS,TYO,Tanker,Crude Oil,959.3,1.71,34078.0,132064.0,13893.0,-177907.0,-12.8055,0.7982,1.1603,27,66.41,-0.1123
BUS,ANT,Container_Ship,Electronics,8997.1,10.49,1108897.0,104034.0,259242.0,-1111100.0,-4.286,0.9144,0.945,32,88.19,-0.6595
SAN,CPT,LNG_Carrier,LPG,6297.2,8.1,646164.0,63460.0,20348.0,-810762.0,-39.8456,0.8019,1.2084,21,51.49,-0.3115
LAX,BUS,Bulk_Carrier,Grain,9637.7,18.89,305210.0,126245.0,52197.0,-662663.0,-12.6954,0.8495,1.2191,44,82.92,-0.3614
JEA,BUS,Container_Ship,Electronics,7055.4,7.63,839642.0,92866.0,338375.0,-708636.0,-2.0942,0.9675,1.1658,54,71.65,-0.3677
NYK,BUS,Bulk_Carrier,Coal,11254.3,22.37,298485.0,116190.0,24330.0,-725876.0,-29.8348,0.9688,0.9966,66,39.95,-0.1804
HOU,KHI,LNG_Carrier,LPG,13656.9,16.47,1286125.0,93481.0,20767.0,-1605886.0,-77.328,0.9484,1.0427,55,66.45,-0.6142
SHA,LAX,LNG_Carrier,LPG,10457.0,12.55,995017.0,122284.0,18625.0,-1286902.0,-69.0953,0.7762,1.1426,34,55.64,-0.4576
COL,HOU,Bulk_Carrier,Bauxite,15903.9,29.0,428054.0,101515.0,8397.0,-956175.0,-113.8692,0.7523,1.2402,71,58.83,-0.3026
TYO,MUM,Reefer,Perishables,6733.0,9.77,205468.0,113963.0,9599.0,-456449.0,-47.5533,0.7592,1.1707,39,63.77,-0.2135
MUM,LAG,Container_Ship,Containers,7617.6,8.48,902527.0,59147.0,112806.0,-976030.0,-8.6523,0.9539,1.095,53,41.96,-0.2902
COL,ANT,Bulk_Carrier,Bauxite,8396.7,16.7,271127.0,78720.0,7014.0,-593326.0,-84.5887,0.8607,0.9055,63,89.63,-0.3659
SYD,SAN,Tanker,Fuel Oil,13322.4,22.89,516952.0,101966.0,67111.0,-895198.0,-13.3391,0.7633,1.0467,46,80.93,-0.4214
LAG,RTM,Bulk_Carrier,Grain,5056.8,9.36,151514.0,100731.0,43517.0,-349116.0,-8.0225,0.83,1.0403,58,82.94,-0.2275
COL,ANT,Tanker,Crude Oil,8396.7,14.14,307362.0,80409.0,11262.0,-588608.0,-52.2663,0.7604,0.9874,31,64.17,-0.2599
JEA,SYD,Tanker,Crude Oil,12058.9,19.98,378619.0,90165.0,11945.0,-756579.0,-63.3386,0.7683,1.0365,43,78.71,-0.3607
RTM,NYK,Bulk_Carrier,Coal,5858.2,10.76,152135.0,125225.0,20794.0,-417997.0,-20.1021,0.7927,1.0409,69,52.45,-0.1666
SYD,COL,Tanker,Fuel Oil,8748.1,15.94,322237.0,76689.0,89354.0,-548627.0,-6.1399,0.9444,1.1264,57,87.54,-0.3262
COL,MUM,LNG_Carrier,LNG,1535.0,1.89,131287.0,61300.0,25148.0,-195765.0,-7.7844,0.9073,1.0559,26,81.12,-0.1466
JEA,ANT,LNG_Carrier,LPG,5160.9,7.05,500484.0,95577.0,21876.0,-679877.0,-31.0782,0.9454,1.1019,32,71.53,-0.3804
KHI,SHA,Bulk_Carrier,Grain,5340.0,9.59,151642.0,84418.0,49618.0,-330235.0,-6.6556,0.8751,1.125,36,50.21,-0.1287
SYD,KHI,Tanker,Crude Oil,11020.1,18.41,347552.0,82169.0,12781.0,-693020.0,-54.2211,0.9008,0.9459,52,58.05,-0.2522
SGP,SAN,Container_Ship,Machinery,15934.4,18.07,2153568.0,77042.0,185450.0,-2316260.0,-12.49,0.9504,1.0163,31,36.0,-0.4483
HAM,RTM,Container_Ship,Containers,406.5,0.45,52838.0,116109.0,94273.0,-81477.0,-0.8643,0.7951,1.0978,42,80.47,-0.0642
NYK,KHI,Tanker,Fuel Oil,11689.8,19.64,421813.0,96875.0,68657.0,-744611.0,-10.8454,0.8898,0.9186,39,33.79,-0.1543
NYK,RTM,Reefer,Refrigerated Goods,5858.2,8.37,201919.0,134055.0,12975.0,-448533.0,-34.5702,0.7756,1.1617,46,42.68,-0.1454
HAM,LAG,Bulk_Carrier,Grain,5272.3,9.36,146867.0,82255.0,52472.0,-317123.0,-6.0436,0.9181,1.134,21,60.63,-0.1497
SAN,COL,LNG_Carrier,LPG,13986.2,16.96,1233537.0,64141.0,20489.0,-1531630.0,-74.7528,0.9505,1.0265,39,36.18,-0.3157
LAX,NYK,Bulk_Carrier,Bauxite,3948.9,7.3,120881.0,153094.0,7997.0,-375412.0,-46.9438,0.9383,0.947,35,34.66,-0.1073
TYO,SAN,Bulk_Carrier,Iron Ore,18591.0,34.8,563699.0,103912.0,17818.0,-1171799.0,-65.7658,0.975,0.9229,39,49.78,-0.2911
LAG,LAX,Container_Ship,Electronics,12430.0,13.37,1389813.0,88648.0,314397.0,-1364669.0,-4.3406,0.8896,1.1781,60,44.55,-0.3638
SAN,ANT,Container_Ship,Machinery,9716.8,10.18,1033389.0,87970.0,228331.0,-1045699.0,-4.5798,0.9825,1.2104,48,80.21,-0.5501
SYD,LAG,Tanker,Chemical,15517.5,27.67,571534.0,94240.0,160802.0,-920044.0,-5.7216,0.8173,1.1573,40,33.93,-0.1698
SGP,SYD,Tanker,Crude Oil,6299.1,10.47,200312.0,92999.0,16837.0,-433582.0,-25.752,0.9095,1.2342,51,37.08,-0.12
LAG,CPT,Tanker,Fuel Oil,4761.1,7.74,174776.0,52679.0,94538.0,-249058.0,-2.6345,0.91,1.2368,67,68.14,-0.135
CPT,LAG,Bulk_Carrier,Iron Ore,4761.1,9.09,127263.0,53067.0,19777.0,-296912.0,-15.0131,0.9727,1.0268,66,52.75,-0.1246
CPT,RTM,LNG_Carrier,LPG,9642.1,11.64,865897.0,84606.0,22497.0,-1102650.0,-49.0125,0.9512,1.1263,18,62.93,-0.4563
HAM,KHI,Bulk_Carrier,Bauxite,5660.0,10.53,157426.0,80324.0,7033.0,-388658.0,-55.2654,0.7927,0.9858,52,67.53,-0.201
SAN,RTM,Container_Ship,Electronics,9775.5,11.32,1133951.0,99671.0,236248.0,-1167147.0,-4.9404,0.7601,1.0361,40,62.74,-0.4793
ANT,COL,Bulk_Carrier,Grain,8396.7,15.54,211925.0,77786.0,46823.0,-475959.0,-10.165,0.9954,0.9333,22,48.77,-0.1597
TYO,RTM,Reefer,Refrigerated Goods,9345.2,12.56,318539.0,154903.0,13099.0,-648785.0,-49.529,0.925,0.9834,21,85.67,-0.3694
SHA,BUS,Bulk_Carrier,Iron Ore,832.1,1.68,27919.0,110873.0,17703.0,-146238.0,-8.2607,0.7999,1.1178,57,32.09,-0.0449
SAN,HAM,Container_Ship,Auto Parts,10166.5,10.49,1104477.0,101251.0,235023.0,-1128071.0,-4.7998,0.9095,0.9571,57,39.03,-0.2843
JEA,RTM,Reefer,Pharmaceuticals,5176.2,6.87,181481.0,98618.0,71686.0,-311529.0,-4.3457,0.7567,0.9868,55,43.66,-0.1063
MUM,RTM,Reefer,Pharmaceuticals,6887.0,9.03,230570.0,86403.0,98000.0,-354448.0,-3.6168,0.8867,1.1512,27,69.58,-0.1798
LAG,LAX,Tanker,Crude Oil,12430.0,20.2,395697.0,99570.0,12130.0,-786111.0,-64.807,0.8843,0.9145,32,67.26,-0.3164
LAX,SYD,Tanker,Chemical,12054.8,20.44,407305.0,129335.0,154712.0,-688558.0,-4.4506,0.7694,1.1829,43,85.01,-0.3546
LAG,SGP,Container_Ship,Electronics,11147.2,12.95,1416755.0,69234.0,243122.0,-1437091.0,-5.911,0.8177,0.9911,21,45.93,-0.412
HOU,COL,Reefer,Frozen Fish,15903.9,22.26,589260.0,100739.0,20717.0,-1003235.0,-48.4246,0.9226,1.2475,55,62.79,-0.3389
HOU,CPT,Container_Ship,Containers,13853.3,14.56,1677456.0,99150.0,111076.0,-1883928.0,-16.9607,0.8345,1.2325,31,62.74,-0.6761
JEA,LAX,LNG_Carrier,LNG,13447.6,16.64,1284587.0,94616.0,22544.0,-1606309.0,-71.253,0.8787,0.9773,57,58.46,-0.544
SHA,SGP,LNG_Carrier,LNG,3810.3,4.68,322581.0,104341.0,28589.0,-468525.0,-16.3885,0.9565,1.1386,31,88.56,-0.3441
RTM,LAX,Container_Ship,Auto Parts,8985.5,9.27,940474.0,127836.0,262760.0,-944561.0,-3.5948,0.8104,1.2009,30,60.9,-0.3873
HOU,SAN,Bulk_Carrier,Grain,7942.5,14.68,235503.0,98678.0,41895.0,-512512.0,-12.2333,0.9003,0.9233,34,79.53,-0.2853
ANT,NYK,Reefer,Frozen Fish,5881.5,8.25,184677.0,130298.0,15104.0,-423640.0,-28.0478,0.7733,1.0851,63,61.2,-0.1968
HAM,HOU,Tanker,Chemical,8306.0,14.37,304044.0,129346.0,150119.0,-498747.0,-3.3223,0.9019,0.9791,63,73.78,-0.254
MUM,COL,LNG_Carrier,LNG,1535.0,2.08,176638.0,59593.0,29178.0,-238255.0,-8.1657,0.9172,1.2119,35,71.8,-0.158
BUS,LAX,LNG_Carrier,LPG,9637.7,11.53,937217.0,119055.0,17657.0,-1211633.0,-68.6209,0.8061,1.0431,68,37.81,-0.3013
ANT,MUM,LNG_Carrier,LPG,6885.8,8.53,664961.0,83910.0,22173.0,-854708.0,-38.5474,0.9898,1.0667,18,80.99,-0.5046
RTM,CPT,Tanker,Fuel Oil,9642.1,17.2,332160.0,90103.0,96586.0,-583639.0,-6.0427,0.9214,1.248,28,70.54,-0.2707
HAM,SHA,Tanker,Chemical,8527.4,14.93,338641.0,111494.0,124042.0,-550101.0,-4.4348,0.7812,0.934,37,39.34,-0.1482
CPT,HAM,Container_Ship,Electronics,9764.5,10.34,1079500.0,83893.0,329080.0,-989379.0,-3.0065,0.9941,1.1035,30,81.02,-0.5249
SYD,NYK,LNG_Carrier,LNG,15985.3,19.8,1479308.0,144139.0,24178.0,-1896323.0,-78.4313,0.8797,1.0471,48,31.4,-0.3196
KHI,COL,Tanker,Crude Oil,2418.3,3.92,77812.0,44545.0,12815.0,-168304.0,-13.133,0.9205,0.9281,54,59.54,-0.0886
ANT,SYD,Container_Ship,Containers,16725.3,17.71,1785948.0,122089.0,75073.0,-2098610.0,-27.9543,0.7704,0.9023,41,80.11,-0.8834
SAN,NYK,LNG_Carrier,LPG,7737.9,9.38,803798.0,109284.0,17933.0,-1035884.0,-57.765,0.858,0.9953,69,75.39,-0.5508
COL,SYD,Bulk_Carrier,Bauxite,8748.1,15.27,236486.0,89155.0,8665.0,-546026.0,-63.0179,0.772,1.2471,46,87.79,-0.3256
JEA,MUM,Bulk_Carrier,Grain,1954.2,3.56,50163.0,63738.0,46959.0,-120372.0,-2.5633,0.9392,0.992,30,44.4,-0.0483
JEA,TYO,Container_Ship,Electronics,7963.6,8.66,1030698.0,113009.0,253575.0,-1020069.0,-4.0227,0.7983,1.0588,28,37.96,-0.2708
SHA,SYD,Reefer,Perishables,7881.4,10.7,244394.0,109625.0,9664.0,-504919.0,-52.249,0.8623,1.0377,49,82.9,-0.2936
LAG,SHA,Container_Ship,Electronics,12229.8,13.47,1553343.0,79987.0,275431.0,-1559987.0,-5.6638,0.8783,1.0453,33,52.39,-0.4922
COL,SYD,Bulk_Carrier,Coal,8748.1,17.6,266356.0,78483.0,23010.0,-585816.0,-25.4593,0.8164,1.1185,62,89.7,-0.3569
TYO,NYK,Reefer,Pharmaceuticals,10853.1,15.56,392178.0,163872.0,92751.0,-696646.0,-7.5109,0.9465,1.0208,35,83.95,-0.3687
NYK,KHI,Container_Ship,Machinery,11689.8,12.61,1507687.0,106124.0,158815.0,-1644111.0,-10.3524,0.8649,0.9563,57,87.49,-0.8818
BUS,SYD,Container_Ship,Containers,8015.7,8.99,930310.0,104868.0,94351.0,-1075624.0,-11.4003,0.886,0.986,37,60.45,-0.4538
HAM,RTM,Reefer,Pharmaceuticals,406.5,0.52,10973.0,129361.0,101213.0,-46960.0,-0.464,0.9165,1.1503,53,74.84,-0.0344
CPT,SAN,Reefer,Refrigerated Goods,6297.2,8.28,175802.0,64991.0,14993.0,-350012.0,-23.3457,0.944,1.1029,38,82.31,-0.215
SAN,LAG,Tanker,Crude Oil,6362.4,10.59,212056.0,70240.0,14078.0,-427141.0,-30.3419,0.9831,0.9546,39,82.53,-0.2624
KHI,JEA,Reefer,Refrigerated Goods,1207.1,1.65,38368.0,56100.0,12960.0,-106290.0,-8.2014,0.9963,0.9034,34,81.55,-0.0814
SHA,TYO,Tanker,Fuel Oil,1754.3,2.97,54348.0,125421.0,84396.0,-139974.0,-1.6585,0.9104,1.1036,40,56.98,-0.0729
RTM,COL,LNG_Carrier,LPG,8401.4,11.15,832535.0,92045.0,18563.0,-1073239.0,-57.8167,0.8234,1.0735,63,56.27,-0.4154
NYK,RTM,Bulk_Carrier,Grain,5858.2,10.29,142138.0,146367.0,53286.0,-389610.0,-7.3117,0.8851,1.1945,70,86.69,-0.2566
JEA,SHA,LNG_Carrier,LPG,6458.3,8.61,709425.0,97607.0,18022.0,-918145.0,-50.947,0.7523,1.1407,32,37.21,-0.2533
ANT,HAM,Bulk_Carrier,Iron Ore,453.6,0.89,14581.0,108489.0,18781.0,-117583.0,-6.2608,0.9145,1.0372,69,35.6,-0.0409
LAG,ANT,LNG_Carrier,LPG,4978.7,6.46,467132.0,81102.0,19009.0,-626138.0,-32.9382,0.9709,0.9324,53,66.58,-0.3286
RTM,KHI,Reefer,Refrigerated Goods,5993.9,8.11,193850.0,79647.0,12426.0,-382704.0,-30.7995,0.853,1.0117,38,47.33,-0.1369
SHA,HAM,Bulk_Carrier,Coal,8527.4,16.54,230643.0,119438.0,22716.0,-575487.0,-25.3343,0.808,1.1157,21,46.23,-0.1822
LAX,COL,Tanker,Fuel Oil,15107.0,26.88,517206.0,86571.0,81388.0,-925647.0,-11.3732,0.8258,1.1732,32,30.71,-0.1566
SGP,NYK,Bulk_Carrier,Iron Ore,15342.9,27.12,422536.0,128098.0,23598.0,-933878.0,-39.5745,0.9703,1.2283,25,37.77,-0.1929
CPT,SYD,LNG_Carrier,LNG,11011.7,14.0,1036154.0,91487.0,22328.0,-1315325.0,-58.9095,0.7652,1.1115,48,64.26,-0.5301
COL,HOU,Container_Ship,Machinery,15903.9,18.06,1951349.0,98553.0,167659.0,-2153120.0,-12.8422,0.7709,1.1328,68,63.05,-0.7303
LAX,RTM,LNG_Carrier,LNG,8985.5,10.77,783877.0,129060.0,23204.0,-1051300.0,-45.3078,0.8001,1.1047,52,64.06,-0.4535
SYD,MUM,Bulk_Carrier,Coal,10150.5,18.99,258820.0,82085.0,20788.0,-605014.0,-29.1041,0.7862,1.0492,43,34.66,-0.1355
NYK,MUM,LNG_Carrier,LPG,12555.7,17.21,1465865.0,112301.0,20170.0,-1816082.0,-90.0372,0.966,0.9943,52,32.87,-0.3558
LAG,HOU,Tanker,Crude Oil,10488.9,17.62,360394.0,102625.0,18091.0,-709273.0,-39.2065,0.9948,1.2123,35,48.47,-0.2195
SHA,NYK,Reefer,Refrigerated Goods,11860.8,17.42,455025.0,119291.0,12471.0,-823087.0,-66.0019,0.9466,0.9149,44,81.55,-0.4092
HOU,RTM,LNG_Carrier,LPG,8072.0,10.79,882530.0,121937.0,25405.0,-1140945.0,-44.91,0.9703,1.2467,52,31.16,-0.2476
CPT,JEA,Reefer,Perishables,7606.3,10.89,253225.0,63541.0,11139.0,-468917.0,-42.0985,0.9779,1.0547,45,47.3,-0.1572
COL,NYK,Container_Ship,Containers,14086.8,15.23,1533413.0,101918.0,92146.0,-1771612.0,-19.2261,0.8637,0.9878,50,84.91,-0.8544
MUM,HOU,LNG_Carrier,LNG,14456.2,19.5,1389844.0,98103.0,31181.0,-1749313.0,-56.102,0.9675,1.2277,25,44.62,-0.4384
CPT,BUS,Bulk_Carrier,Coal,13800.1,27.02,370709.0,80834.0,27475.0,-829346.0,-30.186,0.9807,1.1118,52,45.8,-0.2177
KHI,HAM,Reefer,Pharmaceuticals,5660.0,7.91,169033.0,76949.0,83885.0,-280719.0,-3.3465,0.8336,1.0483,19,66.7,-0.1434
COL,RTM,Reefer,Pharmaceuticals,8401.4,11.72,305072.0,89710.0,86578.0,-484035.0,-5.5907,0.8445,1.068,59,30.17,-0.1005
NYK,SHA,LNG_Carrier,LPG,11860.8,14.11,1064991.0,136011.0,18071.0,-1394560.0,-77.1723,0.8633,0.9968,18,73.84,-0.6277
CPT,KHI,Reefer,Pharmaceuticals,8308.9,10.95,240727.0,50637.0,96863.0,-358806.0,-3.7043,0.9829,1.0266,58,41.96,-0.1039
JEA,ANT,Tanker,Crude Oil,5160.9,8.98,172232.0,93238.0,13055.0,-387121.0,-29.6522,0.8711,0.9991,25,48.25,-0.1461
HAM,RTM,Bulk_Carrier,Grain,406.5,0.73,11779.0,126645.0,49894.0,-99468.0,-1.9936,0.7996,1.2381,37,61.45,-0.0598
SAN,SYD,LNG_Carrier,LPG,13322.4,17.83,1330355.0,101738.0,18866.0,-1680734.0,-89.086,0.9554,0.9404,68,77.3,-0.7556
LAX,HOU,Tanker,Fuel Oil,2204.4,3.63,78319.0,136236.0,98386.0,-170567.0,-1.7337,0.9709,1.2064,27,46.16,-0.0704
HAM,ANT,Bulk_Carrier,Coal,453.6,0.86,13543.0,127318.0,22420.0,-131276.0,-5.8553,0.8028,1.1083,23,61.3,-0.0785
LAG,SHA,Bulk_Carrier,Iron Ore,12229.8,21.39,333990.0,80486.0,18444.0,-716932.0,-38.8707,0.9022,1.0325,59,57.7,-0.2492
HOU,SYD,Tanker,Chemical,13818.5,23.24,542114.0,121179.0,132601.0,-879249.0,-6.6308,0.8623,0.9046,63,51.13,-0.2575
ANT,RTM,LNG_Carrier,LPG,78.1,0.1,8399.0,124702.0,20998.0,-113597.0,-5.4098,0.8562,1.1678,24,62.09,-0.0702
SGP,ANT,Reefer,Perishables,10551.1,13.82,308286.0,104271.0,9312.0,-610494.0,-65.5606,0.7638,1.1288,36,65.89,-0.2563
COL,KHI,Container_Ship,Auto Parts,2418.3,2.51,292415.0,43498.0,272790.0,-100720.0,-0.3692,0.9761,1.0351,69,74.25,-0.0661
LAG,LAX,LNG_Carrier,LNG,12430.0,16.39,1210784.0,87333.0,24481.0,-1519479.0,-62.0684,0.9118,1.0228,59,49.38,-0.449
LAG,TYO,Reefer,Frozen Fish,13474.1,19.41,477543.0,100939.0,18164.0,-851435.0,-46.8748,0.8216,1.2283,38,32.64,-0.1609
COL,LAG,Tanker,Crude Oil,8435.8,14.82,309290.0,60247.0,14379.0,-577492.0,-40.1609,0.9425,1.0171,53,68.91,-0.2734
SHA,BUS,Bulk_Carrier,Grain,832.1,1.55,25561.0,98152.0,39690.0,-107290.0,-2.7032,0.8119,0.97,68,51.43,-0.0528
JEA,CPT,Tanker,Crude Oil,7606.3,14.2,294181.0,60123.0,13069.0,-554258.0,-42.4114,0.7741,1.1255,37,79.09,-0.3108
SGP,HOU,Container_Ship,Electronics,16004.8,18.19,1795686.0,104251.0,240296.0,-1932496.0,-8.0421,0.8107,0.988,71,83.01,-0.8605
KHI,TYO,Tanker,Fuel Oil,6926.4,11.55,259218.0,105017.0,72959.0,-464515.0,-6.3668,0.7856,1.1056,38,49.41,-0.167
SGP,ANT,LNG_Carrier,LPG,10551.1,13.72,1149072.0,102762.0,16854.0,-1440715.0,-85.4846,0.7997,1.0036,27,58.65,-0.5383
SAN,HAM,Reefer,Frozen Fish,10166.5,14.38,374131.0,89998.0,16376.0,-663397.0,-40.5097,0.9254,0.9831,60,57.63,-0.2468
TYO,LAX,Reefer,Frozen Fish,8839.0,12.84,275022.0,148218.0,15898.0,-599909.0,-37.736,0.8581,1.0293,52,81.54,-0.3311
HAM,SGP,LNG_Carrier,LPG,10154.8,12.32,998399.0,109278.0,15200.0,-1277344.0,-84.0366,0.792,0.9139,41,53.96,-0.4452
KHI,RTM,Bulk_Carrier,Grain,5993.9,11.58,152279.0,91101.0,49814.0,-367271.0,-7.3728,0.9496,1.0408,57,32.4,-0.0899
SGP,SHA,Container_Ship,Electronics,3810.3,4.11,420352.0,105269.0,343603.0,-243728.0,-0.7093,0.9973,1.1484,58,69.49,-0.1405
LAX,JEA,Tanker,Fuel Oil,13447.6,23.31,515528.0,107924.0,86359.0,-886782.0,-10.2685,0.9432,1.09,54,42.21,-0.2169
CPT,COL,Reefer,Frozen Fish,7888.4,10.18,232402.0,48202.0,14419.0,-418841.0,-29.0471,0.7611,1.0526,52,61.94,-0.182
JEA,COL,Tanker,Crude Oil,3316.6,5.59,114239.0,69126.0,14029.0,-253205.0,-18.0485,0.9831,0.9514,25,58.51,-0.1256
SGP,CPT,Tanker,Chemical,9665.9,17.49,329628.0,79263.0,152998.0,-518242.0,-3.3872,0.9339,0.9636,48,56.21,-0.1914
LAG,SAN,Reefer,Pharmaceuticals,6362.4,9.2,227510.0,69015.0,108510.0,-326013.0,-3.0044,0.9292,1.2165,66,57.88,-0.1404
SGP,NYK,Tanker,Crude Oil,15342.9,26.17,575624.0,123108.0,16044.0,-1075295.0,-67.0217,0.9265,1.1544,67,81.76,-0.4808
SHA,KHI,Container_Ship,Containers,5340.0,5.8,600891.0,76292.0,104510.0,-659730.0,-6.3126,0.836,1.1576,64,81.24,-0.416
CPT,COL,Reefer,Refrigerated Goods,7888.4,11.37,265881.0,48117.0,12841.0,-471697.0,-36.7323,0.8182,1.0899,22,89.32,-0.2955
LAX,LAG,Reefer,Pharmaceuticals,12430.0,15.77,364447.0,91573.0,66724.0,-625889.0,-9.3803,0.7667,0.9066,48,63.62,-0.2383
JEA,BUS,Container_Ship,Electronics,7055.4,7.27,706077.0,89391.0,263847.0,-640699.0,-2.4283,0.793,1.1091,51,60.98,-0.2829
SGP,SYD,Container_Ship,Electronics,6299.1,7.14,834006.0,98110.0,286233.0,-753035.0,-2.6308,0.8117,1.1755,61,75.35,-0.4234
HAM,KHI,Container_Ship,Containers,5660.0,6.25,613299.0,81262.0,92828.0,-695507.0,-7.4924,0.7997,1.0749,22,88.63,-0.4721
JEA,TYO,Container_Ship,Electronics,7963.6,9.16,1046304.0,127819.0,246879.0,-1064605.0,-4.3123,0.8886,0.9261,47,51.08,-0.3803
JEA,SAN,Bulk_Carrier,Iron Ore,12181.9,23.21,371290.0,75908.0,21713.0,-773576.0,-35.6274,0.9931,1.1043,24,75.06,-0.3503
LAG,BUS,Container_Ship,Containers,12692.5,14.66,1631386.0,77539.0,88542.0,-1840278.0,-20.7843,0.7766,1.0557,36,48.84,-0.5333
ANT,COL,Container_Ship,Machinery,8396.7,9.25,908701.0,76191.0,199265.0,-924357.0,-4.6388,0.8411,1.234,40,52.07,-0.3312
TYO,LAX,LNG_Carrier,LNG,8839.0,11.28,827349.0,149941.0,27710.0,-1118753.0,-40.3729,0.9462,1.1157,32,47.74,-0.3615
SHA,LAX,Reefer,Frozen Fish,10457.0,13.51,359114.0,125233.0,15765.0,-671195.0,-42.5744,0.7696,1.138,29,73.48,-0.3152
SHA,MUM,Reefer,Perishables,5043.9,6.55,147830.0,79966.0,10312.0,-315801.0,-30.6259,0.9337,1.0226,66,43.87,-0.1089
SHA,HOU,Reefer,Frozen Fish,12195.4,16.64,405003.0,124416.0,20139.0,-758828.0,-37.6799,0.925,1.2095,52,51.29,-0.2347
NYK,BUS,Bulk_Carrier,Iron Ore,11254.3,19.64,272607.0,115771.0,23343.0,-659705.0,-28.2618,0.9649,1.2218,31,79.92,-0.328
RTM,HAM,Tanker,Chemical,406.5,0.66,12095.0,115408.0,179649.0,42218.0,0.235,0.962,1.0984,43,33.05,0.0137
KHI,SHA,Tanker,Fuel Oil,5340.0,9.56,216992.0,76539.0,69575.0,-367378.0,-5.2803,0.8397,0.9864,47,71.71,-0.2045
HAM,HOU,Bulk_Carrier,Coal,8306.0,15.5,229661.0,128206.0,25405.0,-564972.0,-22.2383,0.8726,1.1554,32,65.29,-0.2546
SGP,HAM,Reefer,Perishables,10154.8,13.68,343839.0,100649.0,10480.0,-639195.0,-60.9926,0.8181,1.186,57,77.77,-0.321
NYK,RTM,LNG_Carrier,LNG,5858.2,7.73,578570.0,139307.0,31013.0,-802868.0,-25.8882,0.9669,1.2219,61,34.8,-0.2123
ANT,KHI,Tanker,Fuel Oil,5992.6,9.69,222188.0,87603.0,77456.0,-377725.0,-4.8766,0.9816,0.9394,29,65.66,-0.1874
SGP,MUM,Tanker,Chemical,3906.7,6.35,120077.0,79234.0,152336.0,-142221.0,-0.9336,0.829,1.0809,54,53.34,-0.0626
TYO,COL,Container_Ship,Machinery,6846.1,7.04,694268.0,95200.0,219054.0,-675962.0,-3.0858,0.9432,1.2097,24,89.26,-0.4405
CPT,NYK,Bulk_Carrier,Coal,12566.3,24.81,397008.0,93055.0,21730.0,-840477.0,-38.6782,0.8727,0.988,63,55.39,-0.2773
HAM,KHI,Bulk_Carrier,Iron Ore,5660.0,11.05,152558.0,78582.0,17283.0,-379681.0,-21.969,0.7656,1.1401,47,55.25,-0.1607
JEA,KHI,LNG_Carrier,LPG,1207.1,1.59,136722.0,63506.0,21529.0,-202483.0,-9.405,0.8204,1.2496,18,33.53,-0.0637
HOU,SAN,LNG_Carrier,LNG,7942.5,9.58,766381.0,101357.0,20828.0,-990626.0,-47.5615,0.8199,0.9678,34,34.32,-0.2379
RTM,TYO,LNG_Carrier,LPG,9345.2,12.84,898435.0,133288.0,18534.0,-1205780.0,-65.057,0.8164,1.0811,65,89.27,-0.7154
LAG,NYK,LNG_Carrier,LNG,8481.1,11.81,892714.0,104922.0,27059.0,-1147656.0,-42.4131,0.8632,1.1942,25,53.06,-0.4177
SHA,KHI,Tanker,Fuel Oil,5340.0,9.41,185582.0,79589.0,90611.0,-315691.0,-3.484,0.9633,1.1198,45,31.2,-0.0765
CPT,LAX,Container_Ship,Electronics,16044.7,18.01,1790000.0,101003.0,306159.0,-1854943.0,-6.0588,0.8886,1.1484,20,55.03,-0.547
RTM,KHI,Container_Ship,Auto Parts,5993.9,7.04,717138.0,82064.0,221953.0,-682863.0,-3.0766,0.9007,0.9127,54,81.47,-0.4203
MUM,HAM,Container_Ship,Machinery,6551.7,7.71,772267.0,101186.0,199394.0,-789658.0,-3.9603,0.9102,1.1409,63,30.28,-0.1766
CPT,SGP,Bulk_Carrier,Coal,9665.9,17.38,269640.0,70373.0,22686.0,-578034.0,-25.4798,0.7923,1.1362,70,31.88,-0.1211
RTM,ANT,Bulk_Carrier,Bauxite,78.1,0.14,2246.0,114869.0,6930.0,-112262.0,-16.1994,0.7597,1.0136,41,47.83,-0.0535
ANT,RTM,LNG_Carrier,LNG,78.1,0.1,6851.0,117719.0,24624.0,-101440.0,-4.1196,0.7642,1.2276,38,72.76,-0.0735
RTM,TYO,Bulk_Carrier,Grain,9345.2,16.19,265364.0,139724.0,56489.0,-591383.0,-10.4689,0.9328,1.2016,52,37.86,-0.1488
RTM,JEA,LNG_Carrier,LNG,5176.2,6.49,502086.0,109200.0,20711.0,-687910.0,-33.2146,0.8529,0.9251,35,49.31,-0.2651
COL,ANT,LNG_Carrier,LNG,8396.7,11.65,834111.0,86527.0,23888.0,-1071530.0,-44.857,0.8654,1.0515,28,47.42,-0.3496
JEA,TYO,Reefer,Perishables,7963.6,11.41,263240.0,113531.0,9395.0,-538562.0,-57.325,0.8097,1.0743,49,76.85,-0.2894
KHI,TYO,Reefer,Perishables,6926.4,9.01,221579.0,92101.0,9728.0,-439160.0,-45.1447,0.8677,1.038,65,66.67,-0.2131
LAX,MUM,Bulk_Carrier,Coal,14043.2,28.39,446556.0,87470.0,24858.0,-935060.0,-37.6154,0.8215,1.2008,37,51.88,-0.2759
SAN,JEA,Container_Ship,Containers,12181.9,13.21,1513806.0,70204.0,79051.0,-1703088.0,-21.5441,0.7677,0.9534,68,53.17,-0.5462
JEA,COL,Reefer,Frozen Fish,3316.6,4.77,115055.0,59767.0,16416.0,-229936.0,-14.0071,0.8405,1.0851,30,39.61,-0.0772
SYD,LAX,Container_Ship,Auto Parts,12054.8,13.7,1555825.0,117540.0,260720.0,-1618134.0,-6.2064,0.9019,1.0706,25,42.09,-0.4125
LAG,BUS,Bulk_Carrier,Coal,12692.5,23.41,332420.0,74863.0,29576.0,-728868.0,-24.6439,0.959,1.2238,22,63.6,-0.275
CPT,SHA,Reefer,Frozen Fish,12978.3,18.01,476790.0,87995.0,20270.0,-814599.0,-40.188,0.9136,1.2326,33,45.59,-0.2184
NYK,SHA,Tanker,Fuel Oil,11860.8,21.81,489940.0,135815.0,88196.0,-864688.0,-9.8041,0.8959,1.172,69,45.86,-0.2417
MUM,ANT,Container_Ship,Auto Parts,6885.8,7.05,828335.0,90871.0,320341.0,-704604.0,-2.1995,0.9587,1.2376,27,31.11,-0.1598
COL,SGP,Container_Ship,Containers,2732.3,2.89,287677.0,69535.0,130420.0,-270103.0,-2.071,0.9954,1.2131,65,57.19,-0.1346
HAM,BUS,LNG_Carrier,LNG,8550.1,11.83,827078.0,115480.0,24658.0,-1095315.0,-44.421,0.9049,1.0381,60,56.79,-0.4256
COL,RTM,Bulk_Carrier,Grain,8401.4,15.28,217432.0,79854.0,40580.0,-485971.0,-11.9756,0.8596,0.9366,38,43.18,-0.1443
MUM,COL,Container_Ship,Containers,1535.0,1.75,193405.0,51301.0,114903.0,-156024.0,-1.3579,0.874,1.2172,23,43.3,-0.0624
KHI,CPT,Reefer,Pharmaceuticals,8308.9,10.86,257231.0,45677.0,83807.0,-381933.0,-4.5573,0.9681,0.9018,32,87.17,-0.2298
TYO,HAM,LNG_Carrier,LPG,8979.6,12.5,1005653.0,151413.0,16912.0,-1327687.0,-78.5063,0.7849,1.0261,55,88.05,-0.7873
SHA,ANT,Tanker,Crude Oil,8980.7,15.07,281983.0,104186.0,13677.0,-598572.0,-43.7638,0.9638,0.946,45,39.36,-0.1587
MUM,COL,Container_Ship,Containers,1535.0,1.62,181284.0,57631.0,104384.0,-158845.0,-1.5217,0.8536,1.1323,38,36.35,-0.0533
JEA,SYD,Bulk_Carrier,Iron Ore,12058.9,21.71,291151.0,104772.0,18851.0,-702744.0,-37.2796,0.8551,1.1134,58,61.2,-0.2605
SHA,ANT,LNG_Carrier,LNG,8980.7,12.03,917021.0,113132.0,25382.0,-1185259.0,-46.6976,0.7995,1.2095,27,43.97,-0.3509
HOU,BUS,Reefer,Perishables,11424.5,14.45,337967.0,117458.0,7928.0,-664195.0,-83.7823,0.7572,0.9694,68,53.47,-0.2196
RTM,SAN,LNG_Carrier,LNG,9775.5,13.43,1153537.0,98452.0,21178.0,-1432214.0,-67.6263,0.8334,0.9681,53,41.46,-0.3886
RTM,BUS,Reefer,Frozen Fish,8936.6,12.5,275796.0,120050.0,16488.0,-566813.0,-34.3775,0.8221,1.1142,68,48.52,-0.1855
MUM,HOU,Bulk_Carrier,Grain,14456.2,25.94,340178.0,97097.0,59547.0,-766855.0,-12.8781,0.9505,1.243,31,50.22,-0.2163
SAN,CPT,Tanker,Crude Oil,6297.2,10.55,218230.0,68414.0,17973.0,-426896.0,-23.7527,0.9642,1.2427,38,83.62,-0.2664
SYD,HAM,LNG_Carrier,LNG,16284.4,22.25,1810610.0,113833.0,25115.0,-2233090.0,-88.9139,0.8451,1.1322,47,75.27,-0.8944
LAG,LAX,Tanker,Crude Oil,12430.0,23.02,483305.0,100197.0,15028.0,-913797.0,-60.8066,0.8934,1.1214,51,81.39,-0.445
HAM,SGP,Tanker,Crude Oil,10154.8,19.08,428666.0,101209.0,18546.0,-797568.0,-43.0058,0.9915,1.2469,29,54.86,-0.2826
BUS,LAX,Reefer,Refrigerated Goods,9637.7,12.92,297207.0,105271.0,12276.0,-583973.0,-47.5704,0.7916,1.0769,40,57.97,-0.2227
KHI,TYO,Bulk_Carrier,Coal,6926.4,11.99,186216.0,93288.0,19752.0,-439575.0,-22.2552,0.7789,1.0062,67,87.0,-0.2783
LAG,HAM,Container_Ship,Containers,5272.3,5.85,653570.0,92059.0,97436.0,-735876.0,-7.5524,0.884,1.0205,55,48.54,-0.278
KHI,CPT,Container_Ship,Electronics,8308.9,8.9,1053666.0,50361.0,333565.0,-904024.0,-2.7102,0.8959,1.2411,60,83.38,-0.5203
RTM,BUS,LNG_Carrier,LPG,8936.6,11.89,1029849.0,115463.0,18751.0,-1304878.0,-69.5891,0.8673,1.0296,42,42.18,-0.3712
HAM,SAN,Tanker,Crude Oil,10166.5,16.74,356722.0,87519.0,13210.0,-682188.0,-51.641,0.9489,0.9281,32,84.53,-0.3723
NYK,CPT,LNG_Carrier,LPG,12566.3,16.27,1321404.0,95622.0,19079.0,-1642034.0,-86.0665,0.9352,0.9715,35,81.79,-0.8001
SAN,ANT,Reefer,Refrigerated Goods,9716.8,13.93,326211.0,89051.0,15418.0,-608841.0,-39.4901,0.9805,1.092,47,68.01,-0.2716
RTM,JEA,Reefer,Refrigerated Goods,5176.2,6.84,152131.0,97416.0,16091.0,-336040.0,-20.8835,0.9449,1.1826,22,44.68,-0.1173
HOU,BUS,Tanker,Chemical,11424.5,19.17,430379.0,126854.0,153947.0,-690871.0,-4.4877,0.9816,0.9226,20,55.32,-0.2364
LAG,HOU,Reefer,Perishables,10488.9,13.72,304278.0,107525.0,11009.0,-606588.0,-55.1007,0.922,1.1055,54,37.01,-0.1433
CPT,SHA,LNG_Carrier,LPG,12978.3,17.6,1328346.0,86852.0,16738.0,-1662465.0,-99.3203,0.7788,1.0235,54,61.29,-0.5991
COL,SYD,Reefer,Perishables,8748.1,11.64,247628.0,75804.0,8849.0,-489114.0,-55.2746,0.8045,1.0185,63,44.42,-0.1476
HAM,NYK,Tanker,Crude Oil,6125.8,10.62,208558.0,135400.0,13141.0,-490173.0,-37.2998,0.7744,1.1314,68,51.35,-0.1891
SYD,ANT,Tanker,Fuel Oil,16725.3,29.08,669172.0,124408.0,62444.0,-1167352.0,-18.6945,0.7988,0.9307,55,34.77,-0.2133
CPT,SGP,Tanker,Fuel Oil,9665.9,16.87,368219.0,71938.0,73560.0,-619605.0,-8.4231,0.9333,0.9383,43,88.95,-0.3621
TYO,COL,LNG_Carrier,LPG,6846.1,8.68,730316.0,95038.0,18424.0,-937197.0,-50.8677,0.844,1.0395,59,68.25,-0.467
HAM,SHA,LNG_Carrier,LPG,8527.4,10.19,751062.0,113490.0,19197.0,-998143.0,-51.994,0.8141,1.123,67,63.31,-0.4327
SHA,KHI,Reefer,Perishables,5340.0,7.78,190391.0,71375.0,11198.0,-367301.0,-32.8018,0.9676,1.0715,43,33.45,-0.0954
NYK,JEA,Tanker,Crude Oil,11017.6,19.72,368756.0,113954.0,13091.0,-765442.0,-58.469,0.8101,1.0773,53,56.18,-0.2696
ANT,LAX,Reefer,Perishables,9036.9,12.0,295560.0,116705.0,11346.0,-580847.0,-51.1943,0.9734,1.0793,25,83.35,-0.3254
HOU,HAM,Container_Ship,Containers,8306.0,9.86,992943.0,132972.0,79996.0,-1193852.0,-14.924,0.7795,0.9502,71,80.8,-0.666
LAG,SHA,LNG_Carrier,LNG,12229.8,15.62,1155424.0,84122.0,29431.0,-1444358.0,-49.0758,0.9068,1.2365,53,50.84,-0.4423
NYK,COL,LNG_Carrier,LPG,14086.8,17.74,1462204.0,106828.0,18015.0,-1817100.0,-100.8673,0.7797,1.1002,27,46.18,-0.4766
SGP,MUM,Container_Ship,Containers,3906.7,4.37,412163.0,71840.0,103518.0,-446075.0,-4.3092,0.9399,1.0197,32,47.77,-0.176
ANT,CPT,Tanker,Chemical,9566.7,17.79,384424.0,80905.0,126058.0,-606079.0,-4.8079,0.7966,0.9309,62,48.87,-0.1953
KHI,MUM,Tanker,Fuel Oil,893.2,1.59,31493.0,48836.0,96850.0,-7270.0,-0.0751,0.9426,1.2232,18,59.97,-0.0042
ANT,RTM,Tanker,Chemical,78.1,0.14,3095.0,125482.0,159536.0,28889.0,0.1811,0.8823,1.0637,66,39.12,0.0113
HOU,RTM,Reefer,Frozen Fish,8072.0,10.28,226398.0,143222.0,13626.0,-510203.0,-37.4436,0.763,0.9921,22,43.12,-0.1532
RTM,JEA,LNG_Carrier,LNG,5176.2,6.34,477904.0,106660.0,23529.0,-656072.0,-27.8832,0.8417,1.0649,26,45.27,-0.2321
JEA,HAM,Tanker,Chemical,4892.2,8.42,174649.0,97751.0,142811.0,-255867.0,-1.7917,0.8148,1.0311,65,36.38,-0.0736
NYK,HAM,Bulk_Carrier,Bauxite,6125.8,11.94,194666.0,138756.0,9371.0,-503181.0,-53.6977,0.9691,1.0744,38,55.44,-0.2096
HOU,ANT,Tanker,Chemical,8102.1,14.51,307451.0,128179.0,154754.0,-498568.0,-3.2217,0.7988,1.1396,20,69.58,-0.2413
JEA,COL,Container_Ship,Machinery,3316.6,3.54,394455.0,61541.0,144497.0,-364529.0,-2.5227,0.7609,0.9891,59,54.46,-0.1684
LAX,HAM,Reefer,Perishables,9100.3,11.52,295195.0,131995.0,9680.0,-590378.0,-60.9897,0.8552,1.048,53,59.79,-0.2367
BUS,SYD,Container_Ship,Machinery,8015.7,8.74,983515.0,110273.0,190963.0,-1033903.0,-5.4142,0.8107,1.2269,30,59.18,-0.4271
LAG,COL,LNG_Carrier,LNG,8435.8,11.61,864312.0,59910.0,27545.0,-1070883.0,-38.8771,0.9354,1.1218,41,38.48,-0.2831
SYD,KHI,Reefer,Perishables,11020.1,13.87,309082.0,72622.0,10360.0,-579380.0,-55.9233,0.947,1.013,33,67.25,-0.2443
NYK,HAM,LNG_Carrier,LPG,6125.8,8.26,564512.0,128304.0,20677.0,-796100.0,-38.5013,0.9463,1.0405,62,50.24,-0.3006
SYD,COL,Tanker,Chemical,8748.1,14.1,277842.0,85386.0,143585.0,-431092.0,-3.0023,0.9153,0.9228,69,69.44,-0.2033
SGP,ANT,Tanker,Chemical,10551.1,18.15,410884.0,107601.0,178780.0,-611918.0,-3.4227,0.9452,1.1127,36,67.33,-0.2625
HOU,SGP,Container_Ship,Electronics,16004.8,16.59,1761542.0,105281.0,262643.0,-1852987.0,-7.0551,0.7921,1.1053,34,46.14,-0.4586
HAM,ANT,Container_Ship,Auto Parts,453.6,0.47,47309.0,111372.0,252100.0,86419.0,0.3428,0.8249,1.1319,42,47.54,0.0401
JEA,SYD,Container_Ship,Containers,12058.9,13.03,1345098.0,87943.0,88076.0,-1540451.0,-17.49,0.7504,1.0868,40,43.65,-0.4072
ANT,BUS,Tanker,Chemical,8997.1,16.88,357433.0,108171.0,191724.0,-527103.0,-2.7493,0.9045,1.2468,29,82.21,-0.2916
KHI,CPT,LNG_Carrier,LPG,8308.9,10.37,889559.0,47185.0,22145.0,-1070192.0,-48.3259,0.8586,1.2283,42,49.7,-0.3672
COL,KHI,LNG_Carrier,LNG,2418.3,3.1,221285.0,47692.0,30139.0,-285358.0,-9.4682,0.9658,1.1888,71,30.72,-0.0775
COL,ANT,Reefer,Frozen Fish,8396.7,11.01,271101.0,89734.0,15394.0,-510590.0,-33.1688,0.8162,1.0478,35,56.81,-0.1996
SGP,CPT,Tanker,Chemical,9665.9,18.18,390897.0,68922.0,160289.0,-572233.0,-3.57,0.8662,1.0885,40,74.82,-0.2813
NYK,SHA,Tanker,Fuel Oil,11860.8,22.19,516861.0,139499.0,71046.0,-918203.0,-12.924,0.8571,0.9868,58,36.49,-0.2042
ANT,SYD,Reefer,Frozen Fish,16725.3,23.59,624354.0,116035.0,13784.0,-1080490.0,-78.3864,0.7847,0.9759,60,73.91,-0.4196
HOU,SHA,Container_Ship,Containers,12195.4,13.77,1582853.0,117280.0,86319.0,-1820400.0,-21.0891,0.786,1.0168,26,30.39,-0.3335
NYK,TYO,LNG_Carrier,LNG,10853.1,14.8,1015934.0,147747.0,25856.0,-1359803.0,-52.592,0.9425,1.045,23,42.6,-0.3652
ANT,LAG,Container_Ship,Electronics,4978.7,5.49,601793.0,88944.0,296362.0,-476735.0,-1.6086,0.9827,1.0053,22,69.98,-0.2629
JEA,HOU,LNG_Carrier,LPG,13157.3,17.51,1312865.0,108374.0,23449.0,-1660433.0,-70.8112,0.9347,1.1946,41,84.66,-0.8219
HAM,LAX,Bulk_Carrier,Iron Ore,9100.3,16.66,268419.0,122569.0,14657.0,-626267.0,-42.7272,0.7854,0.9426,67,58.21,-0.2444
HAM,JEA,Reefer,Pharmaceuticals,4892.2,7.11,175172.0,88903.0,89903.0,-280858.0,-3.124,0.7623,1.2285,53,57.43,-0.1276
SAN,SHA,Bulk_Carrier,Bauxite,18568.6,37.58,613672.0,94738.0,10615.0,-1261446.0,-118.8365,0.9743,1.2106,36,85.92,-0.5412
HOU,COL,LNG_Carrier,LNG,15903.9,20.25,1696567.0,86614.0,29136.0,-2057845.0,-70.628,0.9787,1.1342,48,59.15,-0.6549
HAM,NYK,LNG_Carrier,LPG,6125.8,8.02,574490.0,128861.0,21575.0,-802067.0,-37.1756,0.9581,1.0723,60,46.56,-0.2806
LAG,SAN,LNG_Carrier,LNG,6362.4,8.66,615439.0,60590.0,22457.0,-783535.0,-34.8906,0.757,1.1301,53,82.95,-0.4837
LAX,NYK,Tanker,Fuel Oil,3948.9,6.59,131970.0,139935.0,76532.0,-294209.0,-3.8443,0.7621,1.1955,50,64.19,-0.1557
HOU,SAN,Bulk_Carrier,Iron Ore,7942.5,14.12,210543.0,103250.0,20857.0,-504795.0,-24.2025,0.9273,1.136,51,81.65,-0.2885
HAM,SHA,Tanker,Crude Oil,8527.4,15.99,326682.0,114745.0,11334.0,-670016.0,-59.1152,0.7938,0.9519,33,79.98,-0.3669
LAX,SYD,LNG_Carrier,LNG,12054.8,15.18,1059759.0,120629.0,28142.0,-1379931.0,-49.0351,0.9883,1.0847,21,42.45,-0.3548
NYK,JEA,Reefer,Pharmaceuticals,11017.6,15.02,365966.0,101795.0,91503.0,-601602.0,-6.5747,0.7821,1.2187,70,85.37,-0.322
RTM,MUM,Tanker,Crude Oil,6887.0,12.88,282184.0,98153.0,15283.0,-558232.0,-36.5275,0.829,1.229,55,31.5,-0.1282
SGP,HOU,Bulk_Carrier,Bauxite,16004.8,32.47,466389.0,118020.0,7524.0,-1063938.0,-141.4016,0.8208,1.0186,60,55.54,-0.317
ANT,SYD,LNG_Carrier,LPG,16725.3,20.34,1656634.0,119830.0,17822.0,-2063772.0,-115.798,0.8821,0.9621,42,84.33,-0.9145
BUS,HOU,Tanker,Crude Oil,11424.5,18.5,406590.0,122442.0,13050.0,-793421.0,-60.7999,0.956,0.91,64,83.44,-0.4094
MUM,SHA,Bulk_Carrier,Bauxite,5043.9,10.15,161541.0,78543.0,6659.0,-385729.0,-57.9236,0.8202,0.9022,50,33.55,-0.1017
SAN,KHI,Container_Ship,Containers,13337.2,15.12,1694410.0,52302.0,100095.0,-1873442.0,-18.7166,0.9004,1.0294,49,40.01,-0.4357
NYK,TYO,Tanker,Fuel Oil,10853.1,18.22,334172.0,154648.0,89478.0,-672576.0,-7.5166,0.8583,1.2411,59,54.63,-0.2317
KHI,COL,Bulk_Carrier,Bauxite,2418.3,4.53,61094.0,45176.0,9916.0,-164235.0,-16.5623,0.9401,1.1721,22,83.74,-0.1217
JEA,BUS,Container_Ship,Machinery,7055.4,7.23,734388.0,96323.0,199737.0,-739358.0,-3.7017,0.8524,1.2204,53,30.29,-0.1622
HAM,SGP,Reefer,Frozen Fish,10154.8,13.48,328993.0,99237.0,14433.0,-615951.0,-42.6771,0.8651,0.9268,28,38.19,-0.1519
HAM,TYO,Reefer,Frozen Fish,8979.6,13.08,287777.0,127131.0,14894.0,-596249.0,-40.0323,0.884,0.936,41,88.17,-0.3541
SHA,JEA,Container_Ship,Auto Parts,6458.3,6.96,705265.0,94595.0,280727.0,-623552.0,-2.2212,0.9485,1.0962,42,75.57,-0.3494
RTM,ANT,Container_Ship,Electronics,78.1,0.08,8962.0,116451.0,311482.0,184841.0,0.5934,0.9676,1.0731,55,61.62,0.1134
ANT,SYD,Bulk_Carrier,Iron Ore,16725.3,29.57,474545.0,111527.0,17326.0,-1012311.0,-58.4259,0.9614,0.9102,55,73.64,-0.3917
LAG,ANT,Reefer,Pharmaceuticals,4978.7,6.98,153807.0,90560.0,81378.0,-267629.0,-3.2887,0.8962,0.9458,67,72.32,-0.1525
NYK,COL,Tanker,Fuel Oil,14086.8,23.8,488306.0,104748.0,69712.0,-880336.0,-12.6282,0.7872,1.0542,27,53.37,-0.2669
SAN,COL,LNG_Carrier,LNG,13986.2,18.44,1489306.0,62843.0,21991.0,-1806809.0,-82.1613,0.7979,1.0499,19,63.88,-0.6576
SHA,ANT,Tanker,Crude Oil,8980.7,15.75,310705.0,103895.0,14474.0,-636451.0,-43.9728,0.958,1.0072,18,40.54,-0.1737
HAM,CPT,Tanker,Fuel Oil,9764.5,15.85,338403.0,94746.0,74751.0,-596128.0,-7.9748,0.9776,0.9103,53,73.54,-0.287
LAG,SGP,Bulk_Carrier,Bauxite,11147.2,19.3,286698.0,71056.0,6819.0,-640366.0,-93.9031,0.8332,0.9094,62,80.0,-0.3198
LAG,BUS,Tanker,Chemical,12692.5,21.96,492592.0,75641.0,192538.0,-705064.0,-3.6619,0.9382,1.2072,27,84.25,-0.3525
RTM,SGP,Reefer,Frozen Fish,10534.9,13.73,295581.0,113058.0,12433.0,-602107.0,-48.4301,0.7509,0.9198,45,30.71,-0.1179
SHA,HOU,Reefer,Pharmaceuticals,12195.4,16.68,422731.0,115110.0,108024.0,-679977.0,-6.2947,0.9194,1.2239,71,72.51,-0.2973
MUM,ANT,LNG_Carrier,LNG,6885.8,8.9,763749.0,91947.0,22689.0,-966563.0,-42.6005,0.8319,1.039,22,49.18,-0.3465
SAN,HOU,Tanker,Fuel Oil,7942.5,14.45,300197.0,107309.0,70504.0,-553688.0,-7.8533,0.8503,0.9872,37,34.08,-0.132
HAM,BUS,Container_Ship,Containers,8550.1,9.22,928404.0,118435.0,80584.0,-1104507.0,-13.7063,0.7569,0.9857,32,58.57,-0.4426
HAM,SYD,Tanker,Fuel Oil,16284.4,29.19,596726.0,129044.0,66145.0,-1097435.0,-16.5913,0.8335,0.9447,70,57.35,-0.3349
HAM,HOU,Tanker,Fuel Oil,8306.0,14.2,305673.0,126002.0,70493.0,-574224.0,-8.1459,0.8249,1.0174,52,59.44,-0.2356
LAG,LAX,Tanker,Chemical,12430.0,20.89,424247.0,101242.0,210110.0,-628664.0,-2.9921,0.9965,1.2402,22,71.27,-0.2681
NYK,KHI,Bulk_Carrier,Iron Ore,11689.8,21.26,296494.0,98953.0,20995.0,-693412.0,-33.0275,0.9688,1.0945,43,51.29,-0.218
SGP,SYD,Reefer,Perishables,6299.1,8.16,211415.0,109793.0,10214.0,-433434.0,-42.4335,0.8711,1.0857,21,54.33,-0.1757
ANT,COL,Bulk_Carrier,Bauxite,8396.7,15.12,200009.0,84187.0,10139.0,-500826.0,-49.3945,0.9034,1.2471,67,32.32,-0.1114
LAG,KHI,LNG_Carrier,LNG,7048.8,9.77,782687.0,48773.0,30655.0,-947285.0,-30.9012,0.9522,1.2264,49,34.34,-0.2356
HOU,NYK,Bulk_Carrier,Iron Ore,2277.1,4.44,59675.0,146318.0,18419.0,-254202.0,-13.8011,0.9976,0.9325,39,68.53,-0.1551
SAN,ANT,Container_Ship,Electronics,9716.8,10.93,1132195.0,100118.0,315628.0,-1080583.0,-3.4236,0.9276,1.1342,36,41.4,-0.2934
SAN,COL,LNG_Carrier,LNG,13986.2,19.38,1427964.0,57024.0,21964.0,-1753677.0,-79.8421,0.888,0.9423,66,38.33,-0.3829
KHI,COL,Tanker,Chemical,2418.3,3.99,75589.0,47952.0,163539.0,-19900.0,-0.1217,0.8915,1.079,28,42.57,-0.0075
RTM,NYK,Bulk_Carrier,Coal,5858.2,11.29,185359.0,142576.0,22609.0,-474653.0,-20.9941,0.8449,1.0618,61,36.48,-0.1315
BUS,KHI,LNG_Carrier,LPG,5990.8,8.22,643496.0,66897.0,19251.0,-814458.0,-42.3078,0.8256,1.1104,47,71.93,-0.4427
SGP,SHA,Reefer,Refrigerated Goods,3810.3,5.28,123873.0,93528.0,13571.0,-282960.0,-20.8504,0.8443,1.1162,19,84.36,-0.198
BUS,SAN,Bulk_Carrier,Bauxite,18691.4,33.89,539810.0,90495.0,9045.0,-1129681.0,-124.8978,0.9953,1.0097,18,64.12,-0.3605
RTM,MUM,Bulk_Carrier,Iron Ore,6887.0,13.72,191997.0,93315.0,16976.0,-474112.0,-27.9289,0.801,1.0703,26,40.51,-0.14
KHI,LAX,Bulk_Carrier,Grain,13476.2,23.69,363185.0,91578.0,59317.0,-750788.0,-12.6572,0.9428,1.2484,35,66.99,-0.2911
KHI,LAG,Tanker,Crude Oil,7048.8,11.88,226214.0,52952.0,11961.0,-445442.0,-37.241,0.835,0.9549,68,59.04,-0.1905
HOU,NYK,Reefer,Pharmaceuticals,2277.1,2.92,73406.0,144559.0,106588.0,-155227.0,-1.4563,0.9823,1.1302,55,86.72,-0.1199
SHA,MUM,Bulk_Carrier,Iron Ore,5043.9,9.67,156147.0,84097.0,20576.0,-364670.0,-17.7228,0.847,1.227,34,59.1,-0.1694
MUM,LAX,Bulk_Carrier,Grain,14043.2,25.8,415937.0,93745.0,54634.0,-842012.0,-15.4118,0.8769,1.2362,38,43.14,-0.2066
SHA,CPT,Bulk_Carrier,Bauxite,12978.3,24.31,386616.0,84908.0,8806.0,-827418.0,-93.9572,0.9835,0.9949,50,57.12,-0.2779
LAX,SGP,Bulk_Carrier,Iron Ore,14141.5,25.38,371949.0,110176.0,21967.0,-840858.0,-38.2778,0.9253,1.199,47,54.19,-0.2584
CPT,LAG,Bulk_Carrier,Bauxite,4761.1,9.31,123941.0,58480.0,6596.0,-315423.0,-47.8212,0.7645,0.9586,30,31.68,-0.0795
HAM,KHI,Reefer,Perishables,5660.0,7.12,186876.0,89051.0,9707.0,-373071.0,-38.4347,0.7613,1.1805,43,38.63,-0.1104
SAN,NYK,Bulk_Carrier,Iron Ore,7737.9,14.86,246197.0,108835.0,17938.0,-559959.0,-31.2166,0.773,1.172,42,89.74,-0.3544
LAG,BUS,LNG_Carrier,LNG,12692.5,16.54,1157163.0,80992.0,25223.0,-1461107.0,-57.9275,0.7717,1.2451,46,51.05,-0.4426
HAM,HOU,Reefer,Refrigerated Goods,8306.0,10.72,224962.0,141402.0,17479.0,-509627.0,-29.1563,0.9982,1.216,52,72.12,-0.2537
SHA,TYO,Reefer,Perishables,1754.3,2.33,50864.0,137906.0,9584.0,-214074.0,-22.3359,0.7784,1.1401,25,65.21,-0.1275
RTM,TYO,Bulk_Carrier,Bauxite,9345.2,16.31,261982.0,154276.0,9718.0,-651127.0,-67.0026,0.9953,1.0849,59,43.76,-0.1894
HOU,BUS,Reefer,Refrigerated Goods,11424.5,15.87,422929.0,128026.0,13059.0,-776009.0,-59.4214,0.7744,1.1711,44,75.14,-0.3606
HOU,SAN,Reefer,Pharmaceuticals,7942.5,11.52,306751.0,115236.0,87413.0,-507436.0,-5.8051,0.7655,1.1894,49,62.0,-0.2202
JEA,HOU,Reefer,Pharmaceuticals,13157.3,18.72,438939.0,117665.0,77112.0,-760355.0,-9.8604,0.7857,1.0224,50,84.63,-0.3762
LAX,SAN,Reefer,Refrigerated Goods,9942.3,14.33,305576.0,109344.0,11718.0,-618153.0,-52.7545,0.7615,1.0685,21,70.81,-0.2848
COL,CPT,LNG_Carrier,LPG,7888.4,9.94,840894.0,54593.0,17232.0,-1027362.0,-59.6187,0.8725,0.9405,45,74.09,-0.5338
CPT,BUS,Tanker,Chemical,13800.1,22.47,491610.0,73303.0,138244.0,-763749.0,-5.5247,0.7958,1.0219,66,51.4,-0.2249
SGP,LAG,Reefer,Frozen Fish,11147.2,16.07,368346.0,71384.0,16458.0,-664315.0,-40.3631,0.7945,1.1508,66,68.7,-0.2849
CPT,HOU,Container_Ship,Electronics,13853.3,16.11,1536318.0,106567.0,329991.0,-1554510.0,-4.7108,0.9532,1.154,68,36.51,-0.3247
KHI,RTM,Tanker,Fuel Oil,5993.9,10.07,201250.0,86550.0,85981.0,-352939.0,-4.1049,0.9557,1.0711,30,75.71,-0.2019
SHA,COL,Reefer,Frozen Fish,5092.6,7.2,175131.0,72496.0,16201.0,-339428.0,-20.9513,0.8341,1.0791,28,52.35,-0.1394
JEA,CPT,Reefer,Frozen Fish,7606.3,10.32,236331.0,62447.0,18115.0,-435419.0,-24.0363,0.9431,1.0671,41,65.59,-0.2024
MUM,SYD,Tanker,Crude Oil,10150.5,18.73,371384.0,98988.0,15242.0,-736091.0,-48.2942,0.9036,1.1245,46,59.45,-0.2827
ANT,KHI,Bulk_Carrier,Coal,5992.6,11.95,176094.0,74436.0,27837.0,-401881.0,-14.4369,0.9936,1.1118,36,57.44,-0.1744
COL,KHI,Container_Ship,Containers,2418.3,2.75,304845.0,47205.0,84105.0,-309123.0,-3.6754,0.8614,0.9041,46,76.95,-0.2104
JEA,HOU,Tanker,Chemical,13157.3,22.15,483365.0,114487.0,170016.0,-760132.0,-4.4709,0.9433,1.0602,21,73.01,-0.3245
CPT,ANT,Container_Ship,Containers,9566.7,10.78,1018085.0,91821.0,101373.0,-1170265.0,-11.5441,0.8208,1.1436,59,75.34,-0.5813
ANT,HOU,Tanker,Crude Oil,8102.1,14.07,301137.0,140362.0,15788.0,-636693.0,-40.3289,0.9806,1.0733,18,70.52,-0.3123
RTM,SHA,Container_Ship,Electronics,8927.2,9.55,1062931.0,111536.0,286167.0,-1031518.0,-3.6046,0.99,0.9636,29,59.49,-0.4141
HOU,TYO,Bulk_Carrier,Coal,10740.5,21.06,317122.0,141438.0,29384.0,-745042.0,-25.3554,0.956,1.2197,70,65.61,-0.3094
JEA,CPT,Tanker,Fuel Oil,7606.3,13.89,267143.0,60558.0,74180.0,-461833.0,-6.2258,0.8133,1.0858,51,46.76,-0.1531
SHA,TYO,Tanker,Crude Oil,1754.3,2.84,56255.0,139867.0,10871.0,-227847.0,-20.9595,0.7802,0.9288,66,57.73,-0.1201
JEA,COL,Bulk_Carrier,Iron Ore,3316.6,5.94,95527.0,62689.0,15550.0,-231830.0,-14.9089,0.7601,1.0332,60,32.56,-0.064
SYD,JEA,Bulk_Carrier,Grain,12058.9,21.28,307014.0,105355.0,48140.0,-683477.0,-14.1976,0.8474,1.1271,18,82.9,-0.3432
MUM,TYO,Container_Ship,Containers,6733.0,7.99,912912.0,110953.0,115330.0,-1028362.0,-8.9167,0.8974,1.1899,37,81.27,-0.613
HAM,COL,Bulk_Carrier,Coal,8074.9,16.16,242897.0,77910.0,20598.0,-542559.0,-26.3405,0.7625,1.072,18,75.31,-0.2845
SAN,ANT,Container_Ship,Machinery,9716.8,10.26,1122575.0,94236.0,196991.0,-1173742.0,-5.9584,0.9061,1.1323,21,76.25,-0.587
LAG,BUS,Bulk_Carrier,Coal,12692.5,22.85,308833.0,73744.0,26323.0,-699030.0,-26.5558,0.9048,1.1544,24,88.61,-0.3675
MUM,NYK,LNG_Carrier,LNG,12555.7,15.4,1242352.0,114630.0,19442.0,-1568472.0,-80.6737,0.8189,0.9045,34,65.15,-0.609
COL,NYK,Bulk_Carrier,Grain,14086.8,28.0,386406.0,94652.0,49193.0,-851810.0,-17.3157,0.9395,1.039,61,36.96,-0.1788
COL,SHA,Tanker,Chemical,5092.6,9.09,199151.0,78192.0,188535.0,-225207.0,-1.1945,0.9719,1.1411,18,49.19,-0.0869
NYK,HAM,LNG_Carrier,LNG,6125.8,7.86,646353.0,145268.0,19317.0,-890172.0,-46.0828,0.7603,0.9679,36,60.17,-0.4025
SGP,NYK,LNG_Carrier,LNG,15342.9,20.22,1421769.0,109272.0,22597.0,-1811747.0,-80.1766,0.786,1.0952,39,48.92,-0.4847
MUM,NYK,Container_Ship,Auto Parts,12555.7,14.42,1554333.0,98282.0,193423.0,-1675481.0,-8.6623,0.7561,0.9475,42,34.73,-0.3467
SYD,HOU,Tanker,Chemical,13818.5,22.6,508991.0,129874.0,139813.0,-838097.0,-5.9944,0.7613,1.0804,24,30.85,-0.1481
CPT,SGP,Reefer,Refrigerated Goods,9665.9,13.06,339430.0,78590.0,13524.0,-600462.0,-44.4007,0.8639,1.0871,38,65.79,-0.2596
BUS,HOU,Tanker,Chemical,11424.5,19.43,375270.0,118616.0,193214.0,-592111.0,-3.0645,0.9862,1.1524,34,78.19,-0.2864
SGP,ANT,LNG_Carrier,LNG,10551.1,13.64,1039486.0,98869.0,25807.0,-1317223.0,-51.0408,0.8715,1.1281,20,78.59,-0.6595
ANT,COL,Container_Ship,Electronics,8396.7,9.38,904203.0,87931.0,257200.0,-875664.0,-3.4046,0.7794,1.1001,63,49.75,-0.2997
ANT,RTM,Reefer,Pharmaceuticals,78.1,0.1,2619.0,117152.0,88915.0,-32382.0,-0.3642,0.9165,1.0106,21,69.56,-0.0224
LAX,CPT,Reefer,Frozen Fish,16044.7,22.05,544507.0,93581.0,19251.0,-949647.0,-49.3291,0.9349,1.144,67,47.79,-0.2432
LAX,CPT,Container_Ship,Machinery,16044.7,17.76,2016095.0,99769.0,190222.0,-2192016.0,-11.5235,0.834,1.1879,52,43.11,-0.5063
SGP,NYK,Container_Ship,Containers,15342.9,16.7,1786716.0,112796.0,103254.0,-2046806.0,-19.8229,0.9117,1.0487,22,73.15,-0.8188
MUM,KHI,Bulk_Carrier,Iron Ore,893.2,1.73,25016.0,56639.0,17634.0,-89955.0,-5.1011,0.8311,1.0717,45,43.65,-0.0375
SAN,CPT,Tanker,Crude Oil,6297.2,11.69,234698.0,61166.0,14245.0,-457015.0,-32.0819,0.9881,0.9611,66,57.74,-0.1969
BUS,COL,LNG_Carrier,LNG,5911.7,7.85,672786.0,77246.0,22200.0,-845535.0,-38.0869,0.8456,1.0001,27,74.49,-0.4774
HOU,LAG,LNG_Carrier,LNG,10488.9,12.57,1057027.0,93397.0,25479.0,-1313454.0,-51.5503,0.8619,1.1262,48,33.39,-0.28
HAM,MUM,Reefer,Refrigerated Goods,6551.7,8.66,220667.0,93489.0,13160.0,-430828.0,-32.7369,0.8318,1.0987,39,59.06,-0.1879
SYD,SAN,Container_Ship,Containers,13322.4,14.92,1609807.0,98536.0,104055.0,-1828020.0,-17.5677,0.8529,1.1296,54,47.71,-0.5072
ANT,KHI,Tanker,Crude Oil,5992.6,10.84,224249.0,76896.0,15389.0,-448420.0,-29.1393,0.935,1.0972,25,84.79,-0.2873
LAX,JEA,LNG_Carrier,LNG,13447.6,17.08,1297648.0,113232.0,21374.0,-1645772.0,-76.9978,0.7729,1.0536,38,40.52,-0.3863
SAN,NYK,Reefer,Perishables,7737.9,10.01,241815.0,113223.0,11747.0,-493456.0,-42.0066,0.9291,1.1707,57,55.5,-0.1931
SAN,MUM,Bulk_Carrier,Bauxite,13740.7,25.56,364648.0,67022.0,7894.0,-807143.0,-102.2463,0.9402,0.933,37,83.97,-0.3891
BUS,ANT,Tanker,Chemical,8997.1,15.22,322921.0,98709.0,166835.0,-483130.0,-2.8959,0.8379,1.1713,26,79.89,-0.2598
TYO,NYK,LNG_Carrier,LPG,10853.1,13.07,1106188.0,144211.0,21764.0,-1424757.0,-65.4643,0.8488,1.221,67,80.41,-0.7224
SYD,HOU,Tanker,Crude Oil,13818.5,25.25,566018.0,123475.0,14082.0,-1054200.0,-74.8606,0.7671,1.2238,70,41.26,-0.2491
ANT,SAN,Bulk_Carrier,Iron Ore,9716.8,17.19,259230.0,91553.0,16732.0,-591959.0,-35.379,0.831,1.0169,65,69.85,-0.2712
CPT,TYO,Tanker,Chemical,14727.6,26.07,488896.0,104669.0,170236.0,-814440.0,-4.7842,0.858,1.1671,48,54.27,-0.2462
LAG,MUM,Tanker,Fuel Oil,7617.6,12.67,279983.0,64733.0,64758.0,-470041.0,-7.2584,0.8011,0.9624,19,50.42,-0.1679
LAG,SAN,LNG_Carrier,LNG,6362.4,8.71,697492.0,67304.0,24829.0,-870625.0,-35.0643,0.8242,1.1476,69,82.15,-0.5323
HAM,JEA,Container_Ship,Containers,4892.2,5.22,581490.0,94263.0,111947.0,-642167.0,-5.7363,0.9972,1.0395,56,36.51,-0.1854
ANT,LAX,Reefer,Perishables,9036.9,12.14,285514.0,130055.0,10402.0,-587338.0,-56.4616,0.9322,1.0332,27,46.87,-0.185
LAG,HOU,Reefer,Pharmaceuticals,10488.9,14.81,315835.0,95095.0,109909.0,-523178.0,-4.7601,0.9751,1.1741,71,67.81,-0.2265
MUM,COL,LNG_Carrier,LPG,1535.0,1.97,164507.0,56279.0,16454.0,-233942.0,-14.2183,0.8633,0.9076,22,55.34,-0.1195
ANT,HOU,Reefer,Perishables,8102.1,10.89,241855.0,120323.0,9922.0,-515606.0,-51.9653,0.9551,0.9619,38,66.14,-0.2372
HAM,SAN,Bulk_Carrier,Coal,10166.5,20.23,287378.0,96714.0,19910.0,-667579.0,-33.5294,0.8698,0.9084,44,70.13,-0.3023
BUS,MUM,Container_Ship,Electronics,5775.4,6.2,635665.0,83800.0,296199.0,-516192.0,-1.7427,0.8573,1.1517,49,71.89,-0.2829
BUS,SAN,LNG_Carrier,LPG,18691.4,26.02,2158671.0,89129.0,17682.0,-2620464.0,-148.2034,0.8334,1.0103,43,86.42,-1.0
SHA,MUM,Container_Ship,Containers,5043.9,5.28,584788.0,79380.0,99155.0,-644246.0,-6.4974,0.817,1.1237,62,74.27,-0.3761
TYO,COL,Tanker,Chemical,6846.1,11.62,215065.0,99195.0,181248.0,-307239.0,-1.6951,0.9434,1.1301,57,52.48,-0.1177
BUS,RTM,Container_Ship,Electronics,8936.6,9.3,982668.0,121012.0,293382.0,-949734.0,-3.2372,0.9836,0.9943,41,48.44,-0.3103
LAG,CPT,Container_Ship,Machinery,4761.1,5.11,573632.0,57528.0,172784.0,-535077.0,-3.0968,0.8448,1.0653,30,42.18,-0.1795
ANT,NYK,Container_Ship,Electronics,5881.5,6.55,653667.0,129635.0,271503.0,-610111.0,-2.2472,0.8157,1.1095,61,43.28,-0.2004
BUS,JEA,Container_Ship,Auto Parts,7055.4,7.67,850711.0,93158.0,193852.0,-865130.0,-4.4628,0.7644,0.9392,32,55.67,-0.3488
KHI,BUS,LNG_Carrier,LNG,5990.8,7.22,624029.0,75645.0,23694.0,-784324.0,-33.1029,0.7766,1.1623,55,84.47,-0.5006
RTM,KHI,Tanker,Fuel Oil,5993.9,11.02,238300.0,91114.0,72588.0,-422179.0,-5.8161,0.9357,0.9235,56,65.62,-0.2093
HOU,LAG,Container_Ship,Containers,10488.9,10.93,1116111.0,93170.0,103332.0,-1269933.0,-12.2898,0.8371,1.143,46,37.97,-0.3078
TYO,SHA,Reefer,Frozen Fish,1754.3,2.45,62554.0,128021.0,18103.0,-209222.0,-11.557,0.9832,1.023,35,61.82,-0.1181
HOU,TYO,Bulk_Carrier,Bauxite,10740.5,19.0,270030.0,143179.0,8339.0,-689828.0,-82.727,0.7522,1.2318,41,41.88,-0.1828
SHA,CPT,Reefer,Frozen Fish,12978.3,16.47,375250.0,88583.0,15501.0,-695408.0,-44.8632,0.824,1.0451,39,54.98,-0.2248
ANT,LAX,LNG_Carrier,LNG,9036.9,12.55,886821.0,114760.0,18702.0,-1171145.0,-62.6227,0.7871,0.9052,59,78.65,-0.619
RTM,SYD,Reefer,Frozen Fish,16689.6,22.26,506476.0,115803.0,17012.0,-939170.0,-55.206,0.9638,0.9806,35,78.31,-0.3869
ANT,CPT,Tanker,Fuel Oil,9566.7,16.74,331849.0,83309.0,85041.0,-581150.0,-6.8337,0.9476,1.0684,18,56.47,-0.2164
BUS,RTM,Reefer,Frozen Fish,8936.6,11.88,310994.0,109443.0,14986.0,-583683.0,-38.9478,0.7836,1.0625,51,31.58,-0.1243
LAG,KHI,Reefer,Perishables,7048.8,9.44,216469.0,51785.0,10272.0,-399555.0,-38.8978,0.8358,1.138,55,47.06,-0.1362
JEA,HAM,Container_Ship,Machinery,4892.2,5.68,677497.0,107132.0,176212.0,-693548.0,-3.9359,0.8123,1.1298,56,66.43,-0.3644
CPT,TYO,Bulk_Carrier,Iron Ore,14727.6,26.55,428385.0,112139.0,23116.0,-915667.0,-39.6118,0.9385,1.244,21,47.15,-0.2405
CPT,HOU,Bulk_Carrier,Grain,13853.3,26.49,361606.0,97468.0,44809.0,-811586.0,-18.112,0.8283,1.0734,59,62.62,-0.2907
HAM,JEA,Reefer,Pharmaceuticals,4892.2,6.25,131690.0,99330.0,77802.0,-246929.0,-3.1738,0.7533,1.0758,37,49.06,-0.0958
MUM,KHI,Tanker,Crude Oil,893.2,1.66,38698.0,51137.0,11401.0,-103317.0,-9.0618,0.7722,0.9843,67,89.77,-0.0885
TYO,RTM,Reefer,Frozen Fish,9345.2,13.34,294504.0,135263.0,13973.0,-615914.0,-44.0777,0.7521,1.0322,21,50.7,-0.2075
KHI,SYD,LNG_Carrier,LPG,11020.1,14.55,1074319.0,76746.0,16482.0,-1352777.0,-82.0765,0.8058,0.974,28,43.12,-0.3657
JEA,HOU,Tanker,Crude Oil,13157.3,21.31,456720.0,117814.0,16403.0,-877716.0,-53.5082,0.8807,1.2417,43,80.96,-0.4154
KHI,HOU,Bulk_Carrier,Iron Ore,13656.9,26.82,428373.0,90917.0,19326.0,-902285.0,-46.6872,0.9333,1.0459,21,50.49,-0.2622
LAG,BUS,LNG_Carrier,LPG,12692.5,15.9,1157651.0,81750.0,15652.0,-1462252.0,-93.425,0.7866,0.9475,56,63.68,-0.5525
NYK,LAX,Container_Ship,Electronics,3948.9,4.35,448842.0,140545.0,348655.0,-305913.0,-0.8774,0.9565,1.215,31,44.81,-0.113
COL,SYD,Bulk_Carrier,Coal,8748.1,17.66,244374.0,75385.0,26711.0,-557979.0,-20.8894,0.898,1.1803,55,30.58,-0.1159
BUS,HOU,Container_Ship,Containers,11424.5,11.86,1171755.0,129509.0,102009.0,-1377093.0,-13.4998,0.8249,1.145,21,72.5,-0.6175
SAN,ANT,LNG_Carrier,LNG,9716.8,13.04,975715.0,95202.0,21944.0,-1244607.0,-56.7168,0.8109,1.0309,53,77.45,-0.6322
SAN,TYO,Container_Ship,Machinery,18591.0,19.57,1943089.0,107815.0,160110.0,-2184270.0,-13.6423,0.7685,1.0851,45,69.35,-0.7559
CPT,HAM,Bulk_Carrier,Bauxite,9764.5,19.0,268455.0,80708.0,7405.0,-626702.0,-84.6307,0.8834,0.9314,36,56.79,-0.233
SYD,RTM,Container_Ship,Machinery,16689.6,18.55,1972304.0,129918.0,187690.0,-2192745.0,-11.6828,0.8403,1.1634,36,70.8,-0.8166
HAM,CPT,Reefer,Pharmaceuticals,9764.5,13.77,361718.0,84393.0,103451.0,-549182.0,-5.3086,0.9978,1.08,39,72.25,-0.2598
LAG,COL,LNG_Carrier,LPG,8435.8,11.0,786763.0,53285.0,18995.0,-986009.0,-51.9087,0.8048,1.1239,56,51.2,-0.3468
JEA,CPT,LNG_Carrier,LPG,7606.3,9.62,732760.0,62549.0,23156.0,-916393.0,-39.5756,0.9004,1.2246,59,57.24,-0.3718
MUM,TYO,Tanker,Crude Oil,6733.0,11.29,214269.0,105857.0,14744.0,-474690.0,-32.1947,0.9058,1.0852,66,72.37,-0.2519
COL,KHI,Tanker,Crude Oil,2418.3,4.21,89604.0,45892.0,13017.0,-185564.0,-14.2559,0.9055,0.9583,62,81.2,-0.1333
COL,JEA,Tanker,Chemical,3316.6,5.45,122654.0,64716.0,153490.0,-115630.0,-0.7533,0.765,1.1803,21,50.09,-0.0491
SAN,RTM,Reefer,Refrigerated Goods,9775.5,12.84,336402.0,102405.0,12262.0,-619194.0,-50.4951,0.7602,1.1202,60,47.52,-0.1926
HOU,LAG,Reefer,Refrigerated Goods,10488.9,13.52,293078.0,97309.0,12529.0,-580644.0,-46.3429,0.7517,1.1576,71,43.42,-0.161
LAX,RTM,Reefer,Perishables,8985.5,12.42,329826.0,138112.0,8783.0,-645510.0,-73.4968,0.7715,1.0542,57,76.65,-0.3332
SYD,LAG,Bulk_Carrier,Bauxite,15517.5,28.11,456511.0,93184.0,8418.0,-962991.0,-114.4007,0.7824,1.1954,54,77.12,-0.4041
LAG,TYO,LNG_Carrier,LPG,13474.1,18.58,1309161.0,103524.0,17471.0,-1673984.0,-95.8134,0.9243,0.9001,33,44.27,-0.4289
JEA,NYK,LNG_Carrier,LNG,11017.6,14.52,1100206.0,124097.0,18873.0,-1423278.0,-75.4147,0.7556,0.9515,52,78.0,-0.6961
HOU,HAM,Tanker,Crude Oil,8306.0,15.27,349982.0,132619.0,15247.0,-696333.0,-45.6696,0.8781,1.1576,65,61.46,-0.2954
SYD,COL,Bulk_Carrier,Iron Ore,8748.1,16.61,225549.0,83632.0,18623.0,-539665.0,-28.978,0.8905,1.0563,49,50.08,-0.1836
COL,NYK,LNG_Carrier,LNG,14086.8,17.43,1498513.0,108455.0,25935.0,-1842473.0,-71.0427,0.8529,1.1584,18,74.66,-0.7813
HAM,MUM,LNG_Carrier,LNG,6551.7,8.35,595217.0,83124.0,30506.0,-773042.0,-25.341,0.9425,1.233,70,85.23,-0.4867
BUS,LAG,Bulk_Carrier,Iron Ore,12692.5,24.12,401167.0,73199.0,18569.0,-817554.0,-44.029,0.9103,1.0302,23,62.09,-0.3012
SGP,TYO,Bulk_Carrier,Coal,5314.4,10.21,146084.0,125132.0,23896.0,-400412.0,-16.7564,0.7823,1.2122,45,54.77,-0.1704
ANT,HOU,Reefer,Refrigerated Goods,8102.1,11.4,284778.0,133218.0,11468.0,-577514.0,-50.3577,0.809,0.9844,57,36.37,-0.1461
NYK,KHI,LNG_Carrier,LNG,11689.8,14.05,965442.0,101872.0,26694.0,-1251348.0,-46.877,0.9399,1.0819,57,37.74,-0.2895
HAM,TYO,Bulk_Carrier,Grain,8979.6,15.96,265097.0,149352.0,42579.0,-611307.0,-14.3571,0.8047,1.0498,49,67.48,-0.2778
BUS,SGP,Reefer,Refrigerated Goods,4583.4,6.32,154811.0,99217.0,11801.0,-337092.0,-28.5652,0.8846,0.9264,26,87.24,-0.2357
HOU,BUS,Bulk_Carrier,Iron Ore,11424.5,21.05,297299.0,126261.0,16541.0,-722729.0,-43.6931,0.8601,0.9713,52,50.63,-0.2263
BUS,TYO,Container_Ship,Machinery,959.3,0.99,93754.0,141472.0,177484.0,-72548.0,-0.4088,0.8609,1.0737,23,80.51,-0.0555
RTM,SGP,LNG_Carrier,LPG,10534.9,13.27,1138488.0,100595.0,19771.0,-1418437.0,-71.7427,0.9965,0.9448,42,43.84,-0.3964
LAG,RTM,LNG_Carrier,LPG,5056.8,6.65,506122.0,88150.0,23271.0,-670722.0,-28.8218,0.898,1.2341,53,78.46,-0.4134
ANT,KHI,Tanker,Fuel Oil,5992.6,9.99,225558.0,82677.0,73519.0,-384621.0,-5.2316,0.9515,0.9198,27,46.41,-0.1349
CPT,HAM,Reefer,Perishables,9764.5,12.29,301239.0,85073.0,10828.0,-559889.0,-51.7076,0.9032,1.11,55,77.28,-0.2833
ANT,NYK,Tanker,Fuel Oil,5881.5,9.79,186072.0,122628.0,69110.0,-386413.0,-5.5913,0.8749,0.9404,34,71.93,-0.2109
RTM,SYD,Container_Ship,Containers,16689.6,19.0,1910694.0,124125.0,107202.0,-2212659.0,-20.6401,0.9862,1.0065,32,85.97,-1.0
LAX,HAM,LNG_Carrier,LNG,9100.3,11.68,1008806.0,114253.0,24535.0,-1273738.0,-51.9142,0.7916,1.1807,60,42.75,-0.3651
ANT,SGP,Reefer,Refrigerated Goods,10551.1,15.29,388483.0,104815.0,12416.0,-710259.0,-57.2035,0.8882,0.9708,31,84.72,-0.3833
HOU,JEA,Reefer,Frozen Fish,13157.3,17.88,449655.0,99027.0,19951.0,-796912.0,-39.9426,0.9478,1.1695,58,82.7,-0.3853
SHA,TYO,Bulk_Carrier,Grain,1754.3,3.29,43073.0,126517.0,41129.0,-177811.0,-4.3233,0.8612,0.9476,46,59.31,-0.0963
RTM,SGP,Bulk_Carrier,Bauxite,10534.9,20.28,311683.0,111553.0,7756.0,-719652.0,-92.7852,0.7542,1.1427,51,85.77,-0.3934
COL,LAG,Bulk_Carrier,Iron Ore,8435.8,15.95,260030.0,51516.0,17872.0,-532872.0,-29.8155,0.789,1.144,21,37.27,-0.1365
HOU,JEA,Tanker,Fuel Oil,13157.3,21.44,427212.0,106795.0,87218.0,-768407.0,-8.8102,0.9673,1.0734,37,54.56,-0.2451
JEA,COL,Bulk_Carrier,Grain,3316.6,6.62,102318.0,60867.0,49628.0,-212801.0,-4.2879,0.9926,0.992,46,46.48,-0.0839
SAN,TYO,Bulk_Carrier,Grain,18591.0,35.15,520268.0,115712.0,51909.0,-1111315.0,-21.4089,0.8692,1.1849,51,32.84,-0.1821
SYD,LAG,Tanker,Crude Oil,15517.5,26.83,593095.0,82663.0,13887.0,-1064395.0,-76.6451,0.8102,1.1427,67,58.54,-0.3391
MUM,SYD,Container_Ship,Containers,10150.5,10.39,1101890.0,91319.0,93528.0,-1255538.0,-13.4241,0.7723,1.1213,63,32.62,-0.2646
COL,BUS,Reefer,Perishables,5911.7,7.74,204569.0,68661.0,9235.0,-380098.0,-41.1567,0.9063,0.9435,52,78.35,-0.2257
RTM,SYD,Bulk_Carrier,Grain,16689.6,32.09,524771.0,114789.0,51838.0,-1069100.0,-20.6239,0.8731,1.178,25,72.06,-0.4052
LAG,LAX,Container_Ship,Machinery,12430.0,13.07,1286162.0,104395.0,214032.0,-1372604.0,-6.4131,0.975,1.1433,24,59.05,-0.485
BUS,SYD,Tanker,Fuel Oil,8015.7,14.76,287358.0,99269.0,72227.0,-535782.0,-7.4181,0.8649,0.9942,31,57.63,-0.2155
BUS,JEA,Tanker,Chemical,7055.4,12.69,262313.0,84618.0,139899.0,-397320.0,-2.8401,0.764,1.0771,65,64.34,-0.1851
NYK,SYD,Container_Ship,Machinery,15985.3,18.13,2152314.0,123894.0,140099.0,-2408093.0,-17.1886,0.8095,0.9013,21,33.35,-0.4311
BUS,KHI,LNG_Carrier,LPG,5990.8,7.17,535052.0,78653.0,20859.0,-700373.0,-33.5762,0.8221,1.2083,63,48.73,-0.2579
SGP,LAX,Tanker,Crude Oil,14141.5,26.03,510788.0,116102.0,14671.0,-1002637.0,-68.341,0.8239,1.1871,58,42.93,-0.2441
NYK,COL,Tanker,Crude Oil,14086.8,25.22,496620.0,98510.0,15095.0,-958329.0,-63.4848,0.9476,1.062,21,81.67,-0.4446
CPT,LAG,Tanker,Fuel Oil,4761.1,8.34,168338.0,60048.0,84912.0,-268583.0,-3.1631,0.873,1.1579,46,41.43,-0.0885
HOU,LAX,Tanker,Fuel Oil,2204.4,3.85,87702.0,130842.0,77552.0,-198671.0,-2.5618,0.8668,1.0651,32,83.28,-0.1479
RTM,LAX,Tanker,Chemical,8985.5,16.63,315502.0,137005.0,165838.0,-536171.0,-3.2331,0.7871,1.2393,61,42.48,-0.1534
SGP,JEA,LNG_Carrier,LPG,5858.9,7.79,579664.0,78428.0,21315.0,-753554.0,-35.3534,0.8488,1.1958,64,57.55,-0.3294
COL,MUM,Bulk_Carrier,Bauxite,1535.0,2.97,44697.0,62358.0,6862.0,-144729.0,-21.0905,0.7889,0.9665,33,82.93,-0.1108
KHI,JEA,LNG_Carrier,LNG,1207.1,1.45,116135.0,57769.0,22722.0,-172868.0,-7.6079,0.771,1.1227,39,43.57,-0.0707
HOU,RTM,Bulk_Carrier,Bauxite,8072.0,15.06,204320.0,141942.0,10674.0,-561440.0,-52.5979,0.9637,1.2306,48,39.33,-0.1538
LAX,TYO,Container_Ship,Auto Parts,8839.0,10.35,1238371.0,157220.0,260951.0,-1289912.0,-4.9431,0.7732,1.2499,20,38.67,-0.3377
CPT,SAN,Tanker,Fuel Oil,6297.2,10.44,224575.0,67383.0,70307.0,-378284.0,-5.3805,0.7773,1.0768,54,67.72,-0.1912
BUS,COL,Tanker,Fuel Oil,5911.7,9.78,224089.0,78085.0,81638.0,-367209.0,-4.498,0.7826,1.2418,24,34.22,-0.0953
COL,RTM,Bulk_Carrier,Bauxite,8401.4,15.03,243482.0,91499.0,10557.0,-549875.0,-52.0886,0.9651,1.2153,20,69.09,-0.2614
NYK,SHA,LNG_Carrier,LPG,11860.8,16.38,1379225.0,128368.0,16595.0,-1736651.0,-104.6516,0.7979,0.9903,40,45.55,-0.4822
RTM,KHI,LNG_Carrier,LPG,5993.9,7.4,616717.0,79731.0,17418.0,-789997.0,-45.3543,0.7831,1.0592,28,65.89,-0.3933
KHI,JEA,Tanker,Crude Oil,1207.1,2.09,46740.0,54259.0,15388.0,-116915.0,-7.5979,0.9073,1.1307,35,47.25,-0.0519
NYK,SHA,Container_Ship,Machinery,11860.8,14.12,1362874.0,117727.0,153441.0,-1538989.0,-10.0298,0.7683,1.0402,38,56.69,-0.5319
JEA,SHA,Container_Ship,Auto Parts,6458.3,7.18,728593.0,99978.0,249305.0,-686975.0,-2.7556,0.8856,1.0426,68,77.04,-0.3924
ANT,SGP,LNG_Carrier,LNG,10551.1,14.05,1144638.0,104641.0,23974.0,-1436066.0,-59.9013,0.9586,0.9528,71,88.29,-0.8077
ANT,RTM,Container_Ship,Auto Parts,78.1,0.09,9164.0,108986.0,222599.0,103109.0,0.4632,0.8647,0.9534,35,42.42,0.0436
KHI,SHA,Tanker,Fuel Oil,5340.0,8.78,164816.0,70863.0,86523.0,-280919.0,-3.2468,0.8974,1.1478,50,82.79,-0.1805
JEA,HAM,Tanker,Chemical,4892.2,7.97,175105.0,90915.0,154687.0,-230854.0,-1.4924,0.9437,0.9642,33,69.8,-0.1275
HOU,ANT,LNG_Carrier,LPG,8102.1,9.76,695106.0,125385.0,19952.0,-946936.0,-47.4603,0.8239,1.1532,68,30.67,-0.202
TYO,CPT,Container_Ship,Auto Parts,14727.6,16.04,1553628.0,104792.0,249191.0,-1649833.0,-6.6208,0.9904,0.9319,54,31.71,-0.2914
MUM,NYK,Reefer,Perishables,12555.7,17.96,402169.0,97136.0,11554.0,-757146.0,-65.531,0.9077,1.1786,31,30.23,-0.1364
HOU,MUM,LNG_Carrier,LPG,14456.2,17.42,1183463.0,93185.0,21917.0,-1515970.0,-69.1679,0.9359,1.1152,69,35.38,-0.3012
LAX,SGP,Bulk_Carrier,Iron Ore,14141.5,26.6,379818.0,105292.0,19623.0,-864455.0,-44.0522,0.8858,1.1189,47,73.63,-0.3609
SAN,SHA,Reefer,Perishables,18568.6,25.06,568705.0,98073.0,9883.0,-1032775.0,-104.5007,0.9242,0.9901,20,68.78,-0.3547
BUS,COL,Bulk_Carrier,Bauxite,5911.7,11.94,182715.0,78283.0,8854.0,-431245.0,-48.7056,0.9175,1.0723,57,80.37,-0.2627
SAN,JEA,LNG_Carrier,LPG,12181.9,16.26,1392004.0,79252.0,20786.0,-1694339.0,-81.5122,0.9601,1.0309,43,75.87,-0.7754
SHA,MUM,Tanker,Fuel Oil,5043.9,8.27,168946.0,92557.0,83048.0,-302566.0,-3.6433,0.8129,1.2162,41,47.73,-0.1135
JEA,MUM,Reefer,Frozen Fish,1954.2,2.47,60905.0,75399.0,18786.0,-154540.0,-8.2264,0.849,1.2292,48,88.39,-0.1236
CPT,HOU,Tanker,Crude Oil,13853.3,24.85,548974.0,98861.0,12310.0,-1008337.0,-81.9146,0.7742,1.06,29,82.46,-0.4757
HAM,NYK,Reefer,Refrigerated Goods,6125.8,8.51,189084.0,145211.0,13314.0,-448603.0,-33.6948,0.8581,1.0775,63,40.3,-0.1359
LAX,BUS,Container_Ship,Containers,9637.7,10.67,1241582.0,118552.0,99427.0,-1420696.0,-14.2889,0.8417,1.0938,43,54.55,-0.5097
JEA,CPT,Bulk_Carrier,Iron Ore,7606.3,14.49,203216.0,63391.0,23179.0,-460706.0,-19.8761,0.975,1.2007,62,36.99,-0.1208
CPT,LAG,Bulk_Carrier,Grain,4761.1,8.54,118551.0,55105.0,45546.0,-256169.0,-5.6244,0.7709,1.1722,71,82.55,-0.1682
SHA,CPT,Reefer,Refrigerated Goods,12978.3,17.06,395140.0,87766.0,12371.0,-726393.0,-58.7188,0.9169,0.937,19,84.82,-0.3622
TYO,CPT,LNG_Carrier,LNG,14727.6,19.94,1373193.0,116191.0,24589.0,-1763863.0,-71.7325,0.8626,1.0859,28,35.63,-0.3501
CPT,RTM,Bulk_Carrier,Bauxite,9642.1,18.82,305519.0,83013.0,7044.0,-663772.0,-94.2347,0.8059,0.9711,56,76.19,-0.3326
ANT,COL,Container_Ship,Auto Parts,8396.7,9.31,947753.0,90079.0,277878.0,-899558.0,-3.2372,0.8487,1.2127,47,60.95,-0.3773
ANT,SAN,Container_Ship,Auto Parts,9716.8,10.05,1173286.0,95360.0,266103.0,-1153244.0,-4.3338,0.7975,1.2358,36,43.22,-0.3269
LAX,KHI,Container_Ship,Auto Parts,13476.2,14.32,1495239.0,92092.0,233376.0,-1568701.0,-6.7218,0.9588,0.9015,22,85.91,-0.7801
SAN,HOU,LNG_Carrier,LNG,7942.5,10.38,746109.0,95498.0,26502.0,-970803.0,-36.6311,0.8884,1.1364,62,66.54,-0.4521
HAM,CPT,Bulk_Carrier,Coal,9764.5,17.73,289056.0,93650.0,24589.0,-624019.0,-25.3783,0.9652,1.0109,47,67.6,-0.2762
SYD,JEA,Container_Ship,Auto Parts,12058.9,14.16,1370226.0,96162.0,231366.0,-1447481.0,-6.2562,0.8335,1.0281,48,52.86,-0.4634
MUM,SHA,LNG_Carrier,LPG,5043.9,6.61,557543.0,84676.0,15209.0,-726159.0,-47.7459,0.7865,0.9208,38,59.8,-0.3413
TYO,SGP,Bulk_Carrier,Coal,5314.4,9.73,141486.0,126822.0,22680.0,-391520.0,-17.2629,0.7711,1.1672,29,88.37,-0.2688
RTM,JEA,Bulk_Carrier,Iron Ore,5176.2,9.94,132584.0,109736.0,16477.0,-374924.0,-22.7538,0.9091,0.9155,19,40.86,-0.1197
KHI,LAG,Container_Ship,Machinery,7048.8,7.35,789577.0,53800.0,200239.0,-753412.0,-3.7626,0.8369,1.2461,25,57.59,-0.3143
SAN,LAG,LNG_Carrier,LNG,6362.4,8.71,627228.0,60622.0,27260.0,-791188.0,-29.0233,0.9225,1.1258,40,62.96,-0.3708
ANT,CPT,Container_Ship,Electronics,9566.7,10.58,998109.0,90947.0,244154.0,-1003615.0,-4.1106,0.7502,1.0849,70,73.42,-0.4859
SHA,SAN,Reefer,Frozen Fish,18568.6,25.63,653582.0,91179.0,15935.0,-1113225.0,-69.859,0.8225,1.0764,45,87.16,-0.4845
TYO,NYK,LNG_Carrier,LPG,10853.1,14.11,1175228.0,163333.0,20966.0,-1529215.0,-72.9376,0.9359,1.0667,33,80.04,-0.7717
MUM,SAN,Reefer,Frozen Fish,13740.7,19.89,527470.0,64577.0,18192.0,-872210.0,-47.9438,0.985,1.0261,68,84.92,-0.4252
TYO,LAG,LNG_Carrier,LNG,13474.1,18.75,1566230.0,114599.0,18133.0,-1944017.0,-107.209,0.7623,0.9062,66,79.96,-0.8998
BUS,SGP,Container_Ship,Machinery,4583.4,5.42,615677.0,89885.0,169491.0,-617421.0,-3.6428,0.9706,0.9095,45,37.24,-0.1843
MUM,CPT,Tanker,Crude Oil,8227.2,13.79,287221.0,61939.0,14865.0,-541122.0,-36.403,0.8109,1.2221,32,50.82,-0.1904
KHI,HAM,Container_Ship,Electronics,5660.0,6.63,711455.0,75147.0,305026.0,-581019.0,-1.9048,0.8468,1.2008,43,30.93,-0.1377
BUS,MUM,Container_Ship,Machinery,5775.4,6.61,642743.0,79222.0,189678.0,-631419.0,-3.3289,0.8063,1.2253,32,53.29,-0.2565
LAX,SYD,Bulk_Carrier,Grain,12054.8,20.93,307050.0,134488.0,52413.0,-703017.0,-13.4131,0.9201,1.1302,26,63.73,-0.2714
JEA,KHI,Container_Ship,Containers,1207.1,1.24,125109.0,64075.0,103732.0,-103999.0,-1.0026,0.9783,0.9818,23,40.2,-0.0393
SGP,COL,Bulk_Carrier,Coal,2732.3,5.24,72010.0,76330.0,26699.0,-200193.0,-7.498,0.8512,1.2447,50,34.14,-0.0596
ANT,BUS,LNG_Carrier,LNG,8997.1,12.05,879445.0,99137.0,26932.0,-1132365.0,-42.0448,0.984,1.0426,69,51.72,-0.3941
HAM,SAN,Tanker,Crude Oil,10166.5,18.87,353167.0,103434.0,15305.0,-724344.0,-47.3268,0.9299,1.0973,54,86.72,-0.4056
HAM,LAG,Reefer,Pharmaceuticals,5272.3,7.19,188558.0,85818.0,90481.0,-291699.0,-3.2239,0.9113,1.0342,41,69.27,-0.1573
TYO,BUS,Container_Ship,Containers,959.3,1.02,101374.0,136984.0,92960.0,-160715.0,-1.7289,0.8638,0.9965,47,37.17,-0.0568
CPT,JEA,Reefer,Frozen Fish,7606.3,10.95,259790.0,60478.0,15850.0,-468625.0,-29.5658,0.8901,0.9893,42,87.75,-0.2915
NYK,LAG,Tanker,Crude Oil,8481.1,13.96,311253.0,101474.0,17037.0,-605093.0,-35.5156,0.9982,1.1379,20,63.4,-0.2632
HOU,RTM,Tanker,Crude Oil,8072.0,13.22,276917.0,137820.0,15936.0,-597072.0,-37.4665,0.9932,1.0696,19,73.15,-0.3042
KHI,SHA,LNG_Carrier,LPG,5340.0,7.3,628379.0,79059.0,24034.0,-792938.0,-32.992,0.9547,1.1988,32,52.96,-0.326
JEA,CPT,Reefer,Frozen Fish,7606.3,10.2,247125.0,60325.0,16496.0,-444014.0,-26.9157,0.7898,1.1604,71,55.49,-0.1746
NYK,CPT,LNG_Carrier,LPG,12566.3,15.78,1219316.0,95991.0,21621.0,-1530400.0,-70.7826,0.8294,1.2413,31,84.67,-0.772
KHI,ANT,Container_Ship,Electronics,5992.6,6.99,756377.0,74170.0,341420.0,-593913.0,-1.7395,0.9522,1.1952,44,75.25,-0.3376
CPT,SAN,LNG_Carrier,LPG,6297.2,7.77,569813.0,58327.0,16127.0,-728516.0,-45.1747,0.8463,0.9074,29,81.44,-0.4428
SHA,BUS,Reefer,Perishables,832.1,1.15,26902.0,104893.0,9809.0,-139267.0,-14.1977,0.9957,0.9121,52,71.07,-0.0947
MUM,SAN,Bulk_Carrier,Iron Ore,13740.7,27.84,437268.0,60709.0,18076.0,-897573.0,-49.6551,0.9138,0.999,62,40.84,-0.2105
BUS,LAG,Container_Ship,Electronics,12692.5,13.39,1339166.0,87144.0,260628.0,-1366472.0,-5.243,0.8114,1.0708,43,58.0,-0.4702
RTM,SHA,Container_Ship,Containers,8927.2,9.42,921999.0,110528.0,103146.0,-1070683.0,-10.3803,0.9145,1.0444,54,45.44,-0.3283
RTM,SAN,Container_Ship,Auto Parts,9775.5,10.76,1235800.0,88801.0,270285.0,-1215707.0,-4.4979,0.8647,1.1577,46,37.75,-0.3004
TYO,JEA,Reefer,Frozen Fish,7963.6,10.98,236598.0,113782.0,14802.0,-500246.0,-33.7964,0.769,1.0693,64,33.87,-0.1185
SAN,BUS,Reefer,Refrigerated Goods,18691.4,24.61,560009.0,92208.0,14048.0,-1007356.0,-71.7099,0.8811,1.1072,59,79.67,-0.3994
HOU,SGP,Bulk_Carrier,Iron Ore,16004.8,32.36,510290.0,122075.0,19926.0,-1097886.0,-55.0975,0.8366,1.2029,64,89.97,-0.5299
CPT,TYO,Container_Ship,Machinery,14727.6,15.8,1584532.0,105119.0,214402.0,-1712254.0,-7.9862,0.9237,1.2089,55,88.89,-0.8478
BUS,LAG,LNG_Carrier,LPG,12692.5,15.26,1287259.0,80039.0,25192.0,-1570953.0,-62.3602,0.9782,1.2263,45,84.14,-0.7843
MUM,SAN,Container_Ship,Electronics,13740.7,14.62,1573156.0,65419.0,274680.0,-1583238.0,-5.7639,0.8973,1.0204,29,32.48,-0.2952
SYD,HAM,Bulk_Carrier,Grain,16284.4,32.86,489891.0,114713.0,54975.0,-1042601.0,-18.9649,0.8741,1.2479,32,50.73,-0.2815
SHA,SYD,Container_Ship,Machinery,7881.4,9.01,1022702.0,120790.0,217613.0,-1060970.0,-4.8755,0.9349,1.2123,25,89.04,-0.6627
CPT,ANT,Reefer,Frozen Fish,9566.7,13.6,305632.0,80943.0,20525.0,-570045.0,-27.7728,0.9305,1.2255,41,71.18,-0.2675
LAX,TYO,Tanker,Chemical,8839.0,16.1,345672.0,157554.0,151643.0,-593019.0,-3.9106,0.858,1.0397,22,31.85,-0.1279
TYO,HAM,Reefer,Refrigerated Goods,8979.6,11.37,268697.0,126299.0,13349.0,-552237.0,-41.3681,0.8429,1.0998,28,31.92,-0.1187
NYK,SYD,Tanker,Fuel Oil,15985.3,26.98,507989.0,145799.0,71583.0,-986921.0,-13.7871,0.9193,0.927,67,61.72,-0.3269
CPT,MUM,Bulk_Carrier,Grain,8227.2,15.16,245952.0,61833.0,50940.0,-484171.0,-9.5047,0.9563,1.0569,20,60.95,-0.2043
LAG,MUM,Tanker,Fuel Oil,7617.6,12.81,259535.0,56881.0,76718.0,-431872.0,-5.6293,0.9371,0.9747,24,57.2,-0.175
LAG,CPT,Reefer,Pharmaceuticals,4761.1,6.42,134703.0,63161.0,113815.0,-180372.0,-1.5848,0.9512,1.2464,27,47.77,-0.0685
BUS,TYO,Bulk_Carrier,Coal,959.3,1.76,26276.0,124100.0,29479.0,-147317.0,-4.9974,0.9749,1.1999,71,49.22,-0.0689
SGP,SYD,Tanker,Crude Oil,6299.1,11.49,257712.0,99565.0,13303.0,-516389.0,-38.8181,0.9499,0.9336,39,51.61,-0.1989
CPT,SAN,Reefer,Perishables,6297.2,8.35,189690.0,61692.0,11392.0,-365289.0,-32.0648,0.9414,1.1205,46,52.95,-0.1443
SAN,LAG,Bulk_Carrier,Coal,6362.4,11.25,161975.0,70075.0,25364.0,-375489.0,-14.804,0.8126,1.2386,63,73.92,-0.2066
TYO,LAX,Reefer,Frozen Fish,8839.0,11.83,304877.0,141388.0,17656.0,-606094.0,-34.328,0.9569,1.025,44,87.99,-0.361
NYK,LAG,LNG_Carrier,LNG,8481.1,10.63,915037.0,112942.0,27567.0,-1159898.0,-42.0759,0.9419,1.115,41,60.84,-0.484
LAG,JEA,Tanker,Crude Oil,5856.7,10.89,202582.0,63123.0,10997.0,-418017.0,-38.0109,0.7927,0.9249,22,77.68,-0.2467
SGP,SAN,LNG_Carrier,LNG,15934.4,20.16,1649421.0,80551.0,24012.0,-2008288.0,-83.6377,0.8002,1.1432,18,51.31,-0.5539
SAN,SGP,Reefer,Frozen Fish,15934.4,22.86,606121.0,78449.0,18573.0,-1008893.0,-54.3194,0.8448,1.2213,31,81.93,-0.4443
LAG,SGP,Bulk_Carrier,Bauxite,11147.2,21.87,311103.0,77427.0,9268.0,-707337.0,-76.3225,0.9668,1.0651,61,89.09,-0.3934
COL,KHI,Tanker,Fuel Oil,2418.3,4.03,89146.0,50928.0,81494.0,-119064.0,-1.461,0.9571,1.0136,70,48.28,-0.0508
ANT,MUM,Container_Ship,Auto Parts,6885.8,7.4,712124.0,92051.0,320280.0,-594859.0,-1.8573,0.9663,1.2276,68,62.86,-0.2726
LAG,MUM,Bulk_Carrier,Bauxite,7617.6,13.52,190919.0,66443.0,8803.0,-451293.0,-51.2636,0.9379,1.0429,40,74.04,-0.2367
JEA,ANT,Tanker,Fuel Oil,5160.9,8.34,192780.0,97485.0,89952.0,-325452.0,-3.6181,0.9364,1.1436,67,76.92,-0.1958
HAM,KHI,Bulk_Carrier,Bauxite,5660.0,10.62,156179.0,87800.0,8801.0,-394421.0,-44.8129,0.9503,1.0291,64,74.84,-0.2261
RTM,TYO,Reefer,Perishables,9345.2,11.82,247690.0,133741.0,11043.0,-547637.0,-49.5926,0.8973,1.1395,23,50.18,-0.1826
HOU,CPT,Bulk_Carrier,Iron Ore,13853.3,27.84,440393.0,95117.0,16262.0,-936863.0,-57.6111,0.7803,1.0525,53,78.58,-0.4212
SAN,SYD,Reefer,Frozen Fish,13322.4,16.91,368868.0,99183.0,17181.0,-704536.0,-41.0074,0.9285,1.028,21,59.54,-0.244
ANT,SHA,Container_Ship,Machinery,8980.7,10.6,1176000.0,106247.0,167399.0,-1273862.0,-7.6097,0.9508,0.917,40,63.91,-0.5483
NYK,CPT,Reefer,Perishables,12566.3,17.48,453002.0,94591.0,11753.0,-798002.0,-67.8984,0.9072,1.1996,29,83.94,-0.3991
SGP,JEA,Container_Ship,Machinery,5858.9,6.17,731764.0,88915.0,173140.0,-740139.0,-4.2748,0.9336,0.9659,40,49.27,-0.277
CPT,SGP,Reefer,Frozen Fish,9665.9,13.64,309682.0,77167.0,17059.0,-574357.0,-33.6679,0.9605,0.9867,69,37.4,-0.1411
ANT,SHA,Tanker,Fuel Oil,8980.7,15.89,349724.0,109504.0,81074.0,-616462.0,-7.6037,0.9802,0.9847,27,84.89,-0.3524
SYD,SHA,Reefer,Frozen Fish,7881.4,10.2,216584.0,112950.0,14506.0,-467999.0,-32.262,0.8507,0.9473,68,36.07,-0.1184
JEA,LAX,LNG_Carrier,LPG,13447.6,17.32,1254260.0,95928.0,22903.0,-1587075.0,-69.2956,0.9168,1.1895,53,54.41,-0.5003
SHA,SGP,Bulk_Carrier,Grain,3810.3,7.3,108473.0,98811.0,46974.0,-269745.0,-5.7424,0.8828,1.0557,46,80.82,-0.1808
SGP,JEA,Tanker,Chemical,5858.9,10.53,219864.0,85838.0,157438.0,-306193.0,-1.9448,0.825,1.1226,46,40.94,-0.0952
ANT,COL,Tanker,Fuel Oil,8396.7,14.25,272189.0,91074.0,72528.0,-504556.0,-6.9567,0.8211,1.0516,26,40.01,-0.1389
NYK,COL,Container_Ship,Auto Parts,14086.8,16.64,1664104.0,93183.0,280857.0,-1726056.0,-6.1457,0.9574,1.0865,26,61.24,-0.6003
SHA,MUM,LNG_Carrier,LNG,5043.9,6.34,432269.0,94425.0,26927.0,-594924.0,-22.0936,0.8483,1.2093,62,61.2,-0.2862
LAX,LAG,LNG_Carrier,LPG,12430.0,16.47,1350257.0,86249.0,25187.0,-1658358.0,-65.8406,0.987,1.2152,37,81.68,-0.8105
JEA,ANT,Reefer,Refrigerated Goods,5160.9,7.35,162187.0,102909.0,10795.0,-364516.0,-33.7666,0.8301,0.9031,61,40.29,-0.1148
HOU,COL,LNG_Carrier,LPG,15903.9,19.47,1521200.0,88308.0,19460.0,-1882132.0,-96.7197,0.8688,1.0666,38,41.96,-0.4249
SGP,RTM,Tanker,Fuel Oil,10534.9,18.28,376500.0,110885.0,80580.0,-681027.0,-8.4516,0.8285,1.1579,37,40.84,-0.1773
COL,RTM,Container_Ship,Containers,8401.4,9.04,890874.0,79822.0,113137.0,-993220.0,-8.779,0.8738,1.1988,65,44.21,-0.3021
NYK,SHA,Bulk_Carrier,Coal,11860.8,22.2,319636.0,130336.0,28376.0,-754581.0,-26.5924,0.9293,1.2116,46,37.2,-0.1711
JEA,ANT,LNG_Carrier,LPG,5160.9,6.56,454669.0,86711.0,18094.0,-621668.0,-34.3573,0.8706,0.9897,71,39.46,-0.1918
SAN,ANT,Reefer,Pharmaceuticals,9716.8,12.56,313852.0,93930.0,91981.0,-504137.0,-5.4809,0.8549,1.1207,23,80.18,-0.2651
SHA,LAG,Reefer,Pharmaceuticals,12229.8,15.69,334927.0,76873.0,85909.0,-561211.0,-6.5326,0.7669,1.1668,32,72.41,-0.2448
LAX,JEA,Bulk_Carrier,Coal,13447.6,23.61,343657.0,93393.0,24667.0,-766511.0,-31.0748,0.9361,1.0456,67,58.27,-0.2588
JEA,SGP,Reefer,Refrigerated Goods,5858.9,8.48,179685.0,79822.0,12268.0,-374464.0,-30.5235,0.8738,0.975,36,88.5,-0.2518
TYO,SYD,Bulk_Carrier,Grain,7825.8,14.81,226201.0,124582.0,41627.0,-531238.0,-12.7619,0.8762,0.9426,39,68.64,-0.2563
BUS,RTM,Tanker,Chemical,8936.6,16.34,361166.0,111079.0,140801.0,-576500.0,-4.0944,0.782,1.0592,45,69.29,-0.2694
ANT,CPT,Reefer,Refrigerated Goods,9566.7,13.59,342119.0,80556.0,13283.0,-613192.0,-46.1642,0.9512,0.9698,61,50.46,-0.204
SAN,MUM,LNG_Carrier,LNG,13740.7,17.03,1382135.0,65614.0,22965.0,-1680244.0,-73.1642,0.7924,1.104,26,40.91,-0.3946
SHA,ANT,Reefer,Refrigerated Goods,8980.7,12.34,301621.0,122893.0,12976.0,-596647.0,-45.9816,0.902,0.999,66,46.83,-0.1882
SHA,JEA,Tanker,Fuel Oil,6458.3,11.03,237859.0,84897.0,74343.0,-413841.0,-5.5666,0.8902,0.9941,52,53.76,-0.165
LAG,MUM,Tanker,Chemical,7617.6,13.11,283794.0,65463.0,140756.0,-405173.0,-2.8785,0.8786,0.9424,59,80.39,-0.2308
COL,MUM,Bulk_Carrier,Bauxite,1535.0,2.98,43831.0,60045.0,9104.0,-139477.0,-15.3196,0.8303,1.2184,42,89.53,-0.1153
SHA,ANT,Bulk_Carrier,Bauxite,8980.7,16.04,248715.0,117868.0,8865.0,-598270.0,-67.4859,0.9761,1.0091,59,80.44,-0.3241
JEA,SAN,Bulk_Carrier,Coal,12181.9,21.92,335660.0,72865.0,27204.0,-710144.0,-26.104,0.8874,1.2165,54,61.76,-0.2646
TYO,SAN,Tanker,Crude Oil,18591.0,32.31,700336.0,114819.0,13407.0,-1286354.0,-95.9471,0.9233,0.968,38,43.37,-0.2784
SHA,COL,Tanker,Fuel Oil,5092.6,9.07,179594.0,80945.0,88523.0,-308090.0,-3.4803,0.9946,1.0596,44,40.37,-0.0976
MUM,SHA,Tanker,Fuel Oil,5043.9,9.52,201054.0,87137.0,101310.0,-329643.0,-3.2538,0.9769,1.2346,20,52.02,-0.1348
LAX,LAG,Container_Ship,Electronics,12430.0,13.93,1640833.0,92851.0,225891.0,-1716812.0,-7.6002,0.7798,0.9656,54,77.83,-0.7996
TYO,SYD,Bulk_Carrier,Iron Ore,7825.8,14.8,228935.0,145122.0,19535.0,-576460.0,-29.509,0.86,1.1472,24,32.53,-0.1318
KHI,SAN,Container_Ship,Machinery,13337.2,14.75,1637764.0,60324.0,153771.0,-1765621.0,-11.4822,0.866,0.9249,53,65.59,-0.6732
SAN,SHA,LNG_Carrier,LPG,18568.6,22.98,1599918.0,97672.0,21039.0,-2021186.0,-96.0663,0.8637,1.16,42,30.38,-0.3066
MUM,TYO,Tanker,Crude Oil,6733.0,11.16,238387.0,116895.0,11149.0,-511591.0,-45.887,0.7807,0.952,56,53.68,-0.2014
SYD,LAG,Container_Ship,Containers,15517.5,18.64,1956586.0,86333.0,86688.0,-2235816.0,-25.7916,0.7633,1.0515,28,68.75,-0.8364
SAN,SYD,Bulk_Carrier,Coal,13322.4,23.19,334779.0,85682.0,24222.0,-744106.0,-30.7205,0.8282,1.1605,42,70.98,-0.3072
TYO,SGP,Bulk_Carrier,Grain,5314.4,9.87,135840.0,131975.0,48837.0,-366993.0,-7.5146,0.9485,1.0216,51,38.87,-0.1108
KHI,TYO,Bulk_Carrier,Coal,6926.4,12.82,201403.0,110191.0,18346.0,-485581.0,-26.4674,0.7592,0.959,60,59.2,-0.2092
TYO,KHI,Bulk_Carrier,Grain,6926.4,12.81,208586.0,106900.0,50922.0,-456741.0,-8.9694,0.8295,1.218,65,65.63,-0.2182
JEA,LAG,LNG_Carrier,LNG,5856.7,7.57,564147.0,73219.0,27161.0,-723821.0,-26.6491,0.9701,1.0667,28,37.33,-0.2053
NYK,ANT,Container_Ship,Machinery,5881.5,6.33,634307.0,126255.0,159531.0,-695929.0,-4.3623,0.7887,1.0534,48,85.09,-0.4494
LAG,TYO,LNG_Carrier,LPG,13474.1,17.98,1311631.0,104881.0,15984.0,-1670259.0,-104.4955,0.8008,0.9504,31,89.15,-0.862
LAX,SHA,Tanker,Crude Oil,10457.0,18.67,423309.0,112380.0,13151.0,-802569.0,-61.0252,0.8844,0.9914,33,71.51,-0.3668
HOU,SYD,Container_Ship,Auto Parts,13818.5,15.52,1563371.0,134144.0,300730.0,-1629641.0,-5.4189,0.951,1.1712,31,67.85,-0.6332
LAG,KHI,Bulk_Carrier,Coal,7048.8,13.7,210343.0,48733.0,23361.0,-441176.0,-18.8852,0.9847,0.9414,19,36.12,-0.1154
ANT,RTM,Bulk_Carrier,Bauxite,78.1,0.14,2015.0,114890.0,8702.0,-110332.0,-12.6796,0.8635,1.1197,25,86.37,-0.0949
LAG,NYK,LNG_Carrier,LPG,8481.1,10.43,897724.0,106299.0,20169.0,-1140328.0,-56.538,0.7996,1.2012,66,31.95,-0.2499
SYD,COL,Container_Ship,Containers,8748.1,9.75,1102477.0,75493.0,127796.0,-1196480.0,-9.3624,0.9941,1.1903,62,72.03,-0.5853
SAN,NYK,Bulk_Carrier,Grain,7737.9,13.88,205649.0,108134.0,54532.0,-467487.0,-8.5728,0.9622,1.1245,43,82.32,-0.2714
CPT,HAM,Bulk_Carrier,Bauxite,9764.5,18.35,282768.0,92860.0,9674.0,-641155.0,-66.2735,0.8878,1.2108,35,51.78,-0.2174
KHI,MUM,Reefer,Pharmaceuticals,893.2,1.18,29466.0,52638.0,93060.0,-6784.0,-0.0729,0.8221,1.1792,25,63.44,-0.0041
KHI,SHA,Tanker,Chemical,5340.0,9.44,172498.0,79475.0,129437.0,-264081.0,-2.0402,0.8328,0.9142,37,39.93,-0.0819
LAG,COL,LNG_Carrier,LNG,8435.8,10.56,908847.0,59866.0,24672.0,-1102401.0,-44.6822,0.9698,0.9692,46,62.58,-0.474
HOU,CPT,Tanker,Fuel Oil,13853.3,23.57,491054.0,97138.0,77449.0,-864242.0,-11.1589,0.9517,0.9688,21,59.01,-0.2918
CPT,ANT,Reefer,Perishables,9566.7,13.26,301172.0,84822.0,12285.0,-572597.0,-46.6092,0.9186,1.2383,34,68.72,-0.2595
CPT,HAM,Bulk_Carrier,Iron Ore,9764.5,18.58,281594.0,94097.0,22828.0,-631601.0,-27.6675,0.9988,1.1543,36,77.86,-0.322
SGP,LAG,Reefer,Perishables,11147.2,14.09,333581.0,76605.0,8868.0,-612616.0,-69.0823,0.8247,0.9956,39,42.88,-0.164
SYD,SGP,Reefer,Refrigerated Goods,6299.1,8.03,205467.0,112231.0,14165.0,-423921.0,-29.9271,0.9727,1.0112,42,70.45,-0.2229
SYD,HOU,Container_Ship,Auto Parts,13818.5,16.58,1926887.0,137914.0,226078.0,-2087494.0,-9.2335,0.8511,0.9838,47,42.71,-0.5106
BUS,NYK,Reefer,Pharmaceuticals,11254.3,14.22,312068.0,135855.0,92418.0,-568847.0,-6.1551,0.8801,1.0939,32,31.51,-0.1115
SYD,TYO,LNG_Carrier,LNG,7825.8,10.58,840259.0,132313.0,27077.0,-1104269.0,-40.7829,0.8804,1.1716,22,53.59,-0.416
CPT,SYD,Container_Ship,Electronics,11011.7,11.95,1402003.0,81413.0,272445.0,-1390228.0,-5.1028,0.8887,1.0218,30,35.93,-0.3133
JEA,RTM,Reefer,Perishables,5176.2,7.01,171611.0,105134.0,11828.0,-370042.0,-31.2855,0.9924,1.1036,27,33.64,-0.0973
SAN,JEA,Container_Ship,Containers,12181.9,14.09,1480563.0,75694.0,91269.0,-1676411.0,-18.3679,0.7899,1.0699,46,71.9,-0.7271
NYK,ANT,Bulk_Carrier,Grain,5881.5,11.58,160178.0,137654.0,44205.0,-427390.0,-9.6683,0.8136,1.078,53,64.65,-0.2097
HAM,SAN,Tanker,Crude Oil,10166.5,17.51,330194.0,90442.0,12843.0,-670403.0,-52.198,0.9292,0.9215,21,42.89,-0.1856
MUM,SGP,Reefer,Frozen Fish,3906.7,5.43,140989.0,77445.0,12605.0,-287238.0,-22.7884,0.7734,0.9054,47,65.83,-0.1562
SYD,NYK,Container_Ship,Containers,15985.3,17.57,1788233.0,133477.0,103552.0,-2081697.0,-20.1029,0.7684,1.2478,18,31.29,-0.3496
RTM,NYK,LNG_Carrier,LPG,5858.2,8.11,655629.0,147320.0,22679.0,-901932.0,-39.7688,0.9054,1.1929,52,38.5,-0.2638
NYK,ANT,Tanker,Fuel Oil,5881.5,10.78,237136.0,126707.0,88219.0,-437295.0,-4.9569,0.9526,1.1025,32,70.33,-0.2334
RTM,BUS,LNG_Carrier,LNG,8936.6,12.07,962935.0,116599.0,21172.0,-1239380.0,-58.5381,0.8002,1.008,36,48.42,-0.4048
HOU,BUS,Reefer,Pharmaceuticals,11424.5,14.93,326483.0,128532.0,85246.0,-593770.0,-6.9654,0.814,1.0909,43,42.29,-0.1553
LAX,HAM,LNG_Carrier,LPG,9100.3,12.26,979388.0,129198.0,22838.0,-1269712.0,-55.5974,0.9808,1.1088,32,69.86,-0.5948
ANT,CPT,LNG_Carrier,LNG,9566.7,11.37,800579.0,86263.0,26917.0,-1030407.0,-38.2807,0.8963,1.1441,38,36.93,-0.2509
ANT,HAM,Reefer,Frozen Fish,453.6,0.64,17003.0,118113.0,18580.0,-126123.0,-6.7881,0.9206,1.1212,59,78.53,-0.0967
CPT,BUS,Tanker,Fuel Oil,13800.1,24.04,556482.0,71786.0,79804.0,-909057.0,-11.3911,0.7781,1.2209,25,88.49,-0.461
HAM,NYK,Tanker,Chemical,6125.8,10.12,220812.0,146114.0,152739.0,-365958.0,-2.396,0.8129,1.1053,63,64.17,-0.1765
CPT,HOU,LNG_Carrier,LPG,13853.3,17.77,1479689.0,93480.0,16149.0,-1823536.0,-112.9196,0.8475,0.9074,26,51.01,-0.5321
BUS,SGP,Reefer,Perishables,4583.4,6.47,162296.0,85666.0,9094.0,-335938.0,-36.9424,0.9022,0.9333,23,54.38,-0.1464
MUM,SHA,Reefer,Pharmaceuticals,5043.9,7.18,177559.0,95401.0,93143.0,-287547.0,-3.0872,0.92,1.0546,59,38.95,-0.088
HOU,COL,Container_Ship,Auto Parts,15903.9,18.47,1855922.0,86419.0,242359.0,-1977070.0,-8.1576,0.9254,0.97,19,77.36,-0.8228
SAN,LAG,Tanker,Fuel Oil,6362.4,10.23,238329.0,65004.0,77475.0,-379297.0,-4.8957,0.9718,0.9491,62,56.77,-0.1603
NYK,SHA,Container_Ship,Containers,11860.8,14.27,1631230.0,138916.0,98828.0,-1885346.0,-19.077,0.8822,1.0372,34,64.61,-0.7426
NYK,ANT,Tanker,Chemical,5881.5,10.65,209538.0,138069.0,146630.0,-360733.0,-2.4602,0.9314,0.926,70,46.2,-0.1265
LAX,MUM,Tanker,Fuel Oil,14043.2,24.57,531437.0,91169.0,74492.0,-916734.0,-12.3064,0.7573,1.171,70,51.78,-0.27
SAN,CPT,Reefer,Perishables,6297.2,8.09,178350.0,61627.0,8108.0,-353218.0,-43.5659,0.7823,0.9596,66,62.74,-0.1654
RTM,SGP,Tanker,Chemical,10534.9,18.95,400352.0,117285.0,185126.0,-616756.0,-3.3315,0.9968,1.0924,54,73.85,-0.2903
TYO,RTM,Tanker,Crude Oil,9345.2,15.83,299102.0,150559.0,16256.0,-670876.0,-41.2693,0.9437,1.1484,30,57.32,-0.2556
HOU,LAG,Container_Ship,Machinery,10488.9,12.11,1222480.0,98808.0,208421.0,-1294458.0,-6.2108,0.8872,1.2235,19,57.01,-0.4711
SAN,NYK,Container_Ship,Auto Parts,7737.9,8.77,838063.0,99605.0,234645.0,-834619.0,-3.5569,0.9292,0.9353,71,55.38,-0.326
SYD,ANT,Bulk_Carrier,Grain,16725.3,30.74,485936.0,123076.0,37568.0,-1032601.0,-27.486,0.7633,0.9765,59,78.52,-0.426
LAX,SGP,Reefer,Refrigerated Goods,14141.5,18.48,466114.0,103676.0,12037.0,-834953.0,-69.3667,0.8981,0.9307,42,84.42,-0.3997
LAX,HOU,Container_Ship,Containers,2204.4,2.31,243459.0,147687.0,111812.0,-313959.0,-2.8079,0.9032,1.1463,36,36.54,-0.1025
ANT,SGP,LNG_Carrier,LPG,10551.1,13.07,909758.0,99949.0,23568.0,-1182171.0,-50.16,0.9905,1.133,27,89.78,-0.6761
LAG,SYD,Bulk_Carrier,Bauxite,15517.5,27.59,360146.0,91493.0,8022.0,-857491.0,-106.8932,0.909,0.9806,56,57.04,-0.2661
HOU,BUS,Container_Ship,Auto Parts,11424.5,12.19,1441824.0,112773.0,245290.0,-1492089.0,-6.083,0.8187,1.1096,66,67.85,-0.6261
SYD,JEA,Bulk_Carrier,Iron Ore,12058.9,21.37,346552.0,95381.0,19741.0,-742769.0,-37.6254,0.8527,1.1692,70,71.96,-0.3237
HOU,JEA,Container_Ship,Auto Parts,13157.3,14.36,1529006.0,99115.0,277775.0,-1565711.0,-5.6366,0.8569,1.2006,36,85.56,-0.7832
MUM,KHI,Bulk_Carrier,Bauxite,893.2,1.77,27286.0,53905.0,8728.0,-99032.0,-11.3467,0.8278,1.1715,60,30.8,-0.0291
RTM,CPT,Reefer,Refrigerated Goods,9642.1,13.6,284812.0,93069.0,11196.0,-570620.0,-50.967,0.763,1.019,18,40.19,-0.1508
SHA,TYO,LNG_Carrier,LPG,1754.3,2.23,191336.0,143379.0,20424.0,-347787.0,-17.0282,0.975,0.9976,40,57.05,-0.1813
NYK,CPT,Bulk_Carrier,Coal,12566.3,22.2,302839.0,100960.0,20185.0,-716673.0,-35.5057,0.7987,1.0028,65,58.49,-0.2497
BUS,KHI,Container_Ship,Containers,5990.8,7.08,831099.0,69430.0,91798.0,-914982.0,-9.9673,0.8386,1.0136,53,67.01,-0.4633
KHI,COL,Bulk_Carrier,Iron Ore,2418.3,4.84,63727.0,43309.0,19733.0,-159968.0,-8.1065,0.9615,1.0365,58,67.65,-0.0957
MUM,COL,Bulk_Carrier,Grain,1535.0,2.85,43162.0,52399.0,39551.0,-98731.0,-2.4963,0.8672,0.9049,68,57.99,-0.0529
JEA,ANT,Container_Ship,Auto Parts,5160.9,6.03,655832.0,90620.0,308034.0,-528915.0,-1.7171,0.9808,1.1632,20,36.78,-0.1521
MUM,SHA,Bulk_Carrier,Iron Ore,5043.9,10.19,146426.0,93613.0,20553.0,-372300.0,-18.1142,0.8458,1.2273,28,48.04,-0.1406
JEA,COL,Reefer,Pharmaceuticals,3316.6,4.23,90320.0,59467.0,98849.0,-114433.0,-1.1577,0.8507,1.2104,57,50.4,-0.0489
LAX,ANT,Bulk_Carrier,Coal,9036.9,16.08,241212.0,127071.0,18974.0,-590543.0,-31.1241,0.7967,0.9451,52,38.41,-0.1524
MUM,SGP,Container_Ship,Electronics,3906.7,4.4,496080.0,74016.0,276606.0,-359474.0,-1.2996,0.8469,1.0888,49,36.36,-0.1079
NYK,LAG,Tanker,Chemical,8481.1,14.93,309273.0,94892.0,183986.0,-444070.0,-2.4136,0.9471,1.1427,46,39.91,-0.1215
SGP,LAX,Container_Ship,Machinery,14141.5,15.88,1508557.0,116029.0,137041.0,-1725680.0,-12.5925,0.7543,0.9462,35,68.94,-0.6746
SHA,LAX,Tanker,Fuel Oil,10457.0,18.52,383872.0,130839.0,70881.0,-721603.0,-10.1804,0.758,1.1133,41,39.57,-0.1825
JEA,SHA,Reefer,Refrigerated Goods,6458.3,8.1,208534.0,97463.0,15601.0,-411935.0,-26.4051,0.8842,1.2252,30,68.95,-0.2106
HAM,NYK,Reefer,Perishables,6125.8,8.01,169721.0,135746.0,11400.0,-414240.0,-36.336,0.8724,1.2099,71,45.78,-0.1425
SAN,KHI,Bulk_Carrier,Coal,13337.2,26.28,344552.0,62508.0,20208.0,-781095.0,-38.652,0.8038,0.9977,64,64.1,-0.2911
LAG,RTM,LNG_Carrier,LPG,5056.8,6.79,566142.0,82864.0,21925.0,-728960.0,-33.2483,0.8915,1.1711,40,74.1,-0.4243
BUS,LAX,Container_Ship,Electronics,9637.7,10.11,1159945.0,108283.0,228874.0,-1190999.0,-5.2037,0.754,1.0119,19,43.89,-0.3438
SGP,RTM,Container_Ship,Containers,10534.9,11.81,1115965.0,96302.0,96386.0,-1293063.0,-13.4154,0.9572,0.9323,61,46.16,-0.3805
NYK,RTM,Reefer,Frozen Fish,5858.2,8.07,208816.0,125948.0,18124.0,-437665.0,-24.1488,0.8817,1.1419,62,38.12,-0.1267
HAM,JEA,LNG_Carrier,LNG,4892.2,6.36,474075.0,99001.0,25582.0,-642849.0,-25.129,0.9186,1.0609,44,69.26,-0.3522
TYO,ANT,LNG_Carrier,LNG,9411.9,12.31,1064424.0,132696.0,24768.0,-1357001.0,-54.7878,0.943,1.0006,44,88.97,-0.8005
KHI,BUS,Tanker,Crude Oil,5990.8,9.65,207115.0,75406.0,14386.0,-412817.0,-28.6958,0.8273,1.1593,64,46.04,-0.1436
SHA,COL,Bulk_Carrier,Coal,5092.6,9.85,164177.0,82710.0,19355.0,-375222.0,-19.3861,0.7816,0.9827,65,50.48,-0.1486
LAG,MUM,Tanker,Crude Oil,7617.6,13.62,303637.0,65490.0,12480.0,-560882.0,-44.9418,0.8264,1.0068,66,49.38,-0.1962
JEA,SAN,Tanker,Fuel Oil,12181.9,21.18,387821.0,67874.0,76871.0,-696558.0,-9.0614,0.7683,1.1911,59,54.35,-0.2284
KHI,RTM,Reefer,Frozen Fish,5993.9,8.3,205653.0,86706.0,20201.0,-396670.0,-19.6364,0.9586,1.1708,56,73.51,-0.2203
RTM,KHI,Tanker,Chemical,5993.9,10.23,192684.0,83829.0,200329.0,-229698.0,-1.1466,0.9795,1.2031,46,58.46,-0.1014
NYK,SAN,Reefer,Pharmaceuticals,7737.9,9.91,238810.0,100750.0,109467.0,-378796.0,-3.4604,0.9954,1.1455,52,67.87,-0.1813
LAG,LAX,Container_Ship,Containers,12430.0,13.28,1456208.0,99993.0,110331.0,-1645086.0,-14.9104,0.876,1.1662,29,52.96,-0.5214
SGP,COL,LNG_Carrier,LNG,2732.3,3.33,282109.0,63662.0,22042.0,-373725.0,-16.955,0.8296,1.0121,48,45.51,-0.1482
SYD,NYK,Container_Ship,Containers,15985.3,19.1,2004448.0,139300.0,100826.0,-2329490.0,-23.104,0.9049,1.0317,58,62.03,-0.7755
HOU,ANT,Bulk_Carrier,Iron Ore,8102.1,15.69,252724.0,126168.0,17340.0,-596945.0,-34.4264,0.8683,1.0086,43,37.21,-0.1545
TYO,COL,Reefer,Pharmaceuticals,6846.1,8.87,196658.0,103529.0,105323.0,-327873.0,-3.113,0.8872,1.2366,70,72.23,-0.1729
CPT,TYO,LNG_Carrier,LPG,14727.6,18.99,1561371.0,97717.0,15801.0,-1928121.0,-122.0273,0.8097,0.9292,49,38.03,-0.4085
SAN,MUM,LNG_Carrier,LNG,13740.7,17.5,1336017.0,63591.0,24025.0,-1638081.0,-68.1828,0.9465,0.9669,66,60.59,-0.5697
HOU,LAG,Container_Ship,Containers,10488.9,12.06,1238868.0,107314.0,107349.0,-1419799.0,-13.226,0.8155,1.2189,29,53.56,-0.4855
KHI,SYD,Container_Ship,Machinery,11020.1,12.06,1263389.0,78931.0,185008.0,-1338245.0,-7.2334,0.8942,1.0776,45,46.33,-0.3887
TYO,CPT,Reefer,Pharmaceuticals,14727.6,18.53,439183.0,99670.0,86348.0,-730490.0,-8.4599,0.9113,0.987,46,46.41,-0.1889
SHA,LAX,Tanker,Fuel Oil,10457.0,18.27,351624.0,115097.0,69899.0,-670925.0,-9.5985,0.8439,0.9861,66,53.52,-0.2295
LAX,KHI,Tanker,Crude Oil,13476.2,23.08,443368.0,92737.0,13484.0,-868818.0,-64.4327,0.851,1.0563,36,84.12,-0.423
RTM,LAG,Reefer,Refrigerated Goods,5056.8,7.3,189045.0,99627.0,13985.0,-384148.0,-27.4678,0.8501,1.1425,60,81.27,-0.2452
ANT,SHA,Container_Ship,Containers,8980.7,9.85,1137826.0,102036.0,106556.0,-1281068.0,-12.0225,0.9562,1.0318,56,47.08,-0.4062
SAN,ANT,Tanker,Fuel Oil,9716.8,16.51,373864.0,100786.0,102784.0,-619516.0,-6.0274,0.9927,1.2326,22,35.77,-0.1454
COL,JEA,Reefer,Frozen Fish,3316.6,4.43,97283.0,59265.0,13798.0,-209265.0,-15.1658,0.837,0.9158,22,55.51,-0.0985
MUM,SYD,Tanker,Chemical,10150.5,16.51,312192.0,94555.0,142052.0,-512416.0,-3.6073,0.8022,1.0416,45,51.25,-0.1696
CPT,COL,Container_Ship,Auto Parts,7888.4,9.36,942532.0,52232.0,212112.0,-923025.0,-4.3516,0.783,1.0033,25,70.59,-0.457
ANT,HOU,Tanker,Chemical,8102.1,14.59,313179.0,126664.0,160886.0,-497744.0,-3.0938,0.9455,1.001,39,67.35,-0.2332
ANT,MUM,LNG_Carrier,LPG,6885.8,8.33,593200.0,89086.0,17559.0,-789740.0,-44.9752,0.7518,1.1123,30,76.98,-0.4432
SAN,LAX,Container_Ship,Auto Parts,9942.3,10.94,1255840.0,90381.0,232831.0,-1277539.0,-5.487,0.8201,1.0515,27,79.34,-0.6595
NYK,SYD,Reefer,Frozen Fish,15985.3,20.37,457533.0,132810.0,17183.0,-878730.0,-51.1395,0.7818,1.221,55,70.08,-0.3305
SYD,BUS,Tanker,Chemical,8015.7,14.74,324529.0,101768.0,172455.0,-474896.0,-2.7537,0.8426,1.204,59,68.36,-0.2266
SGP,LAG,Reefer,Perishables,11147.2,14.86,312259.0,69986.0,10356.0,-594746.0,-57.428,0.8771,1.0933,28,57.15,-0.2122
SAN,KHI,Container_Ship,Machinery,13337.2,13.88,1439977.0,55027.0,162297.0,-1540864.0,-9.4941,0.7615,1.11,59,60.3,-0.5402
RTM,JEA,LNG_Carrier,LNG,5176.2,6.73,542161.0,95789.0,25304.0,-713553.0,-28.199,0.8883,1.0851,43,57.67,-0.3216
SGP,KHI,Reefer,Refrigerated Goods,4744.0,6.33,155061.0,70861.0,14083.0,-306793.0,-21.7846,0.9224,1.0602,45,50.1,-0.1223
TYO,COL,Container_Ship,Containers,6846.1,7.02,760037.0,112598.0,90337.0,-887609.0,-9.8256,0.8329,1.0042,54,57.39,-0.3719
SGP,CPT,Bulk_Carrier,Bauxite,9665.9,18.41,291669.0,65928.0,8716.0,-624988.0,-71.7025,0.8455,1.1455,34,59.59,-0.2447
NYK,MUM,Tanker,Chemical,12555.7,21.08,487615.0,98193.0,148847.0,-753197.0,-5.0602,0.9152,0.9567,23,55.22,-0.2479
ANT,CPT,Reefer,Perishables,9566.7,13.53,348725.0,81905.0,10166.0,-623439.0,-61.323,0.851,1.1061,34,89.11,-0.3663
SYD,JEA,Bulk_Carrier,Iron Ore,12058.9,22.4,321557.0,105103.0,16428.0,-746281.0,-45.4273,0.8929,0.9292,66,50.29,-0.2273
CPT,LAX,Bulk_Carrier,Grain,16044.7,32.24,505150.0,97705.0,52166.0,-1034246.0,-19.8261,0.9531,1.086,45,55.96,-0.3101
SHA,SYD,Bulk_Carrier,Coal,7881.4,15.95,235212.0,118409.0,30654.0,-562210.0,-18.3405,0.9836,1.2367,67,80.83,-0.3188
RTM,SHA,Container_Ship,Machinery,8927.2,9.18,917910.0,123470.0,185086.0,-994001.0,-5.3705,0.8506,1.1334,52,88.25,-0.5919
NYK,ANT,Reefer,Refrigerated Goods,5881.5,7.36,170418.0,128633.0,13197.0,-396290.0,-30.029,0.8431,1.087,22,31.8,-0.0956
JEA,SGP,Bulk_Carrier,Iron Ore,5858.9,10.97,147524.0,78979.0,17646.0,-373463.0,-21.1647,0.9777,0.9115,65,69.91,-0.1984
HOU,SYD,Reefer,Frozen Fish,13818.5,18.72,490770.0,121674.0,15532.0,-877682.0,-56.5092,0.845,1.0211,44,42.93,-0.2158
LAG,SHA,LNG_Carrier,LPG,12229.8,16.01,1137305.0,92091.0,19377.0,-1450111.0,-74.8362,0.8363,1.1033,48,47.02,-0.4106
SHA,MUM,Bulk_Carrier,Coal,5043.9,9.75,161474.0,89553.0,24766.0,-372513.0,-15.0412,0.8139,1.2075,45,77.71,-0.2275
JEA,ANT,Tanker,Chemical,5160.9,9.61,199150.0,101662.0,204361.0,-240634.0,-1.1775,0.9965,1.2063,57,55.29,-0.104
LAX,NYK,Container_Ship,Machinery,3948.9,4.5,485662.0,149859.0,169570.0,-533481.0,-3.1461,0.795,1.1109,41,74.95,-0.3296
ANT,JEA,Container_Ship,Auto Parts,5160.9,5.52,610351.0,102460.0,261689.0,-533880.0,-2.0401,0.8871,1.0926,62,60.8,-0.2539
COL,MUM,LNG_Carrier,LPG,1535.0,1.98,143009.0,51530.0,18028.0,-206150.0,-11.4352,0.8057,1.0654,41,61.76,-0.1176
KHI,COL,Tanker,Fuel Oil,2418.3,4.48,82041.0,45182.0,76005.0,-118363.0,-1.5573,0.7744,1.1684,43,39.57,-0.0414
LAG,RTM,Tanker,Fuel Oil,5056.8,8.66,179735.0,89290.0,89843.0,-309032.0,-3.4397,0.9848,1.0861,25,74.34,-0.1805
LAG,RTM,Reefer,Pharmaceuticals,5056.8,7.32,187310.0,100222.0,87959.0,-309360.0,-3.5171,0.9021,1.0156,31,65.97,-0.1603
LAX,KHI,Container_Ship,Electronics,13476.2,14.54,1451456.0,90935.0,308308.0,-1452125.0,-4.71,0.8231,1.2486,57,60.78,-0.5109
RTM,LAG,Tanker,Chemical,5056.8,8.69,174063.0,96742.0,125693.0,-275428.0,-2.1913,0.8042,0.9194,54,64.71,-0.14
SAN,COL,Container_Ship,Auto Parts,13986.2,15.2,1614659.0,54977.0,267805.0,-1629821.0,-6.0859,0.9329,1.0632,41,79.55,-0.7387
KHI,LAX,Container_Ship,Electronics,13476.2,14.3,1667664.0,83426.0,263148.0,-1702474.0,-6.4696,0.9668,0.9073,24,80.12,-0.7895
HOU,LAX,Tanker,Fuel Oil,2204.4,3.76,87712.0,138571.0,80547.0,-202176.0,-2.51,0.8376,1.1449,31,70.57,-0.1275
LAX,HOU,Reefer,Pharmaceuticals,2204.4,2.86,66849.0,128185.0,70648.0,-167320.0,-2.3683,0.7677,0.9587,62,74.32,-0.1111
RTM,ANT,Container_Ship,Electronics,78.1,0.08,9569.0,127022.0,341348.0,203558.0,0.5963,0.9618,1.183,41,36.97,0.0749
MUM,BUS,Reefer,Pharmaceuticals,5775.4,7.36,179107.0,82968.0,92793.0,-279662.0,-3.0138,0.9241,1.046,58,60.45,-0.1289
BUS,RTM,Tanker,Fuel Oil,8936.6,16.85,328898.0,108414.0,68312.0,-621712.0,-9.101,0.7541,1.0784,47,48.01,-0.2013
JEA,MUM,Bulk_Carrier,Grain,1954.2,3.83,59125.0,72561.0,48886.0,-140319.0,-2.8703,0.9164,1.0584,57,63.36,-0.0804
SHA,CPT,Bulk_Carrier,Grain,12978.3,24.71,350515.0,80361.0,57735.0,-743857.0,-12.884,0.9986,1.1471,63,34.23,-0.1497
SHA,KHI,Bulk_Carrier,Bauxite,5340.0,9.95,154936.0,80110.0,9015.0,-375264.0,-41.627,0.954,1.0499,53,32.19,-0.0938
BUS,COL,LNG_Carrier,LNG,5911.7,7.44,615962.0,69221.0,25456.0,-771325.0,-30.3004,0.8264,1.1735,71,56.09,-0.328
MUM,SYD,Tanker,Crude Oil,10150.5,18.89,439010.0,83250.0,14258.0,-791395.0,-55.5035,0.7683,1.2372,25,39.69,-0.2029
SGP,BUS,Bulk_Carrier,Coal,4583.4,8.03,123549.0,90039.0,29215.0,-304801.0,-10.4329,0.9687,1.1968,23,45.84,-0.112
SHA,NYK,LNG_Carrier,LPG,11860.8,14.64,1191287.0,130581.0,20051.0,-1521343.0,-75.8736,0.9274,1.0296,21,32.5,-0.3014
COL,LAG,LNG_Carrier,LNG,8435.8,11.51,950825.0,56972.0,29115.0,-1151261.0,-39.5421,0.9869,1.1239,38,40.09,-0.3171
SYD,COL,Container_Ship,Machinery,8748.1,9.41,955730.0,84430.0,167548.0,-1013695.0,-6.0502,0.8822,0.9892,30,45.05,-0.3102
LAG,SGP,Reefer,Frozen Fish,11147.2,15.72,339527.0,81625.0,14952.0,-642016.0,-42.9382,0.8773,0.9469,33,55.95,-0.2242
TYO,SAN,Bulk_Carrier,Grain,18591.0,34.6,477072.0,108102.0,43373.0,-1060865.0,-24.4592,0.9164,0.939,61,88.87,-0.4705
SGP,MUM,Tanker,Crude Oil,3906.7,7.08,143309.0,84557.0,12245.0,-321788.0,-26.2784,0.8879,0.9194,53,46.09,-0.1225
SAN,NYK,Bulk_Carrier,Bauxite,7737.9,13.39,210645.0,116569.0,9114.0,-518997.0,-56.9455,0.9642,1.0502,41,75.07,-0.2748
MUM,HAM,Tanker,Fuel Oil,6551.7,11.44,237398.0,89310.0,89551.0,-408784.0,-4.5648,0.8576,1.2431,56,73.1,-0.2207
SGP,RTM,Bulk_Carrier,Grain,10534.9,20.6,292153.0,103607.0,39437.0,-665377.0,-16.8717,0.8022,0.9755,67,38.33,-0.1626
KHI,HAM,Reefer,Perishables,5660.0,7.71,203591.0,86562.0,10183.0,-395685.0,-38.8584,0.9982,0.9446,64,85.64,-0.2596
SHA,SGP,Reefer,Perishables,3810.3,4.99,132713.0,97352.0,9041.0,-295941.0,-32.7329,0.7799,1.0734,46,39.15,-0.0961
CPT,ANT,Bulk_Carrier,Coal,9566.7,19.21,263757.0,77516.0,28718.0,-600713.0,-20.9175,0.9261,1.2306,37,55.42,-0.2195
LAX,LAG,Reefer,Refrigerated Goods,12430.0,15.76,371369.0,88064.0,12870.0,-682896.0,-53.0595,0.9389,0.952,71,33.22,-0.1357
JEA,RTM,Reefer,Pharmaceuticals,5176.2,6.83,180544.0,94744.0,78803.0,-298885.0,-3.7928,0.8306,0.9883,37,85.25,-0.1991
NYK,SYD,Bulk_Carrier,Iron Ore,15985.3,30.78,450730.0,130176.0,20828.0,-1021776.0,-49.0567,0.87,1.2091,70,71.02,-0.3895
BUS,HAM,Tanker,Crude Oil,8550.1,15.66,362953.0,116776.0,13301.0,-701331.0,-52.7278,0.8226,1.078,38,42.61,-0.2045
HOU,SGP,Reefer,Frozen Fish,16004.8,23.11,592114.0,123538.0,15990.0,-1046352.0,-65.4377,0.7549,1.1768,68,83.03,-0.466
CPT,HAM,Tanker,Crude Oil,9764.5,18.01,409591.0,79270.0,12927.0,-746024.0,-57.712,0.857,1.0056,66,88.2,-0.4308
HAM,RTM,Container_Ship,Electronics,406.5,0.44,43998.0,131353.0,242776.0,60767.0,0.2503,0.8688,0.9314,54,72.3,0.043
SGP,TYO,Reefer,Pharmaceuticals,5314.4,7.63,175278.0,118950.0,85428.0,-323210.0,-3.7834,0.9589,0.928,63,85.76,-0.2154
LAX,HOU,Bulk_Carrier,Bauxite,2204.4,4.43,71573.0,143703.0,8214.0,-273543.0,-33.3027,0.7784,1.1724,61,39.53,-0.0966
NYK,HAM,Tanker,Crude Oil,6125.8,10.97,231966.0,130465.0,10979.0,-516028.0,-46.9994,0.7715,0.9488,32,47.95,-0.1859
TYO,COL,LNG_Carrier,LPG,6846.1,8.51,681691.0,103984.0,18166.0,-895177.0,-49.2774,0.938,0.9222,31,31.83,-0.208
RTM,SGP,Container_Ship,Machinery,10534.9,11.85,1301171.0,114562.0,139038.0,-1454396.0,-10.4604,0.7663,0.945,60,40.78,-0.378
MUM,HOU,Bulk_Carrier,Bauxite,14456.2,25.07,384819.0,108057.0,7627.0,-861283.0,-112.9247,0.8775,0.9657,65,72.07,-0.3486
HAM,TYO,Bulk_Carrier,Coal,8979.6,16.17,221458.0,151533.0,23925.0,-591630.0,-24.728,0.8594,1.1047,49,83.52,-0.3328
SHA,LAG,Container_Ship,Containers,12229.8,13.95,1323494.0,88510.0,81731.0,-1539567.0,-18.8371,0.7931,0.9541,50,43.43,-0.4027
RTM,HOU,Tanker,Chemical,8072.0,13.45,273934.0,118811.0,149446.0,-445019.0,-2.9778,0.8482,1.0364,51,31.61,-0.098
HAM,JEA,Bulk_Carrier,Grain,4892.2,9.6,125488.0,95716.0,41312.0,-323932.0,-7.8412,0.8636,0.9491,19,53.55,-0.1372
BUS,KHI,Reefer,Frozen Fish,5990.8,8.73,212319.0,68124.0,17560.0,-393843.0,-22.4281,0.9597,1.0165,40,71.14,-0.2117
